[INFO] Scanning for projects...
[INFO] 
[INFO] ------------------< com.framework:selenium-cucumber >-------------------
[INFO] Building selenium-cucumber 1.0-SNAPSHOT
[INFO]   from pom.xml
[INFO] --------------------------------[ jar ]---------------------------------
Downloading from central: https://repo.maven.apache.org/maven2/org/apache/maven/plugins/maven-resources-plugin/3.3.1/maven-resources-plugin-3.3.1.pom
Progress (1): 767 B
Progress (1): 1.8 kB
Progress (1): 3.8 kB
Progress (1): 6.9 kB
Progress (1): 8.2 kB
                    
Downloaded from central: https://repo.maven.apache.org/maven2/org/apache/maven/plugins/maven-resources-plugin/3.3.1/maven-resources-plugin-3.3.1.pom (8.2 kB at 24 kB/s)
Downloading from central: https://repo.maven.apache.org/maven2/org/apache/maven/plugins/maven-plugins/39/maven-plugins-39.pom
Progress (1): 773 B
Progress (1): 1.8 kB
Progress (1): 4.2 kB
Progress (1): 6.6 kB
Progress (1): 8.1 kB
                    
Downloaded from central: https://repo.maven.apache.org/maven2/org/apache/maven/plugins/maven-plugins/39/maven-plugins-39.pom (8.1 kB at 225 kB/s)
Downloading from central: https://repo.maven.apache.org/maven2/org/apache/maven/maven-parent/39/maven-parent-39.pom
Progress (1): 807 B
Progress (1): 1.8 kB
Progress (1): 4.0 kB
Progress (1): 8.5 kB
Progress (1): 11 kB 
Progress (1): 16 kB
Progress (1): 21 kB
Progress (1): 23 kB
Progress (1): 27 kB
Progress (1): 28 kB
Progress (1): 30 kB
Progress (1): 33 kB
Progress (1): 36 kB
Progress (1): 38 kB
Progress (1): 41 kB
Progress (1): 46 kB
Progress (1): 48 kB
                   
Downloaded from central: https://repo.maven.apache.org/maven2/org/apache/maven/maven-parent/39/maven-parent-39.pom (48 kB at 1.1 MB/s)
Downloading from central: https://repo.maven.apache.org/maven2/org/apache/apache/29/apache-29.pom
Progress (1): 741 B
Progress (1): 1.6 kB
Progress (1): 3.4 kB
Progress (1): 5.5 kB
Progress (1): 8.9 kB
Progress (1): 14 kB 
Progress (1): 17 kB
Progress (1): 19 kB
Progress (1): 21 kB
                   
Downloaded from central: https://repo.maven.apache.org/maven2/org/apache/apache/29/apache-29.pom (21 kB at 560 kB/s)
Downloading from central: https://repo.maven.apache.org/maven2/org/apache/maven/plugins/maven-resources-plugin/3.3.1/maven-resources-plugin-3.3.1.jar
Progress (1): 0.9/31 kB
Progress (1): 2.3/31 kB
Progress (1): 3.6/31 kB
Progress (1): 5.0/31 kB
Progress (1): 6.4/31 kB
Progress (1): 7.7/31 kB
Progress (1): 9.1/31 kB
Progress (1): 10/31 kB 
Progress (1): 12/31 kB
Progress (1): 13/31 kB
Progress (1): 15/31 kB
Progress (1): 16/31 kB
Progress (1): 17/31 kB
Progress (1): 19/31 kB
Progress (1): 20/31 kB
Progress (1): 21/31 kB
Progress (1): 23/31 kB
Progress (1): 24/31 kB
Progress (1): 25/31 kB
Progress (1): 27/31 kB
Progress (1): 28/31 kB
Progress (1): 30/31 kB
Progress (1): 31 kB   
                   
Downloaded from central: https://repo.maven.apache.org/maven2/org/apache/maven/plugins/maven-resources-plugin/3.3.1/maven-resources-plugin-3.3.1.jar (31 kB at 737 kB/s)
Downloading from central: https://repo.maven.apache.org/maven2/org/apache/maven/plugins/maven-compiler-plugin/3.13.0/maven-compiler-plugin-3.13.0.pom
Progress (1): 762 B
Progress (1): 2.2 kB
Progress (1): 5.0 kB
Progress (1): 8.5 kB
Progress (1): 10 kB 
                   
Downloaded from central: https://repo.maven.apache.org/maven2/org/apache/maven/plugins/maven-compiler-plugin/3.13.0/maven-compiler-plugin-3.13.0.pom (10 kB at 326 kB/s)
Downloading from central: https://repo.maven.apache.org/maven2/org/apache/maven/plugins/maven-plugins/41/maven-plugins-41.pom
Progress (1): 773 B
Progress (1): 2.4 kB
Progress (1): 4.9 kB
Progress (1): 7.4 kB
                    
Downloaded from central: https://repo.maven.apache.org/maven2/org/apache/maven/plugins/maven-plugins/41/maven-plugins-41.pom (7.4 kB at 245 kB/s)
Downloading from central: https://repo.maven.apache.org/maven2/org/apache/maven/maven-parent/41/maven-parent-41.pom
Progress (1): 724 B
Progress (1): 1.9 kB
Progress (1): 5.5 kB
Progress (1): 9.9 kB
Progress (1): 14 kB 
Progress (1): 19 kB
Progress (1): 23 kB
Progress (1): 25 kB
Progress (1): 27 kB
Progress (1): 29 kB
Progress (1): 32 kB
Progress (1): 36 kB
Progress (1): 38 kB
Progress (1): 41 kB
Progress (1): 44 kB
Progress (1): 50 kB
Progress (1): 50 kB
                   
Downloaded from central: https://repo.maven.apache.org/maven2/org/apache/maven/maven-parent/41/maven-parent-41.pom (50 kB at 1.3 MB/s)
Downloading from central: https://repo.maven.apache.org/maven2/org/apache/apache/31/apache-31.pom
Progress (1): 739 B
Progress (1): 2.1 kB
Progress (1): 3.9 kB
Progress (1): 6.2 kB
Progress (1): 11 kB 
Progress (1): 16 kB
Progress (1): 20 kB
Progress (1): 21 kB
Progress (1): 23 kB
Progress (1): 24 kB
                   
Downloaded from central: https://repo.maven.apache.org/maven2/org/apache/apache/31/apache-31.pom (24 kB at 692 kB/s)
Downloading from central: https://repo.maven.apache.org/maven2/org/apache/maven/plugins/maven-compiler-plugin/3.13.0/maven-compiler-plugin-3.13.0.jar
Progress (1): 3.8/83 kB
Progress (1): 8.0/83 kB
Progress (1): 12/83 kB 
Progress (1): 16/83 kB
Progress (1): 21/83 kB
Progress (1): 25/83 kB
Progress (1): 29/83 kB
Progress (1): 33/83 kB
Progress (1): 37/83 kB
Progress (1): 41/83 kB
Progress (1): 46/83 kB
Progress (1): 50/83 kB
Progress (1): 54/83 kB
Progress (1): 58/83 kB
Progress (1): 63/83 kB
Progress (1): 67/83 kB
Progress (1): 71/83 kB
Progress (1): 75/83 kB
Progress (1): 80/83 kB
Progress (1): 83 kB   
                   
Downloaded from central: https://repo.maven.apache.org/maven2/org/apache/maven/plugins/maven-compiler-plugin/3.13.0/maven-compiler-plugin-3.13.0.jar (83 kB at 2.3 MB/s)
Downloading from central: https://repo.maven.apache.org/maven2/org/apache/maven/plugins/maven-surefire-plugin/3.2.5/maven-surefire-plugin-3.2.5.pom
Progress (1): 834 B
Progress (1): 2.7 kB
Progress (1): 5.3 kB
                    
Downloaded from central: https://repo.maven.apache.org/maven2/org/apache/maven/plugins/maven-surefire-plugin/3.2.5/maven-surefire-plugin-3.2.5.pom (5.3 kB at 172 kB/s)
Downloading from central: https://repo.maven.apache.org/maven2/org/apache/maven/surefire/surefire/3.2.5/surefire-3.2.5.pom
Progress (1): 787 B
Progress (1): 2.4 kB
Progress (1): 4.1 kB
Progress (1): 7.9 kB
Progress (1): 12 kB 
Progress (1): 14 kB
Progress (1): 17 kB
Progress (1): 18 kB
Progress (1): 20 kB
Progress (1): 22 kB
                   
Downloaded from central: https://repo.maven.apache.org/maven2/org/apache/maven/surefire/surefire/3.2.5/surefire-3.2.5.pom (22 kB at 563 kB/s)
Downloading from central: https://repo.maven.apache.org/maven2/org/junit/junit-bom/5.9.3/junit-bom-5.9.3.pom
Progress (1): 907 B
Progress (1): 4.1 kB
Progress (1): 5.6 kB
                    
Downloaded from central: https://repo.maven.apache.org/maven2/org/junit/junit-bom/5.9.3/junit-bom-5.9.3.pom (5.6 kB at 176 kB/s)
Downloading from central: https://repo.maven.apache.org/maven2/org/apache/maven/plugins/maven-surefire-plugin/3.2.5/maven-surefire-plugin-3.2.5.jar
Progress (1): 3.2/45 kB
Progress (1): 7.4/45 kB
Progress (1): 12/45 kB 
Progress (1): 28/45 kB
Progress (1): 44/45 kB
Progress (1): 45 kB   
                   
Downloaded from central: https://repo.maven.apache.org/maven2/org/apache/maven/plugins/maven-surefire-plugin/3.2.5/maven-surefire-plugin-3.2.5.jar (45 kB at 1.4 MB/s)
Downloading from central: https://repo.maven.apache.org/maven2/org/seleniumhq/selenium/selenium-java/4.20.0/selenium-java-4.20.0.pom
Progress (1): 1.1 kB
Progress (1): 4.4 kB
                    
Downloaded from central: https://repo.maven.apache.org/maven2/org/seleniumhq/selenium/selenium-java/4.20.0/selenium-java-4.20.0.pom (4.4 kB at 138 kB/s)
Downloading from central: https://repo.maven.apache.org/maven2/org/seleniumhq/selenium/selenium-api/4.20.0/selenium-api-4.20.0.pom
Progress (1): 1.1 kB
Progress (1): 2.1 kB
                    
Downloaded from central: https://repo.maven.apache.org/maven2/org/seleniumhq/selenium/selenium-api/4.20.0/selenium-api-4.20.0.pom (2.1 kB at 69 kB/s)
Downloading from central: https://repo.maven.apache.org/maven2/org/seleniumhq/selenium/selenium-chrome-driver/4.20.0/selenium-chrome-driver-4.20.0.pom
Progress (1): 1.1 kB
Progress (1): 3.3 kB
                    
Downloaded from central: https://repo.maven.apache.org/maven2/org/seleniumhq/selenium/selenium-chrome-driver/4.20.0/selenium-chrome-driver-4.20.0.pom (3.3 kB at 108 kB/s)
Downloading from central: https://repo.maven.apache.org/maven2/com/google/auto/service/auto-service-annotations/1.1.1/auto-service-annotations-1.1.1.pom
Progress (1): 832 B
Progress (1): 2.3 kB
                    
Downloaded from central: https://repo.maven.apache.org/maven2/com/google/auto/service/auto-service-annotations/1.1.1/auto-service-annotations-1.1.1.pom (2.3 kB at 69 kB/s)
Downloading from central: https://repo.maven.apache.org/maven2/com/google/auto/service/auto-service-aggregator/1.1.1/auto-service-aggregator-1.1.1.pom
Progress (1): 813 B
Progress (1): 2.4 kB
Progress (1): 4.3 kB
                    
Downloaded from central: https://repo.maven.apache.org/maven2/com/google/auto/service/auto-service-aggregator/1.1.1/auto-service-aggregator-1.1.1.pom (4.3 kB at 137 kB/s)
Downloading from central: https://repo.maven.apache.org/maven2/org/sonatype/oss/oss-parent/7/oss-parent-7.pom
Progress (1): 848 B
Progress (1): 2.5 kB
Progress (1): 4.8 kB
                    
Downloaded from central: https://repo.maven.apache.org/maven2/org/sonatype/oss/oss-parent/7/oss-parent-7.pom (4.8 kB at 166 kB/s)
Downloading from central: https://repo.maven.apache.org/maven2/org/seleniumhq/selenium/selenium-chromium-driver/4.20.0/selenium-chromium-driver-4.20.0.pom
Progress (1): 1.1 kB
Progress (1): 2.7 kB
                    
Downloaded from central: https://repo.maven.apache.org/maven2/org/seleniumhq/selenium/selenium-chromium-driver/4.20.0/selenium-chromium-driver-4.20.0.pom (2.7 kB at 72 kB/s)
Downloading from central: https://repo.maven.apache.org/maven2/org/seleniumhq/selenium/selenium-json/4.20.0/selenium-json-4.20.0.pom
Progress (1): 1.1 kB
Progress (1): 2.3 kB
                    
Downloaded from central: https://repo.maven.apache.org/maven2/org/seleniumhq/selenium/selenium-json/4.20.0/selenium-json-4.20.0.pom (2.3 kB at 73 kB/s)
Downloading from central: https://repo.maven.apache.org/maven2/org/seleniumhq/selenium/selenium-remote-driver/4.20.0/selenium-remote-driver-4.20.0.pom
Progress (1): 1.1 kB
Progress (1): 5.3 kB
                    
Downloaded from central: https://repo.maven.apache.org/maven2/org/seleniumhq/selenium/selenium-remote-driver/4.20.0/selenium-remote-driver-4.20.0.pom (5.3 kB at 172 kB/s)
Downloading from central: https://repo.maven.apache.org/maven2/com/google/guava/guava/33.1.0-jre/guava-33.1.0-jre.pom
Progress (1): 953 B
Progress (1): 2.9 kB
Progress (1): 4.8 kB
Progress (1): 6.4 kB
Progress (1): 9.1 kB
                    
Downloaded from central: https://repo.maven.apache.org/maven2/com/google/guava/guava/33.1.0-jre/guava-33.1.0-jre.pom (9.1 kB at 275 kB/s)
Downloading from central: https://repo.maven.apache.org/maven2/com/google/guava/guava-parent/33.1.0-jre/guava-parent-33.1.0-jre.pom
Progress (1): 901 B
Progress (1): 2.5 kB
Progress (1): 4.7 kB
Progress (1): 6.7 kB
Progress (1): 9.4 kB
Progress (1): 11 kB 
Progress (1): 13 kB
Progress (1): 15 kB
Progress (1): 17 kB
Progress (1): 19 kB
Progress (1): 19 kB
                   
Downloaded from central: https://repo.maven.apache.org/maven2/com/google/guava/guava-parent/33.1.0-jre/guava-parent-33.1.0-jre.pom (19 kB at 670 kB/s)
Downloading from central: https://repo.maven.apache.org/maven2/com/google/guava/failureaccess/1.0.2/failureaccess-1.0.2.pom
Progress (1): 975 B
Progress (1): 3.3 kB
                    
Downloaded from central: https://repo.maven.apache.org/maven2/com/google/guava/failureaccess/1.0.2/failureaccess-1.0.2.pom (3.3 kB at 104 kB/s)
Downloading from central: https://repo.maven.apache.org/maven2/com/google/guava/guava-parent/26.0-android/guava-parent-26.0-android.pom
Progress (1): 1.0 kB
Progress (1): 2.9 kB
Progress (1): 5.5 kB
Progress (1): 7.3 kB
Progress (1): 10 kB 
                   
Downloaded from central: https://repo.maven.apache.org/maven2/com/google/guava/guava-parent/26.0-android/guava-parent-26.0-android.pom (10 kB at 231 kB/s)
Downloading from central: https://repo.maven.apache.org/maven2/org/sonatype/oss/oss-parent/9/oss-parent-9.pom
Progress (1): 838 B
Progress (1): 2.7 kB
Progress (1): 6.5 kB
Progress (1): 6.6 kB
                    
Downloaded from central: https://repo.maven.apache.org/maven2/org/sonatype/oss/oss-parent/9/oss-parent-9.pom (6.6 kB at 243 kB/s)
Downloading from central: https://repo.maven.apache.org/maven2/com/google/guava/listenablefuture/9999.0-empty-to-avoid-conflict-with-guava/listenablefuture-9999.0-empty-to-avoid-conflict-with-guava.pom
Progress (1): 1.0 kB
Progress (1): 2.3 kB
                    
Downloaded from central: https://repo.maven.apache.org/maven2/com/google/guava/listenablefuture/9999.0-empty-to-avoid-conflict-with-guava/listenablefuture-9999.0-empty-to-avoid-conflict-with-guava.pom (2.3 kB at 60 kB/s)
Downloading from central: https://repo.maven.apache.org/maven2/com/google/code/findbugs/jsr305/3.0.2/jsr305-3.0.2.pom
Progress (1): 1.0 kB
Progress (1): 3.7 kB
Progress (1): 4.3 kB
                    
Downloaded from central: https://repo.maven.apache.org/maven2/com/google/code/findbugs/jsr305/3.0.2/jsr305-3.0.2.pom (4.3 kB at 134 kB/s)
Downloading from central: https://repo.maven.apache.org/maven2/org/checkerframework/checker-qual/3.42.0/checker-qual-3.42.0.pom
Progress (1): 940 B
Progress (1): 2.1 kB
                    
Downloaded from central: https://repo.maven.apache.org/maven2/org/checkerframework/checker-qual/3.42.0/checker-qual-3.42.0.pom (2.1 kB at 72 kB/s)
Downloading from central: https://repo.maven.apache.org/maven2/com/google/errorprone/error_prone_annotations/2.26.1/error_prone_annotations-2.26.1.pom
Progress (1): 759 B
Progress (1): 2.7 kB
Progress (1): 4.3 kB
                    
Downloaded from central: https://repo.maven.apache.org/maven2/com/google/errorprone/error_prone_annotations/2.26.1/error_prone_annotations-2.26.1.pom (4.3 kB at 133 kB/s)
Downloading from central: https://repo.maven.apache.org/maven2/com/google/errorprone/error_prone_parent/2.26.1/error_prone_parent-2.26.1.pom
Progress (1): 719 B
Progress (1): 2.1 kB
Progress (1): 4.1 kB
Progress (1): 6.5 kB
Progress (1): 11 kB 
Progress (1): 13 kB
                   
Downloaded from central: https://repo.maven.apache.org/maven2/com/google/errorprone/error_prone_parent/2.26.1/error_prone_parent-2.26.1.pom (13 kB at 398 kB/s)
Downloading from central: https://repo.maven.apache.org/maven2/com/google/j2objc/j2objc-annotations/3.0.0/j2objc-annotations-3.0.0.pom
Progress (1): 827 B
Progress (1): 2.5 kB
Progress (1): 5.1 kB
                    
Downloaded from central: https://repo.maven.apache.org/maven2/com/google/j2objc/j2objc-annotations/3.0.0/j2objc-annotations-3.0.0.pom (5.1 kB at 130 kB/s)
Downloading from central: https://repo.maven.apache.org/maven2/io/opentelemetry/semconv/opentelemetry-semconv/1.25.0-alpha/opentelemetry-semconv-1.25.0-alpha.pom
Progress (1): 1.0 kB
Progress (1): 1.7 kB
                    
Downloaded from central: https://repo.maven.apache.org/maven2/io/opentelemetry/semconv/opentelemetry-semconv/1.25.0-alpha/opentelemetry-semconv-1.25.0-alpha.pom (1.7 kB at 39 kB/s)
Downloading from central: https://repo.maven.apache.org/maven2/io/opentelemetry/opentelemetry-api/1.37.0/opentelemetry-api-1.37.0.pom
Progress (1): 1.0 kB
Progress (1): 1.8 kB
                    
Downloaded from central: https://repo.maven.apache.org/maven2/io/opentelemetry/opentelemetry-api/1.37.0/opentelemetry-api-1.37.0.pom (1.8 kB at 54 kB/s)
Downloading from central: https://repo.maven.apache.org/maven2/io/opentelemetry/opentelemetry-context/1.37.0/opentelemetry-context-1.37.0.pom
Progress (1): 989 B
Progress (1): 1.6 kB
                    
Downloaded from central: https://repo.maven.apache.org/maven2/io/opentelemetry/opentelemetry-context/1.37.0/opentelemetry-context-1.37.0.pom (1.6 kB at 46 kB/s)
Downloading from central: https://repo.maven.apache.org/maven2/io/opentelemetry/opentelemetry-exporter-logging/1.37.0/opentelemetry-exporter-logging-1.37.0.pom
Progress (1): 995 B
Progress (1): 2.0 kB
                    
Downloaded from central: https://repo.maven.apache.org/maven2/io/opentelemetry/opentelemetry-exporter-logging/1.37.0/opentelemetry-exporter-logging-1.37.0.pom (2.0 kB at 65 kB/s)
Downloading from central: https://repo.maven.apache.org/maven2/io/opentelemetry/opentelemetry-sdk/1.37.0/opentelemetry-sdk-1.37.0.pom
Progress (1): 994 B
Progress (1): 2.5 kB
                    
Downloaded from central: https://repo.maven.apache.org/maven2/io/opentelemetry/opentelemetry-sdk/1.37.0/opentelemetry-sdk-1.37.0.pom (2.5 kB at 82 kB/s)
Downloading from central: https://repo.maven.apache.org/maven2/io/opentelemetry/opentelemetry-sdk-common/1.37.0/opentelemetry-sdk-common-1.37.0.pom
Progress (1): 1.0 kB
Progress (1): 1.8 kB
                    
Downloaded from central: https://repo.maven.apache.org/maven2/io/opentelemetry/opentelemetry-sdk-common/1.37.0/opentelemetry-sdk-common-1.37.0.pom (1.8 kB at 56 kB/s)
Downloading from central: https://repo.maven.apache.org/maven2/io/opentelemetry/opentelemetry-sdk-trace/1.37.0/opentelemetry-sdk-trace-1.37.0.pom
Progress (1): 978 B
Progress (1): 2.0 kB
                    
Downloaded from central: https://repo.maven.apache.org/maven2/io/opentelemetry/opentelemetry-sdk-trace/1.37.0/opentelemetry-sdk-trace-1.37.0.pom (2.0 kB at 69 kB/s)
Downloading from central: https://repo.maven.apache.org/maven2/io/opentelemetry/opentelemetry-sdk-metrics/1.37.0/opentelemetry-sdk-metrics-1.37.0.pom
Progress (1): 989 B
Progress (1): 2.2 kB
                    
Downloaded from central: https://repo.maven.apache.org/maven2/io/opentelemetry/opentelemetry-sdk-metrics/1.37.0/opentelemetry-sdk-metrics-1.37.0.pom (2.2 kB at 71 kB/s)
Downloading from central: https://repo.maven.apache.org/maven2/io/opentelemetry/opentelemetry-api-incubator/1.37.0-alpha/opentelemetry-api-incubator-1.37.0-alpha.pom
Progress (1): 986 B
Progress (1): 1.8 kB
                    
Downloaded from central: https://repo.maven.apache.org/maven2/io/opentelemetry/opentelemetry-api-incubator/1.37.0-alpha/opentelemetry-api-incubator-1.37.0-alpha.pom (1.8 kB at 56 kB/s)
Downloading from central: https://repo.maven.apache.org/maven2/io/opentelemetry/opentelemetry-sdk-logs/1.37.0/opentelemetry-sdk-logs-1.37.0.pom
Progress (1): 982 B
Progress (1): 2.2 kB
                    
Downloaded from central: https://repo.maven.apache.org/maven2/io/opentelemetry/opentelemetry-sdk-logs/1.37.0/opentelemetry-sdk-logs-1.37.0.pom (2.2 kB at 75 kB/s)
Downloading from central: https://repo.maven.apache.org/maven2/io/opentelemetry/opentelemetry-sdk-extension-autoconfigure-spi/1.37.0/opentelemetry-sdk-extension-autoconfigure-spi-1.37.0.pom
Progress (1): 977 B
Progress (1): 1.8 kB
                    
Downloaded from central: https://repo.maven.apache.org/maven2/io/opentelemetry/opentelemetry-sdk-extension-autoconfigure-spi/1.37.0/opentelemetry-sdk-extension-autoconfigure-spi-1.37.0.pom (1.8 kB at 47 kB/s)
Downloading from central: https://repo.maven.apache.org/maven2/io/opentelemetry/opentelemetry-sdk-extension-autoconfigure/1.37.0/opentelemetry-sdk-extension-autoconfigure-1.37.0.pom
Progress (1): 975 B
Progress (1): 2.2 kB
                    
Downloaded from central: https://repo.maven.apache.org/maven2/io/opentelemetry/opentelemetry-sdk-extension-autoconfigure/1.37.0/opentelemetry-sdk-extension-autoconfigure-1.37.0.pom (2.2 kB at 62 kB/s)
Downloading from central: https://repo.maven.apache.org/maven2/net/bytebuddy/byte-buddy/1.14.14/byte-buddy-1.14.14.pom
Progress (1): 973 B
Progress (1): 3.7 kB
Progress (1): 7.0 kB
Progress (1): 14 kB 
Progress (1): 16 kB
                   
Downloaded from central: https://repo.maven.apache.org/maven2/net/bytebuddy/byte-buddy/1.14.14/byte-buddy-1.14.14.pom (16 kB at 497 kB/s)
Downloading from central: https://repo.maven.apache.org/maven2/net/bytebuddy/byte-buddy-parent/1.14.14/byte-buddy-parent-1.14.14.pom
Progress (1): 834 B
Progress (1): 2.1 kB
Progress (1): 3.7 kB
Progress (1): 6.2 kB
Progress (1): 8.1 kB
Progress (1): 11 kB 
Progress (1): 13 kB
Progress (1): 17 kB
Progress (1): 22 kB
Progress (1): 25 kB
Progress (1): 36 kB
Progress (1): 47 kB
Progress (1): 52 kB
Progress (1): 57 kB
Progress (1): 62 kB
                   
Downloaded from central: https://repo.maven.apache.org/maven2/net/bytebuddy/byte-buddy-parent/1.14.14/byte-buddy-parent-1.14.14.pom (62 kB at 1.9 MB/s)
Downloading from central: https://repo.maven.apache.org/maven2/org/seleniumhq/selenium/selenium-http/4.20.0/selenium-http-4.20.0.pom
Progress (1): 1.1 kB
Progress (1): 2.8 kB
                    
Downloaded from central: https://repo.maven.apache.org/maven2/org/seleniumhq/selenium/selenium-http/4.20.0/selenium-http-4.20.0.pom (2.8 kB at 91 kB/s)
Downloading from central: https://repo.maven.apache.org/maven2/dev/failsafe/failsafe/3.3.2/failsafe-3.3.2.pom
Progress (1): 1.0 kB
                    
Downloaded from central: https://repo.maven.apache.org/maven2/dev/failsafe/failsafe/3.3.2/failsafe-3.3.2.pom (1.0 kB at 32 kB/s)
Downloading from central: https://repo.maven.apache.org/maven2/dev/failsafe/failsafe-parent/3.3.2/failsafe-parent-3.3.2.pom
Progress (1): 1.1 kB
Progress (1): 3.4 kB
Progress (1): 5.8 kB
Progress (1): 8.8 kB
Progress (1): 9.2 kB
                    
Downloaded from central: https://repo.maven.apache.org/maven2/dev/failsafe/failsafe-parent/3.3.2/failsafe-parent-3.3.2.pom (9.2 kB at 316 kB/s)
Downloading from central: https://repo.maven.apache.org/maven2/org/seleniumhq/selenium/selenium-manager/4.20.0/selenium-manager-4.20.0.pom
Progress (1): 1.1 kB
Progress (1): 2.6 kB
                    
Downloaded from central: https://repo.maven.apache.org/maven2/org/seleniumhq/selenium/selenium-manager/4.20.0/selenium-manager-4.20.0.pom (2.6 kB at 94 kB/s)
Downloading from central: https://repo.maven.apache.org/maven2/org/seleniumhq/selenium/selenium-os/4.20.0/selenium-os-4.20.0.pom
Progress (1): 1.1 kB
Progress (1): 2.4 kB
                    
Downloaded from central: https://repo.maven.apache.org/maven2/org/seleniumhq/selenium/selenium-os/4.20.0/selenium-os-4.20.0.pom (2.4 kB at 87 kB/s)
Downloading from central: https://repo.maven.apache.org/maven2/org/apache/commons/commons-exec/1.4.0/commons-exec-1.4.0.pom
Progress (1): 757 B
Progress (1): 2.2 kB
Progress (1): 4.0 kB
Progress (1): 6.7 kB
Progress (1): 9.5 kB
Progress (1): 9.5 kB
                    
Downloaded from central: https://repo.maven.apache.org/maven2/org/apache/commons/commons-exec/1.4.0/commons-exec-1.4.0.pom (9.5 kB at 307 kB/s)
Downloading from central: https://repo.maven.apache.org/maven2/org/apache/commons/commons-parent/65/commons-parent-65.pom
Progress (1): 705 B
Progress (1): 1.9 kB
Progress (1): 3.1 kB
Progress (1): 4.7 kB
Progress (1): 6.4 kB
Progress (1): 8.4 kB
Progress (1): 10 kB 
Progress (1): 13 kB
Progress (1): 15 kB
Progress (1): 18 kB
Progress (1): 19 kB
Progress (1): 23 kB
Progress (1): 25 kB
Progress (1): 28 kB
Progress (1): 32 kB
Progress (1): 32 kB
Progress (1): 35 kB
Progress (1): 41 kB
Progress (1): 43 kB
Progress (1): 46 kB
Progress (1): 49 kB
Progress (1): 51 kB
Progress (1): 54 kB
Progress (1): 58 kB
Progress (1): 60 kB
Progress (1): 64 kB
Progress (1): 67 kB
Progress (1): 71 kB
Progress (1): 74 kB
Progress (1): 76 kB
Progress (1): 78 kB
                   
Downloaded from central: https://repo.maven.apache.org/maven2/org/apache/commons/commons-parent/65/commons-parent-65.pom (78 kB at 2.2 MB/s)
Downloading from central: https://repo.maven.apache.org/maven2/org/junit/junit-bom/5.10.1/junit-bom-5.10.1.pom
Progress (1): 908 B
Progress (1): 4.1 kB
Progress (1): 5.6 kB
                    
Downloaded from central: https://repo.maven.apache.org/maven2/org/junit/junit-bom/5.10.1/junit-bom-5.10.1.pom (5.6 kB at 217 kB/s)
Downloading from central: https://repo.maven.apache.org/maven2/org/seleniumhq/selenium/selenium-devtools-v122/4.20.0/selenium-devtools-v122-4.20.0.pom
Progress (1): 1.1 kB
Progress (1): 2.9 kB
                    
Downloaded from central: https://repo.maven.apache.org/maven2/org/seleniumhq/selenium/selenium-devtools-v122/4.20.0/selenium-devtools-v122-4.20.0.pom (2.9 kB at 99 kB/s)
Downloading from central: https://repo.maven.apache.org/maven2/org/seleniumhq/selenium/selenium-devtools-v123/4.20.0/selenium-devtools-v123-4.20.0.pom
Progress (1): 1.1 kB
Progress (1): 2.9 kB
                    
Downloaded from central: https://repo.maven.apache.org/maven2/org/seleniumhq/selenium/selenium-devtools-v123/4.20.0/selenium-devtools-v123-4.20.0.pom (2.9 kB at 92 kB/s)
Downloading from central: https://repo.maven.apache.org/maven2/org/seleniumhq/selenium/selenium-devtools-v124/4.20.0/selenium-devtools-v124-4.20.0.pom
Progress (1): 1.1 kB
Progress (1): 2.9 kB
                    
Downloaded from central: https://repo.maven.apache.org/maven2/org/seleniumhq/selenium/selenium-devtools-v124/4.20.0/selenium-devtools-v124-4.20.0.pom (2.9 kB at 95 kB/s)
Downloading from central: https://repo.maven.apache.org/maven2/org/seleniumhq/selenium/selenium-devtools-v85/4.20.0/selenium-devtools-v85-4.20.0.pom
Progress (1): 1.1 kB
Progress (1): 2.9 kB
                    
Downloaded from central: https://repo.maven.apache.org/maven2/org/seleniumhq/selenium/selenium-devtools-v85/4.20.0/selenium-devtools-v85-4.20.0.pom (2.9 kB at 89 kB/s)
Downloading from central: https://repo.maven.apache.org/maven2/org/seleniumhq/selenium/selenium-edge-driver/4.20.0/selenium-edge-driver-4.20.0.pom
Progress (1): 1.1 kB
Progress (1): 3.1 kB
                    
Downloaded from central: https://repo.maven.apache.org/maven2/org/seleniumhq/selenium/selenium-edge-driver/4.20.0/selenium-edge-driver-4.20.0.pom (3.1 kB at 90 kB/s)
Downloading from central: https://repo.maven.apache.org/maven2/org/seleniumhq/selenium/selenium-firefox-driver/4.20.0/selenium-firefox-driver-4.20.0.pom
Progress (1): 1.1 kB
Progress (1): 3.4 kB
                    
Downloaded from central: https://repo.maven.apache.org/maven2/org/seleniumhq/selenium/selenium-firefox-driver/4.20.0/selenium-firefox-driver-4.20.0.pom (3.4 kB at 127 kB/s)
Downloading from central: https://repo.maven.apache.org/maven2/org/seleniumhq/selenium/selenium-ie-driver/4.20.0/selenium-ie-driver-4.20.0.pom
Progress (1): 1.1 kB
Progress (1): 2.9 kB
                    
Downloaded from central: https://repo.maven.apache.org/maven2/org/seleniumhq/selenium/selenium-ie-driver/4.20.0/selenium-ie-driver-4.20.0.pom (2.9 kB at 102 kB/s)
Downloading from central: https://repo.maven.apache.org/maven2/org/seleniumhq/selenium/selenium-safari-driver/4.20.0/selenium-safari-driver-4.20.0.pom
Progress (1): 1.1 kB
Progress (1): 2.7 kB
                    
Downloaded from central: https://repo.maven.apache.org/maven2/org/seleniumhq/selenium/selenium-safari-driver/4.20.0/selenium-safari-driver-4.20.0.pom (2.7 kB at 84 kB/s)
Downloading from central: https://repo.maven.apache.org/maven2/org/seleniumhq/selenium/selenium-support/4.20.0/selenium-support-4.20.0.pom
Progress (1): 1.1 kB
Progress (1): 3.2 kB
                    
Downloaded from central: https://repo.maven.apache.org/maven2/org/seleniumhq/selenium/selenium-support/4.20.0/selenium-support-4.20.0.pom (3.2 kB at 110 kB/s)
Downloading from central: https://repo.maven.apache.org/maven2/org/testng/testng/7.10.2/testng-7.10.2.pom
Progress (1): 984 B
Progress (1): 2.6 kB
                    
Downloaded from central: https://repo.maven.apache.org/maven2/org/testng/testng/7.10.2/testng-7.10.2.pom (2.6 kB at 68 kB/s)
Downloading from central: https://repo.maven.apache.org/maven2/org/slf4j/slf4j-api/1.7.36/slf4j-api-1.7.36.pom
Progress (1): 1.0 kB
Progress (1): 2.7 kB
                    
Downloaded from central: https://repo.maven.apache.org/maven2/org/slf4j/slf4j-api/1.7.36/slf4j-api-1.7.36.pom (2.7 kB at 83 kB/s)
Downloading from central: https://repo.maven.apache.org/maven2/org/slf4j/slf4j-parent/1.7.36/slf4j-parent-1.7.36.pom
Progress (1): 1.0 kB
Progress (1): 3.0 kB
Progress (1): 5.9 kB
Progress (1): 8.7 kB
Progress (1): 12 kB 
Progress (1): 14 kB
                   
Downloaded from central: https://repo.maven.apache.org/maven2/org/slf4j/slf4j-parent/1.7.36/slf4j-parent-1.7.36.pom (14 kB at 455 kB/s)
Downloading from central: https://repo.maven.apache.org/maven2/com/beust/jcommander/1.82/jcommander-1.82.pom
Progress (1): 1.0 kB
Progress (1): 1.5 kB
                    
Downloaded from central: https://repo.maven.apache.org/maven2/com/beust/jcommander/1.82/jcommander-1.82.pom (1.5 kB at 50 kB/s)
Downloading from central: https://repo.maven.apache.org/maven2/org/webjars/jquery/3.7.1/jquery-3.7.1.pom
Progress (1): 1.2 kB
Progress (1): 3.7 kB
Progress (1): 7.6 kB
                    
Downloaded from central: https://repo.maven.apache.org/maven2/org/webjars/jquery/3.7.1/jquery-3.7.1.pom (7.6 kB at 223 kB/s)
Downloading from central: https://repo.maven.apache.org/maven2/io/cucumber/cucumber-java/7.15.0/cucumber-java-7.15.0.pom
Progress (1): 1.6 kB
Progress (1): 5.2 kB
Progress (1): 8.4 kB
                    
Downloaded from central: https://repo.maven.apache.org/maven2/io/cucumber/cucumber-java/7.15.0/cucumber-java-7.15.0.pom (8.4 kB at 262 kB/s)
Downloading from central: https://repo.maven.apache.org/maven2/io/cucumber/cucumber-jvm/7.15.0/cucumber-jvm-7.15.0.pom
Progress (1): 1.2 kB
Progress (1): 3.7 kB
Progress (1): 8.8 kB
Progress (1): 13 kB 
Progress (1): 17 kB
Progress (1): 21 kB
Progress (1): 21 kB
                   
Downloaded from central: https://repo.maven.apache.org/maven2/io/cucumber/cucumber-jvm/7.15.0/cucumber-jvm-7.15.0.pom (21 kB at 569 kB/s)
Downloading from central: https://repo.maven.apache.org/maven2/io/cucumber/cucumber-parent/4.1.1/cucumber-parent-4.1.1.pom
Progress (1): 1.2 kB
Progress (1): 3.9 kB
Progress (1): 7.0 kB
Progress (1): 12 kB 
Progress (1): 17 kB
Progress (1): 21 kB
                   
Downloaded from central: https://repo.maven.apache.org/maven2/io/cucumber/cucumber-parent/4.1.1/cucumber-parent-4.1.1.pom (21 kB at 678 kB/s)
Downloading from central: https://repo.maven.apache.org/maven2/io/cucumber/cucumber-bom/7.15.0/cucumber-bom-7.15.0.pom
Progress (1): 1.5 kB
Progress (1): 6.5 kB
                    
Downloaded from central: https://repo.maven.apache.org/maven2/io/cucumber/cucumber-bom/7.15.0/cucumber-bom-7.15.0.pom (6.5 kB at 217 kB/s)
Downloading from central: https://repo.maven.apache.org/maven2/com/fasterxml/jackson/jackson-bom/2.16.0/jackson-bom-2.16.0.pom
Progress (1): 924 B
Progress (1): 2.7 kB
Progress (1): 8.1 kB
Progress (1): 17 kB 
Progress (1): 18 kB
                   
Downloaded from central: https://repo.maven.apache.org/maven2/com/fasterxml/jackson/jackson-bom/2.16.0/jackson-bom-2.16.0.pom (18 kB at 570 kB/s)
Downloading from central: https://repo.maven.apache.org/maven2/com/fasterxml/jackson/jackson-parent/2.16/jackson-parent-2.16.pom
Progress (1): 1.1 kB
Progress (1): 2.6 kB
Progress (1): 3.2 kB
Progress (1): 4.8 kB
Progress (1): 6.5 kB
                    
Downloaded from central: https://repo.maven.apache.org/maven2/com/fasterxml/jackson/jackson-parent/2.16/jackson-parent-2.16.pom (6.5 kB at 225 kB/s)
Downloading from central: https://repo.maven.apache.org/maven2/com/fasterxml/oss-parent/56/oss-parent-56.pom
Progress (1): 949 B
Progress (1): 2.6 kB
Progress (1): 4.0 kB
Progress (1): 6.6 kB
Progress (1): 9.7 kB
Progress (1): 12 kB 
Progress (1): 15 kB
Progress (1): 18 kB
Progress (1): 21 kB
Progress (1): 24 kB
                   
Downloaded from central: https://repo.maven.apache.org/maven2/com/fasterxml/oss-parent/56/oss-parent-56.pom (24 kB at 760 kB/s)
Downloading from central: https://repo.maven.apache.org/maven2/io/cucumber/cucumber-core/7.15.0/cucumber-core-7.15.0.pom
Progress (1): 1.3 kB
Progress (1): 6.4 kB
Progress (1): 12 kB 
Progress (1): 12 kB
                   
Downloaded from central: https://repo.maven.apache.org/maven2/io/cucumber/cucumber-core/7.15.0/cucumber-core-7.15.0.pom (12 kB at 403 kB/s)
Downloading from central: https://repo.maven.apache.org/maven2/io/cucumber/cucumber-gherkin/7.15.0/cucumber-gherkin-7.15.0.pom
Progress (1): 1.8 kB
                    
Downloaded from central: https://repo.maven.apache.org/maven2/io/cucumber/cucumber-gherkin/7.15.0/cucumber-gherkin-7.15.0.pom (1.8 kB at 59 kB/s)
Downloading from central: https://repo.maven.apache.org/maven2/io/cucumber/cucumber-plugin/7.15.0/cucumber-plugin-7.15.0.pom
Progress (1): 1.8 kB
Progress (1): 1.9 kB
                    
Downloaded from central: https://repo.maven.apache.org/maven2/io/cucumber/cucumber-plugin/7.15.0/cucumber-plugin-7.15.0.pom (1.9 kB at 60 kB/s)
Downloading from central: https://repo.maven.apache.org/maven2/org/apiguardian/apiguardian-api/1.1.2/apiguardian-api-1.1.2.pom
Progress (1): 1.0 kB
Progress (1): 1.5 kB
                    
Downloaded from central: https://repo.maven.apache.org/maven2/org/apiguardian/apiguardian-api/1.1.2/apiguardian-api-1.1.2.pom (1.5 kB at 54 kB/s)
Downloading from central: https://repo.maven.apache.org/maven2/io/cucumber/cucumber-gherkin-messages/7.15.0/cucumber-gherkin-messages-7.15.0.pom
Progress (1): 1.9 kB
Progress (1): 1.9 kB
                    
Downloaded from central: https://repo.maven.apache.org/maven2/io/cucumber/cucumber-gherkin-messages/7.15.0/cucumber-gherkin-messages-7.15.0.pom (1.9 kB at 69 kB/s)
Downloading from central: https://repo.maven.apache.org/maven2/io/cucumber/gherkin/26.2.0/gherkin-26.2.0.pom
Progress (1): 1.3 kB
Progress (1): 4.3 kB
                    
Downloaded from central: https://repo.maven.apache.org/maven2/io/cucumber/gherkin/26.2.0/gherkin-26.2.0.pom (4.3 kB at 148 kB/s)
Downloading from central: https://repo.maven.apache.org/maven2/com/fasterxml/jackson/jackson-bom/2.14.2/jackson-bom-2.14.2.pom
Progress (1): 931 B
Progress (1): 2.7 kB
Progress (1): 8.1 kB
Progress (1): 17 kB 
Progress (1): 17 kB
                   
Downloaded from central: https://repo.maven.apache.org/maven2/com/fasterxml/jackson/jackson-bom/2.14.2/jackson-bom-2.14.2.pom (17 kB at 625 kB/s)
Downloading from central: https://repo.maven.apache.org/maven2/com/fasterxml/jackson/jackson-parent/2.14/jackson-parent-2.14.pom
Progress (1): 1.1 kB
Progress (1): 2.6 kB
Progress (1): 4.0 kB
Progress (1): 6.5 kB
Progress (1): 7.7 kB
                    
Downloaded from central: https://repo.maven.apache.org/maven2/com/fasterxml/jackson/jackson-parent/2.14/jackson-parent-2.14.pom (7.7 kB at 295 kB/s)
Downloading from central: https://repo.maven.apache.org/maven2/com/fasterxml/oss-parent/48/oss-parent-48.pom
Progress (1): 954 B
Progress (1): 2.6 kB
Progress (1): 4.0 kB
Progress (1): 6.0 kB
Progress (1): 9.7 kB
Progress (1): 12 kB 
Progress (1): 15 kB
Progress (1): 18 kB
Progress (1): 21 kB
Progress (1): 24 kB
                   
Downloaded from central: https://repo.maven.apache.org/maven2/com/fasterxml/oss-parent/48/oss-parent-48.pom (24 kB at 766 kB/s)
Downloading from central: https://repo.maven.apache.org/maven2/org/junit/junit-bom/5.9.2/junit-bom-5.9.2.pom
Progress (1): 907 B
Progress (1): 4.1 kB
Progress (1): 5.6 kB
                    
Downloaded from central: https://repo.maven.apache.org/maven2/org/junit/junit-bom/5.9.2/junit-bom-5.9.2.pom (5.6 kB at 201 kB/s)
Downloading from central: https://repo.maven.apache.org/maven2/io/cucumber/messages/maven-metadata.xml
Progress (1): 3.6 kB
                    
Downloaded from central: https://repo.maven.apache.org/maven2/io/cucumber/messages/maven-metadata.xml (3.6 kB at 120 kB/s)
Downloading from central: https://repo.maven.apache.org/maven2/io/cucumber/messages/19.1.4/messages-19.1.4.pom
Progress (1): 1.3 kB
Progress (1): 3.2 kB
Progress (1): 4.1 kB
                    
Downloaded from central: https://repo.maven.apache.org/maven2/io/cucumber/messages/19.1.4/messages-19.1.4.pom (4.1 kB at 131 kB/s)
Downloading from central: https://repo.maven.apache.org/maven2/io/cucumber/cucumber-parent/3.0.0/cucumber-parent-3.0.0.pom
Progress (1): 1.2 kB
Progress (1): 3.8 kB
Progress (1): 8.6 kB
Progress (1): 13 kB 
Progress (1): 19 kB
Progress (1): 22 kB
                   
Downloaded from central: https://repo.maven.apache.org/maven2/io/cucumber/cucumber-parent/3.0.0/cucumber-parent-3.0.0.pom (22 kB at 751 kB/s)
Downloading from central: https://repo.maven.apache.org/maven2/org/junit/junit-bom/5.9.1/junit-bom-5.9.1.pom
Progress (1): 907 B
Progress (1): 4.1 kB
Progress (1): 5.6 kB
                    
Downloaded from central: https://repo.maven.apache.org/maven2/org/junit/junit-bom/5.9.1/junit-bom-5.9.1.pom (5.6 kB at 194 kB/s)
Downloading from central: https://repo.maven.apache.org/maven2/com/fasterxml/jackson/jackson-bom/2.13.4/jackson-bom-2.13.4.pom
Progress (1): 931 B
Progress (1): 2.7 kB
Progress (1): 8.9 kB
Progress (1): 17 kB 
Progress (1): 17 kB
                   
Downloaded from central: https://repo.maven.apache.org/maven2/com/fasterxml/jackson/jackson-bom/2.13.4/jackson-bom-2.13.4.pom (17 kB at 620 kB/s)
Downloading from central: https://repo.maven.apache.org/maven2/com/fasterxml/jackson/jackson-parent/2.13/jackson-parent-2.13.pom
Progress (1): 1.1 kB
Progress (1): 2.6 kB
Progress (1): 4.1 kB
Progress (1): 6.5 kB
Progress (1): 7.4 kB
                    
Downloaded from central: https://repo.maven.apache.org/maven2/com/fasterxml/jackson/jackson-parent/2.13/jackson-parent-2.13.pom (7.4 kB at 218 kB/s)
Downloading from central: https://repo.maven.apache.org/maven2/com/fasterxml/oss-parent/43/oss-parent-43.pom
Progress (1): 952 B
Progress (1): 2.6 kB
Progress (1): 4.0 kB
Progress (1): 6.2 kB
Progress (1): 9.5 kB
Progress (1): 12 kB 
Progress (1): 15 kB
Progress (1): 18 kB
Progress (1): 21 kB
Progress (1): 24 kB
                   
Downloaded from central: https://repo.maven.apache.org/maven2/com/fasterxml/oss-parent/43/oss-parent-43.pom (24 kB at 694 kB/s)
Downloading from central: https://repo.maven.apache.org/maven2/io/cucumber/messages/20.0.0/messages-20.0.0.pom
Progress (1): 1.3 kB
Progress (1): 4.2 kB
                    
Downloaded from central: https://repo.maven.apache.org/maven2/io/cucumber/messages/20.0.0/messages-20.0.0.pom (4.2 kB at 162 kB/s)
Downloading from central: https://repo.maven.apache.org/maven2/com/fasterxml/jackson/jackson-bom/2.14.0/jackson-bom-2.14.0.pom
Progress (1): 931 B
Progress (1): 2.7 kB
Progress (1): 8.1 kB
Progress (1): 17 kB 
Progress (1): 17 kB
                   
Downloaded from central: https://repo.maven.apache.org/maven2/com/fasterxml/jackson/jackson-bom/2.14.0/jackson-bom-2.14.0.pom (17 kB at 448 kB/s)
Downloading from central: https://repo.maven.apache.org/maven2/io/cucumber/messages/21.0.1/messages-21.0.1.pom
Progress (1): 1.2 kB
Progress (1): 4.4 kB
                    
Downloaded from central: https://repo.maven.apache.org/maven2/io/cucumber/messages/21.0.1/messages-21.0.1.pom (4.4 kB at 143 kB/s)
Downloading from central: https://repo.maven.apache.org/maven2/com/fasterxml/jackson/jackson-bom/2.14.1/jackson-bom-2.14.1.pom
Progress (1): 924 B
Progress (1): 2.7 kB
Progress (1): 8.1 kB
Progress (1): 17 kB 
Progress (1): 17 kB
                   
Downloaded from central: https://repo.maven.apache.org/maven2/com/fasterxml/jackson/jackson-bom/2.14.1/jackson-bom-2.14.1.pom (17 kB at 625 kB/s)
Downloading from central: https://repo.maven.apache.org/maven2/io/cucumber/messages/22.0.0/messages-22.0.0.pom
Progress (1): 1.2 kB
Progress (1): 4.4 kB
                    
Downloaded from central: https://repo.maven.apache.org/maven2/io/cucumber/messages/22.0.0/messages-22.0.0.pom (4.4 kB at 139 kB/s)
Downloading from central: https://repo.maven.apache.org/maven2/io/cucumber/tag-expressions/6.0.0/tag-expressions-6.0.0.pom
Progress (1): 1.3 kB
Progress (1): 2.4 kB
                    
Downloaded from central: https://repo.maven.apache.org/maven2/io/cucumber/tag-expressions/6.0.0/tag-expressions-6.0.0.pom (2.4 kB at 75 kB/s)
Downloading from central: https://repo.maven.apache.org/maven2/org/junit/junit-bom/5.10.0/junit-bom-5.10.0.pom
Progress (1): 927 B
Progress (1): 3.4 kB
Progress (1): 5.6 kB
                    
Downloaded from central: https://repo.maven.apache.org/maven2/org/junit/junit-bom/5.10.0/junit-bom-5.10.0.pom (5.6 kB at 217 kB/s)
Downloading from central: https://repo.maven.apache.org/maven2/io/cucumber/cucumber-expressions/17.0.1/cucumber-expressions-17.0.1.pom
Progress (1): 1.3 kB
Progress (1): 3.3 kB
                    
Downloaded from central: https://repo.maven.apache.org/maven2/io/cucumber/cucumber-expressions/17.0.1/cucumber-expressions-17.0.1.pom (3.3 kB at 104 kB/s)
Downloading from central: https://repo.maven.apache.org/maven2/io/cucumber/datatable/7.15.0/datatable-7.15.0.pom
Progress (1): 1.4 kB
Progress (1): 5.2 kB
Progress (1): 6.2 kB
                    
Downloaded from central: https://repo.maven.apache.org/maven2/io/cucumber/datatable/7.15.0/datatable-7.15.0.pom (6.2 kB at 205 kB/s)
Downloading from central: https://repo.maven.apache.org/maven2/io/cucumber/docstring/7.15.0/docstring-7.15.0.pom
Progress (1): 1.6 kB
Progress (1): 2.7 kB
                    
Downloaded from central: https://repo.maven.apache.org/maven2/io/cucumber/docstring/7.15.0/docstring-7.15.0.pom (2.7 kB at 86 kB/s)
Downloading from central: https://repo.maven.apache.org/maven2/io/cucumber/html-formatter/20.4.0/html-formatter-20.4.0.pom
Progress (1): 1.3 kB
Progress (1): 3.3 kB
                    
Downloaded from central: https://repo.maven.apache.org/maven2/io/cucumber/html-formatter/20.4.0/html-formatter-20.4.0.pom (3.3 kB at 99 kB/s)
Downloading from central: https://repo.maven.apache.org/maven2/com/fasterxml/jackson/jackson-bom/2.15.2/jackson-bom-2.15.2.pom
Progress (1): 931 B
Progress (1): 2.7 kB
Progress (1): 8.1 kB
Progress (1): 17 kB 
Progress (1): 18 kB
                   
Downloaded from central: https://repo.maven.apache.org/maven2/com/fasterxml/jackson/jackson-bom/2.15.2/jackson-bom-2.15.2.pom (18 kB at 580 kB/s)
Downloading from central: https://repo.maven.apache.org/maven2/com/fasterxml/jackson/jackson-parent/2.15/jackson-parent-2.15.pom
Progress (1): 1.1 kB
Progress (1): 2.6 kB
Progress (1): 4.1 kB
Progress (1): 6.5 kB
                    
Downloaded from central: https://repo.maven.apache.org/maven2/com/fasterxml/jackson/jackson-parent/2.15/jackson-parent-2.15.pom (6.5 kB at 217 kB/s)
Downloading from central: https://repo.maven.apache.org/maven2/com/fasterxml/oss-parent/50/oss-parent-50.pom
Progress (1): 951 B
Progress (1): 2.6 kB
Progress (1): 4.0 kB
Progress (1): 6.0 kB
Progress (1): 9.7 kB
Progress (1): 12 kB 
Progress (1): 15 kB
Progress (1): 18 kB
Progress (1): 21 kB
Progress (1): 24 kB
                   
Downloaded from central: https://repo.maven.apache.org/maven2/com/fasterxml/oss-parent/50/oss-parent-50.pom (24 kB at 738 kB/s)
Downloading from central: https://repo.maven.apache.org/maven2/io/cucumber/messages/18.0.0/messages-18.0.0.pom
Progress (1): 1.3 kB
Progress (1): 4.0 kB
                    
Downloaded from central: https://repo.maven.apache.org/maven2/io/cucumber/messages/18.0.0/messages-18.0.0.pom (4.0 kB at 112 kB/s)
Downloading from central: https://repo.maven.apache.org/maven2/io/cucumber/cucumber-parent/2.3.2/cucumber-parent-2.3.2.pom
Progress (1): 1.2 kB
Progress (1): 3.7 kB
Progress (1): 8.6 kB
Progress (1): 13 kB 
Progress (1): 19 kB
Progress (1): 22 kB
                   
Downloaded from central: https://repo.maven.apache.org/maven2/io/cucumber/cucumber-parent/2.3.2/cucumber-parent-2.3.2.pom (22 kB at 726 kB/s)
Downloading from central: https://repo.maven.apache.org/maven2/org/junit/junit-bom/5.8.2/junit-bom-5.8.2.pom
Progress (1): 907 B
Progress (1): 4.1 kB
Progress (1): 5.6 kB
                    
Downloaded from central: https://repo.maven.apache.org/maven2/org/junit/junit-bom/5.8.2/junit-bom-5.8.2.pom (5.6 kB at 209 kB/s)
Downloading from central: https://repo.maven.apache.org/maven2/com/fasterxml/jackson/jackson-bom/2.13.2/jackson-bom-2.13.2.pom
Progress (1): 931 B
Progress (1): 2.7 kB
Progress (1): 8.9 kB
Progress (1): 17 kB 
Progress (1): 17 kB
                   
Downloaded from central: https://repo.maven.apache.org/maven2/com/fasterxml/jackson/jackson-bom/2.13.2/jackson-bom-2.13.2.pom (17 kB at 599 kB/s)
Downloading from central: https://repo.maven.apache.org/maven2/io/cucumber/messages/19.0.0/messages-19.0.0.pom
Progress (1): 1.3 kB
Progress (1): 4.1 kB
                    
Downloaded from central: https://repo.maven.apache.org/maven2/io/cucumber/messages/19.0.0/messages-19.0.0.pom (4.1 kB at 140 kB/s)
Downloading from central: https://repo.maven.apache.org/maven2/com/fasterxml/jackson/jackson-bom/2.13.3/jackson-bom-2.13.3.pom
Progress (1): 941 B
Progress (1): 2.7 kB
Progress (1): 8.9 kB
Progress (1): 17 kB 
Progress (1): 17 kB
                   
Downloaded from central: https://repo.maven.apache.org/maven2/com/fasterxml/jackson/jackson-bom/2.13.3/jackson-bom-2.13.3.pom (17 kB at 643 kB/s)
Downloading from central: https://repo.maven.apache.org/maven2/io/cucumber/messages/19.1.0/messages-19.1.0.pom
Progress (1): 1.3 kB
Progress (1): 4.1 kB
                    
Downloaded from central: https://repo.maven.apache.org/maven2/io/cucumber/messages/19.1.0/messages-19.1.0.pom (4.1 kB at 140 kB/s)
Downloading from central: https://repo.maven.apache.org/maven2/io/cucumber/messages/19.1.1/messages-19.1.1.pom
Progress (1): 1.3 kB
Progress (1): 4.1 kB
                    
Downloaded from central: https://repo.maven.apache.org/maven2/io/cucumber/messages/19.1.1/messages-19.1.1.pom (4.1 kB at 110 kB/s)
Downloading from central: https://repo.maven.apache.org/maven2/io/cucumber/messages/19.1.2/messages-19.1.2.pom
Progress (1): 1.3 kB
Progress (1): 4.1 kB
                    
Downloaded from central: https://repo.maven.apache.org/maven2/io/cucumber/messages/19.1.2/messages-19.1.2.pom (4.1 kB at 140 kB/s)
Downloading from central: https://repo.maven.apache.org/maven2/io/cucumber/messages/19.1.3/messages-19.1.3.pom
Progress (1): 1.3 kB
Progress (1): 4.1 kB
                    
Downloaded from central: https://repo.maven.apache.org/maven2/io/cucumber/messages/19.1.3/messages-19.1.3.pom (4.1 kB at 135 kB/s)
Downloading from central: https://repo.maven.apache.org/maven2/org/junit/junit-bom/5.9.0/junit-bom-5.9.0.pom
Progress (1): 912 B
Progress (1): 4.1 kB
Progress (1): 5.6 kB
                    
Downloaded from central: https://repo.maven.apache.org/maven2/org/junit/junit-bom/5.9.0/junit-bom-5.9.0.pom (5.6 kB at 182 kB/s)
Downloading from central: https://repo.maven.apache.org/maven2/io/cucumber/junit-xml-formatter/0.2.0/junit-xml-formatter-0.2.0.pom
Progress (1): 1.3 kB
Progress (1): 3.7 kB
                    
Downloaded from central: https://repo.maven.apache.org/maven2/io/cucumber/junit-xml-formatter/0.2.0/junit-xml-formatter-0.2.0.pom (3.7 kB at 120 kB/s)
Downloading from central: https://repo.maven.apache.org/maven2/io/cucumber/ci-environment/10.0.0/ci-environment-10.0.0.pom
Progress (1): 1.2 kB
Progress (1): 4.1 kB
Progress (1): 6.1 kB
                    
Downloaded from central: https://repo.maven.apache.org/maven2/io/cucumber/ci-environment/10.0.0/ci-environment-10.0.0.pom (6.1 kB at 209 kB/s)
Downloading from central: https://repo.maven.apache.org/maven2/com/fasterxml/jackson/jackson-bom/2.15.3/jackson-bom-2.15.3.pom
Progress (1): 931 B
Progress (1): 2.7 kB
Progress (1): 8.1 kB
Progress (1): 17 kB 
Progress (1): 18 kB
                   
Downloaded from central: https://repo.maven.apache.org/maven2/com/fasterxml/jackson/jackson-bom/2.15.3/jackson-bom-2.15.3.pom (18 kB at 600 kB/s)
Downloading from central: https://repo.maven.apache.org/maven2/io/cucumber/cucumber-testng/7.15.0/cucumber-testng-7.15.0.pom
Progress (1): 1.9 kB
Progress (1): 2.2 kB
                    
Downloaded from central: https://repo.maven.apache.org/maven2/io/cucumber/cucumber-testng/7.15.0/cucumber-testng-7.15.0.pom (2.2 kB at 72 kB/s)
Downloading from central: https://repo.maven.apache.org/maven2/org/testng/testng/7.8.0/testng-7.8.0.pom
Progress (1): 986 B
Progress (1): 2.9 kB
                    
Downloaded from central: https://repo.maven.apache.org/maven2/org/testng/testng/7.8.0/testng-7.8.0.pom (2.9 kB at 100 kB/s)
Downloading from central: https://repo.maven.apache.org/maven2/org/webjars/jquery/3.6.1/jquery-3.6.1.pom
Progress (1): 1.2 kB
Progress (1): 3.7 kB
Progress (1): 7.4 kB
                    
Downloaded from central: https://repo.maven.apache.org/maven2/org/webjars/jquery/3.6.1/jquery-3.6.1.pom (7.4 kB at 255 kB/s)
Downloading from central: https://repo.maven.apache.org/maven2/io/github/bonigarcia/webdrivermanager/5.6.3/webdrivermanager-5.6.3.pom
Progress (1): 1.3 kB
Progress (1): 3.2 kB
Progress (1): 7.5 kB
Progress (1): 11 kB 
Progress (1): 15 kB
Progress (1): 19 kB
                   
Downloaded from central: https://repo.maven.apache.org/maven2/io/github/bonigarcia/webdrivermanager/5.6.3/webdrivermanager-5.6.3.pom (19 kB at 600 kB/s)
Downloading from central: https://repo.maven.apache.org/maven2/org/slf4j/slf4j-api/2.0.10/slf4j-api-2.0.10.pom
Progress (1): 1.1 kB
Progress (1): 2.8 kB
                    
Downloaded from central: https://repo.maven.apache.org/maven2/org/slf4j/slf4j-api/2.0.10/slf4j-api-2.0.10.pom (2.8 kB at 105 kB/s)
Downloading from central: https://repo.maven.apache.org/maven2/org/slf4j/slf4j-parent/2.0.10/slf4j-parent-2.0.10.pom
Progress (1): 945 B
Progress (1): 3.2 kB
Progress (1): 6.0 kB
Progress (1): 8.1 kB
Progress (1): 12 kB 
Progress (1): 14 kB
Progress (1): 15 kB
                   
Downloaded from central: https://repo.maven.apache.org/maven2/org/slf4j/slf4j-parent/2.0.10/slf4j-parent-2.0.10.pom (15 kB at 428 kB/s)
Downloading from central: https://repo.maven.apache.org/maven2/org/slf4j/slf4j-bom/2.0.10/slf4j-bom-2.0.10.pom
Progress (1): 1.0 kB
Progress (1): 4.7 kB
Progress (1): 6.5 kB
                    
Downloaded from central: https://repo.maven.apache.org/maven2/org/slf4j/slf4j-bom/2.0.10/slf4j-bom-2.0.10.pom (6.5 kB at 225 kB/s)
Downloading from central: https://repo.maven.apache.org/maven2/com/google/code/gson/gson/2.10.1/gson-2.10.1.pom
Progress (1): 1.1 kB
Progress (1): 3.4 kB
Progress (1): 6.7 kB
Progress (1): 8.7 kB
Progress (1): 9.4 kB
                    
Downloaded from central: https://repo.maven.apache.org/maven2/com/google/code/gson/gson/2.10.1/gson-2.10.1.pom (9.4 kB at 347 kB/s)
Downloading from central: https://repo.maven.apache.org/maven2/com/google/code/gson/gson-parent/2.10.1/gson-parent-2.10.1.pom
Progress (1): 1.1 kB
Progress (1): 2.7 kB
Progress (1): 4.3 kB
Progress (1): 6.5 kB
Progress (1): 8.5 kB
Progress (1): 11 kB 
Progress (1): 13 kB
                   
Downloaded from central: https://repo.maven.apache.org/maven2/com/google/code/gson/gson-parent/2.10.1/gson-parent-2.10.1.pom (13 kB at 417 kB/s)
Downloading from central: https://repo.maven.apache.org/maven2/com/github/docker-java/docker-java/3.3.4/docker-java-3.3.4.pom
Progress (1): 1.9 kB
Progress (1): 4.9 kB
Progress (1): 5.7 kB
                    
Downloaded from central: https://repo.maven.apache.org/maven2/com/github/docker-java/docker-java/3.3.4/docker-java-3.3.4.pom (5.7 kB at 182 kB/s)
Downloading from central: https://repo.maven.apache.org/maven2/com/github/docker-java/docker-java-parent/3.3.4/docker-java-parent-3.3.4.pom
Progress (1): 1.1 kB
Progress (1): 2.7 kB
Progress (1): 5.7 kB
Progress (1): 8.9 kB
Progress (1): 12 kB 
Progress (1): 12 kB
                   
Downloaded from central: https://repo.maven.apache.org/maven2/com/github/docker-java/docker-java-parent/3.3.4/docker-java-parent-3.3.4.pom (12 kB at 419 kB/s)
Downloading from central: https://repo.maven.apache.org/maven2/com/github/docker-java/docker-java-core/3.3.4/docker-java-core-3.3.4.pom
Progress (1): 1.8 kB
Progress (1): 2.9 kB
                    
Downloaded from central: https://repo.maven.apache.org/maven2/com/github/docker-java/docker-java-core/3.3.4/docker-java-core-3.3.4.pom (2.9 kB at 95 kB/s)
Downloading from central: https://repo.maven.apache.org/maven2/com/github/docker-java/docker-java-api/3.3.4/docker-java-api-3.3.4.pom
Progress (1): 1.4 kB
Progress (1): 2.3 kB
                    
Downloaded from central: https://repo.maven.apache.org/maven2/com/github/docker-java/docker-java-api/3.3.4/docker-java-api-3.3.4.pom (2.3 kB at 85 kB/s)
Downloading from central: https://repo.maven.apache.org/maven2/com/fasterxml/jackson/core/jackson-annotations/2.10.3/jackson-annotations-2.10.3.pom
Progress (1): 1.2 kB
Progress (1): 2.8 kB
Progress (1): 3.4 kB
                    
Downloaded from central: https://repo.maven.apache.org/maven2/com/fasterxml/jackson/core/jackson-annotations/2.10.3/jackson-annotations-2.10.3.pom (3.4 kB at 115 kB/s)
Downloading from central: https://repo.maven.apache.org/maven2/com/fasterxml/jackson/jackson-parent/2.10/jackson-parent-2.10.pom
Progress (1): 1.1 kB
Progress (1): 2.7 kB
Progress (1): 4.4 kB
Progress (1): 6.9 kB
Progress (1): 8.3 kB
                    
Downloaded from central: https://repo.maven.apache.org/maven2/com/fasterxml/jackson/jackson-parent/2.10/jackson-parent-2.10.pom (8.3 kB at 285 kB/s)
Downloading from central: https://repo.maven.apache.org/maven2/com/fasterxml/oss-parent/38/oss-parent-38.pom
Progress (1): 952 B
Progress (1): 2.6 kB
Progress (1): 4.0 kB
Progress (1): 6.0 kB
Progress (1): 9.2 kB
Progress (1): 12 kB 
Progress (1): 14 kB
Progress (1): 18 kB
Progress (1): 21 kB
Progress (1): 23 kB
                   
Downloaded from central: https://repo.maven.apache.org/maven2/com/fasterxml/oss-parent/38/oss-parent-38.pom (23 kB at 823 kB/s)
Downloading from central: https://repo.maven.apache.org/maven2/org/slf4j/slf4j-api/1.7.30/slf4j-api-1.7.30.pom
Progress (1): 1.0 kB
Progress (1): 3.3 kB
Progress (1): 3.8 kB
                    
Downloaded from central: https://repo.maven.apache.org/maven2/org/slf4j/slf4j-api/1.7.30/slf4j-api-1.7.30.pom (3.8 kB at 142 kB/s)
Downloading from central: https://repo.maven.apache.org/maven2/org/slf4j/slf4j-parent/1.7.30/slf4j-parent-1.7.30.pom
Progress (1): 1.0 kB
Progress (1): 3.2 kB
Progress (1): 6.0 kB
Progress (1): 9.1 kB
Progress (1): 12 kB 
Progress (1): 14 kB
                   
Downloaded from central: https://repo.maven.apache.org/maven2/org/slf4j/slf4j-parent/1.7.30/slf4j-parent-1.7.30.pom (14 kB at 394 kB/s)
Downloading from central: https://repo.maven.apache.org/maven2/com/github/docker-java/docker-java-transport/3.3.4/docker-java-transport-3.3.4.pom
Progress (1): 1.4 kB
Progress (1): 1.6 kB
                    
Downloaded from central: https://repo.maven.apache.org/maven2/com/github/docker-java/docker-java-transport/3.3.4/docker-java-transport-3.3.4.pom (1.6 kB at 57 kB/s)
Downloading from central: https://repo.maven.apache.org/maven2/commons-io/commons-io/2.13.0/commons-io-2.13.0.pom
Progress (1): 771 B
Progress (1): 2.1 kB
Progress (1): 5.2 kB
Progress (1): 7.9 kB
Progress (1): 10 kB 
Progress (1): 12 kB
Progress (1): 15 kB
Progress (1): 18 kB
Progress (1): 20 kB
                   
Downloaded from central: https://repo.maven.apache.org/maven2/commons-io/commons-io/2.13.0/commons-io-2.13.0.pom (20 kB at 677 kB/s)
Downloading from central: https://repo.maven.apache.org/maven2/org/apache/commons/commons-parent/58/commons-parent-58.pom
Progress (1): 707 B
Progress (1): 1.9 kB
Progress (1): 3.1 kB
Progress (1): 4.6 kB
Progress (1): 6.5 kB
Progress (1): 8.4 kB
Progress (1): 10 kB 
Progress (1): 12 kB
Progress (1): 15 kB
Progress (1): 18 kB
Progress (1): 20 kB
Progress (1): 23 kB
Progress (1): 26 kB
Progress (1): 29 kB
Progress (1): 33 kB
Progress (1): 33 kB
Progress (1): 36 kB
Progress (1): 41 kB
Progress (1): 44 kB
Progress (1): 47 kB
Progress (1): 49 kB
Progress (1): 51 kB
Progress (1): 55 kB
Progress (1): 58 kB
Progress (1): 61 kB
Progress (1): 64 kB
Progress (1): 67 kB
Progress (1): 73 kB
Progress (1): 76 kB
Progress (1): 80 kB
Progress (1): 83 kB
                   
Downloaded from central: https://repo.maven.apache.org/maven2/org/apache/commons/commons-parent/58/commons-parent-58.pom (83 kB at 2.4 MB/s)
Downloading from central: https://repo.maven.apache.org/maven2/org/apache/commons/commons-compress/1.21/commons-compress-1.21.pom
Progress (1): 753 B
Progress (1): 1.9 kB
Progress (1): 3.5 kB
Progress (1): 6.8 kB
Progress (1): 9.1 kB
Progress (1): 11 kB 
Progress (1): 14 kB
Progress (1): 18 kB
Progress (1): 20 kB
                   
Downloaded from central: https://repo.maven.apache.org/maven2/org/apache/commons/commons-compress/1.21/commons-compress-1.21.pom (20 kB at 729 kB/s)
Downloading from central: https://repo.maven.apache.org/maven2/org/apache/commons/commons-parent/52/commons-parent-52.pom
Progress (1): 703 B
Progress (1): 1.8 kB
Progress (1): 3.1 kB
Progress (1): 4.6 kB
Progress (1): 6.7 kB
Progress (1): 8.1 kB
Progress (1): 10 kB 
Progress (1): 12 kB
Progress (1): 15 kB
Progress (1): 17 kB
Progress (1): 20 kB
Progress (1): 22 kB
Progress (1): 25 kB
Progress (1): 29 kB
Progress (1): 32 kB
Progress (1): 32 kB
Progress (1): 36 kB
Progress (1): 39 kB
Progress (1): 42 kB
Progress (1): 44 kB
Progress (1): 47 kB
Progress (1): 51 kB
Progress (1): 54 kB
Progress (1): 56 kB
Progress (1): 61 kB
Progress (1): 65 kB
Progress (1): 73 kB
Progress (1): 76 kB
Progress (1): 79 kB
                   
Downloaded from central: https://repo.maven.apache.org/maven2/org/apache/commons/commons-parent/52/commons-parent-52.pom (79 kB at 2.4 MB/s)
Downloading from central: https://repo.maven.apache.org/maven2/org/apache/apache/23/apache-23.pom
Progress (1): 749 B
Progress (1): 2.1 kB
Progress (1): 3.9 kB
Progress (1): 7.9 kB
Progress (1): 13 kB 
Progress (1): 16 kB
Progress (1): 18 kB
                   
Downloaded from central: https://repo.maven.apache.org/maven2/org/apache/apache/23/apache-23.pom (18 kB at 682 kB/s)
Downloading from central: https://repo.maven.apache.org/maven2/org/apache/commons/commons-lang3/3.12.0/commons-lang3-3.12.0.pom
Progress (1): 740 B
Progress (1): 2.1 kB
Progress (1): 5.4 kB
Progress (1): 8.8 kB
Progress (1): 12 kB 
Progress (1): 15 kB
Progress (1): 17 kB
Progress (1): 19 kB
Progress (1): 21 kB
Progress (1): 24 kB
Progress (1): 28 kB
Progress (1): 30 kB
Progress (1): 31 kB
                   
Downloaded from central: https://repo.maven.apache.org/maven2/org/apache/commons/commons-lang3/3.12.0/commons-lang3-3.12.0.pom (31 kB at 1.1 MB/s)
Downloading from central: https://repo.maven.apache.org/maven2/org/junit/junit-bom/5.7.1/junit-bom-5.7.1.pom
Progress (1): 912 B
Progress (1): 4.1 kB
Progress (1): 5.1 kB
                    
Downloaded from central: https://repo.maven.apache.org/maven2/org/junit/junit-bom/5.7.1/junit-bom-5.7.1.pom (5.1 kB at 189 kB/s)
Downloading from central: https://repo.maven.apache.org/maven2/com/fasterxml/jackson/core/jackson-databind/2.10.3/jackson-databind-2.10.3.pom
Progress (1): 1.1 kB
Progress (1): 2.5 kB
Progress (1): 4.5 kB
Progress (1): 6.4 kB
Progress (1): 7.2 kB
                    
Downloaded from central: https://repo.maven.apache.org/maven2/com/fasterxml/jackson/core/jackson-databind/2.10.3/jackson-databind-2.10.3.pom (7.2 kB at 238 kB/s)
Downloading from central: https://repo.maven.apache.org/maven2/com/fasterxml/jackson/jackson-base/2.10.3/jackson-base-2.10.3.pom
Progress (1): 1.0 kB
Progress (1): 2.9 kB
Progress (1): 4.9 kB
Progress (1): 6.7 kB
Progress (1): 7.2 kB
                    
Downloaded from central: https://repo.maven.apache.org/maven2/com/fasterxml/jackson/jackson-base/2.10.3/jackson-base-2.10.3.pom (7.2 kB at 249 kB/s)
Downloading from central: https://repo.maven.apache.org/maven2/com/fasterxml/jackson/jackson-bom/2.10.3/jackson-bom-2.10.3.pom
Progress (1): 1.1 kB
Progress (1): 5.3 kB
Progress (1): 13 kB 
                   
Downloaded from central: https://repo.maven.apache.org/maven2/com/fasterxml/jackson/jackson-bom/2.10.3/jackson-bom-2.10.3.pom (13 kB at 47 kB/s)
Downloading from central: https://repo.maven.apache.org/maven2/com/fasterxml/jackson/core/jackson-core/2.10.3/jackson-core-2.10.3.pom
Progress (1): 1.1 kB
Progress (1): 2.6 kB
Progress (1): 4.6 kB
Progress (1): 4.6 kB
                    
Downloaded from central: https://repo.maven.apache.org/maven2/com/fasterxml/jackson/core/jackson-core/2.10.3/jackson-core-2.10.3.pom (4.6 kB at 160 kB/s)
Downloading from central: https://repo.maven.apache.org/maven2/com/google/guava/guava/19.0/guava-19.0.pom
Progress (1): 947 B
Progress (1): 2.9 kB
Progress (1): 5.2 kB
Progress (1): 6.8 kB
                    
Downloaded from central: https://repo.maven.apache.org/maven2/com/google/guava/guava/19.0/guava-19.0.pom (6.8 kB at 243 kB/s)
Downloading from central: https://repo.maven.apache.org/maven2/com/google/guava/guava-parent/19.0/guava-parent-19.0.pom
Progress (1): 964 B
Progress (1): 2.8 kB
Progress (1): 6.1 kB
Progress (1): 9.9 kB
                    
Downloaded from central: https://repo.maven.apache.org/maven2/com/google/guava/guava-parent/19.0/guava-parent-19.0.pom (9.9 kB at 366 kB/s)
Downloading from central: https://repo.maven.apache.org/maven2/org/bouncycastle/bcpkix-jdk18on/1.76/bcpkix-jdk18on-1.76.pom
Progress (1): 1.0 kB
Progress (1): 1.6 kB
                    
Downloaded from central: https://repo.maven.apache.org/maven2/org/bouncycastle/bcpkix-jdk18on/1.76/bcpkix-jdk18on-1.76.pom (1.6 kB at 53 kB/s)
Downloading from central: https://repo.maven.apache.org/maven2/org/bouncycastle/bcprov-jdk18on/1.76/bcprov-jdk18on-1.76.pom
Progress (1): 1.1 kB
                    
Downloaded from central: https://repo.maven.apache.org/maven2/org/bouncycastle/bcprov-jdk18on/1.76/bcprov-jdk18on-1.76.pom (1.1 kB at 42 kB/s)
Downloading from central: https://repo.maven.apache.org/maven2/org/bouncycastle/bcutil-jdk18on/1.76/bcutil-jdk18on-1.76.pom
Progress (1): 1.2 kB
Progress (1): 1.3 kB
                    
Downloaded from central: https://repo.maven.apache.org/maven2/org/bouncycastle/bcutil-jdk18on/1.76/bcutil-jdk18on-1.76.pom (1.3 kB at 35 kB/s)
Downloading from central: https://repo.maven.apache.org/maven2/org/slf4j/jcl-over-slf4j/1.7.30/jcl-over-slf4j-1.7.30.pom
Progress (1): 1.2 kB
                    
Downloaded from central: https://repo.maven.apache.org/maven2/org/slf4j/jcl-over-slf4j/1.7.30/jcl-over-slf4j-1.7.30.pom (1.2 kB at 39 kB/s)
Downloading from central: https://repo.maven.apache.org/maven2/com/github/docker-java/docker-java-transport-httpclient5/3.3.4/docker-java-transport-httpclient5-3.3.4.pom
Progress (1): 1.5 kB
Progress (1): 2.2 kB
                    
Downloaded from central: https://repo.maven.apache.org/maven2/com/github/docker-java/docker-java-transport-httpclient5/3.3.4/docker-java-transport-httpclient5-3.3.4.pom (2.2 kB at 70 kB/s)
Downloading from central: https://repo.maven.apache.org/maven2/org/apache/httpcomponents/client5/httpclient5/5.0.3/httpclient5-5.0.3.pom
Progress (1): 864 B
Progress (1): 2.9 kB
Progress (1): 5.6 kB
Progress (1): 6.5 kB
                    
Downloaded from central: https://repo.maven.apache.org/maven2/org/apache/httpcomponents/client5/httpclient5/5.0.3/httpclient5-5.0.3.pom (6.5 kB at 185 kB/s)
Downloading from central: https://repo.maven.apache.org/maven2/org/apache/httpcomponents/client5/httpclient5-parent/5.0.3/httpclient5-parent-5.0.3.pom
Progress (1): 848 B
Progress (1): 2.2 kB
Progress (1): 6.0 kB
Progress (1): 9.1 kB
Progress (1): 13 kB 
                   
Downloaded from central: https://repo.maven.apache.org/maven2/org/apache/httpcomponents/client5/httpclient5-parent/5.0.3/httpclient5-parent-5.0.3.pom (13 kB at 364 kB/s)
Downloading from central: https://repo.maven.apache.org/maven2/org/apache/httpcomponents/httpcomponents-parent/12/httpcomponents-parent-12.pom
Progress (1): 811 B
Progress (1): 2.2 kB
Progress (1): 3.9 kB
Progress (1): 5.6 kB
Progress (1): 6.7 kB
Progress (1): 8.7 kB
Progress (1): 13 kB 
Progress (1): 15 kB
Progress (1): 18 kB
Progress (1): 22 kB
Progress (1): 24 kB
Progress (1): 28 kB
Progress (1): 31 kB
Progress (1): 32 kB
                   
Downloaded from central: https://repo.maven.apache.org/maven2/org/apache/httpcomponents/httpcomponents-parent/12/httpcomponents-parent-12.pom (32 kB at 997 kB/s)
Downloading from central: https://repo.maven.apache.org/maven2/org/apache/httpcomponents/core5/httpcore5/5.0.2/httpcore5-5.0.2.pom
Progress (1): 873 B
Progress (1): 2.8 kB
Progress (1): 4.8 kB
                    
Downloaded from central: https://repo.maven.apache.org/maven2/org/apache/httpcomponents/core5/httpcore5/5.0.2/httpcore5-5.0.2.pom (4.8 kB at 156 kB/s)
Downloading from central: https://repo.maven.apache.org/maven2/org/apache/httpcomponents/core5/httpcore5-parent/5.0.2/httpcore5-parent-5.0.2.pom
Progress (1): 850 B
Progress (1): 2.2 kB
Progress (1): 4.6 kB
Progress (1): 7.3 kB
Progress (1): 9.3 kB
                    
Downloaded from central: https://repo.maven.apache.org/maven2/org/apache/httpcomponents/core5/httpcore5-parent/5.0.2/httpcore5-parent-5.0.2.pom (9.3 kB at 319 kB/s)
Downloading from central: https://repo.maven.apache.org/maven2/org/slf4j/slf4j-api/1.7.25/slf4j-api-1.7.25.pom
Progress (1): 1.0 kB
Progress (1): 3.3 kB
Progress (1): 3.8 kB
                    
Downloaded from central: https://repo.maven.apache.org/maven2/org/slf4j/slf4j-api/1.7.25/slf4j-api-1.7.25.pom (3.8 kB at 116 kB/s)
Downloading from central: https://repo.maven.apache.org/maven2/org/slf4j/slf4j-parent/1.7.25/slf4j-parent-1.7.25.pom
Progress (1): 1.0 kB
Progress (1): 3.4 kB
Progress (1): 6.0 kB
Progress (1): 8.9 kB
Progress (1): 12 kB 
Progress (1): 14 kB
                   
Downloaded from central: https://repo.maven.apache.org/maven2/org/slf4j/slf4j-parent/1.7.25/slf4j-parent-1.7.25.pom (14 kB at 450 kB/s)
Downloading from central: https://repo.maven.apache.org/maven2/commons-codec/commons-codec/1.13/commons-codec-1.13.pom
Progress (1): 740 B
Progress (1): 1.9 kB
Progress (1): 4.0 kB
Progress (1): 6.5 kB
Progress (1): 8.3 kB
Progress (1): 10 kB 
Progress (1): 13 kB
Progress (1): 14 kB
                   
Downloaded from central: https://repo.maven.apache.org/maven2/commons-codec/commons-codec/1.13/commons-codec-1.13.pom (14 kB at 408 kB/s)
Downloading from central: https://repo.maven.apache.org/maven2/org/apache/commons/commons-parent/48/commons-parent-48.pom
Progress (1): 704 B
Progress (1): 1.9 kB
Progress (1): 3.2 kB
Progress (1): 4.7 kB
Progress (1): 8.4 kB
Progress (1): 11 kB 
Progress (1): 14 kB
Progress (1): 17 kB
Progress (1): 21 kB
Progress (1): 24 kB
Progress (1): 26 kB
Progress (1): 29 kB
Progress (1): 32 kB
Progress (1): 36 kB
Progress (1): 38 kB
Progress (1): 39 kB
Progress (1): 41 kB
Progress (1): 45 kB
Progress (1): 50 kB
Progress (1): 55 kB
Progress (1): 59 kB
Progress (1): 62 kB
Progress (1): 64 kB
Progress (1): 66 kB
Progress (1): 68 kB
Progress (1): 70 kB
Progress (1): 72 kB
Progress (1): 72 kB
                   
Downloaded from central: https://repo.maven.apache.org/maven2/org/apache/commons/commons-parent/48/commons-parent-48.pom (72 kB at 1.9 MB/s)
Downloading from central: https://repo.maven.apache.org/maven2/org/apache/apache/21/apache-21.pom
Progress (1): 753 B
Progress (1): 2.1 kB
Progress (1): 3.9 kB
Progress (1): 8.3 kB
Progress (1): 13 kB 
Progress (1): 16 kB
Progress (1): 17 kB
                   
Downloaded from central: https://repo.maven.apache.org/maven2/org/apache/apache/21/apache-21.pom (17 kB at 552 kB/s)
Downloading from central: https://repo.maven.apache.org/maven2/net/java/dev/jna/jna/5.13.0/jna-5.13.0.pom
Progress (1): 1.4 kB
Progress (1): 2.0 kB
                    
Downloaded from central: https://repo.maven.apache.org/maven2/net/java/dev/jna/jna/5.13.0/jna-5.13.0.pom (2.0 kB at 56 kB/s)
Downloading from central: https://repo.maven.apache.org/maven2/org/brotli/dec/0.1.2/dec-0.1.2.pom
Progress (1): 1.5 kB
Progress (1): 4.3 kB
                    
Downloaded from central: https://repo.maven.apache.org/maven2/org/brotli/dec/0.1.2/dec-0.1.2.pom (4.3 kB at 130 kB/s)
Downloading from central: https://repo.maven.apache.org/maven2/org/brotli/parent/0.1.2/parent-0.1.2.pom
Progress (1): 1.2 kB
Progress (1): 3.0 kB
                    
Downloaded from central: https://repo.maven.apache.org/maven2/org/brotli/parent/0.1.2/parent-0.1.2.pom (3.0 kB at 103 kB/s)
Downloading from central: https://repo.maven.apache.org/maven2/org/apache/commons/commons-lang3/3.14.0/commons-lang3-3.14.0.pom
Progress (1): 747 B
Progress (1): 2.1 kB
Progress (1): 4.7 kB
Progress (1): 8.4 kB
Progress (1): 12 kB 
Progress (1): 15 kB
Progress (1): 17 kB
Progress (1): 18 kB
Progress (1): 21 kB
Progress (1): 24 kB
Progress (1): 28 kB
Progress (1): 30 kB
Progress (1): 31 kB
                   
Downloaded from central: https://repo.maven.apache.org/maven2/org/apache/commons/commons-lang3/3.14.0/commons-lang3-3.14.0.pom (31 kB at 1.1 MB/s)
Downloading from central: https://repo.maven.apache.org/maven2/org/apache/commons/commons-parent/64/commons-parent-64.pom
Progress (1): 706 B
Progress (1): 1.9 kB
Progress (1): 3.1 kB
Progress (1): 4.7 kB
Progress (1): 6.4 kB
Progress (1): 8.4 kB
Progress (1): 10 kB 
Progress (1): 13 kB
Progress (1): 15 kB
Progress (1): 18 kB
Progress (1): 19 kB
Progress (1): 23 kB
Progress (1): 25 kB
Progress (1): 28 kB
Progress (1): 32 kB
Progress (1): 32 kB
Progress (1): 35 kB
Progress (1): 41 kB
Progress (1): 44 kB
Progress (1): 46 kB
Progress (1): 49 kB
Progress (1): 51 kB
Progress (1): 54 kB
Progress (1): 58 kB
Progress (1): 60 kB
Progress (1): 64 kB
Progress (1): 67 kB
Progress (1): 71 kB
Progress (1): 74 kB
Progress (1): 76 kB
Progress (1): 78 kB
                   
Downloaded from central: https://repo.maven.apache.org/maven2/org/apache/commons/commons-parent/64/commons-parent-64.pom (78 kB at 2.1 MB/s)
Downloading from central: https://repo.maven.apache.org/maven2/org/apache/apache/30/apache-30.pom
Progress (1): 743 B
Progress (1): 2.1 kB
Progress (1): 4.0 kB
Progress (1): 6.3 kB
Progress (1): 11 kB 
Progress (1): 16 kB
Progress (1): 20 kB
Progress (1): 22 kB
Progress (1): 23 kB
                   
Downloaded from central: https://repo.maven.apache.org/maven2/org/apache/apache/30/apache-30.pom (23 kB at 861 kB/s)
Downloading from central: https://repo.maven.apache.org/maven2/org/apache/commons/commons-compress/1.25.0/commons-compress-1.25.0.pom
Progress (1): 753 B
Progress (1): 1.9 kB
Progress (1): 3.5 kB
Progress (1): 6.8 kB
Progress (1): 9.5 kB
Progress (1): 11 kB 
Progress (1): 14 kB
Progress (1): 17 kB
Progress (1): 22 kB
Progress (1): 22 kB
                   
Downloaded from central: https://repo.maven.apache.org/maven2/org/apache/commons/commons-compress/1.25.0/commons-compress-1.25.0.pom (22 kB at 678 kB/s)
Downloading from central: https://repo.maven.apache.org/maven2/org/apache/httpcomponents/client5/httpclient5/5.2.1/httpclient5-5.2.1.pom
Progress (1): 869 B
Progress (1): 3.2 kB
Progress (1): 5.5 kB
Progress (1): 6.0 kB
                    
Downloaded from central: https://repo.maven.apache.org/maven2/org/apache/httpcomponents/client5/httpclient5/5.2.1/httpclient5-5.2.1.pom (6.0 kB at 170 kB/s)
Downloading from central: https://repo.maven.apache.org/maven2/org/apache/httpcomponents/client5/httpclient5-parent/5.2.1/httpclient5-parent-5.2.1.pom
Progress (1): 838 B
Progress (1): 2.2 kB
Progress (1): 4.0 kB
Progress (1): 8.7 kB
Progress (1): 12 kB 
Progress (1): 15 kB
Progress (1): 17 kB
                   
Downloaded from central: https://repo.maven.apache.org/maven2/org/apache/httpcomponents/client5/httpclient5-parent/5.2.1/httpclient5-parent-5.2.1.pom (17 kB at 512 kB/s)
Downloading from central: https://repo.maven.apache.org/maven2/org/apache/httpcomponents/httpcomponents-parent/13/httpcomponents-parent-13.pom
Progress (1): 805 B
Progress (1): 2.1 kB
Progress (1): 4.1 kB
Progress (1): 5.9 kB
Progress (1): 7.1 kB
Progress (1): 8.5 kB
Progress (1): 12 kB 
Progress (1): 16 kB
Progress (1): 18 kB
Progress (1): 22 kB
Progress (1): 24 kB
Progress (1): 27 kB
Progress (1): 30 kB
Progress (1): 30 kB
                   
Downloaded from central: https://repo.maven.apache.org/maven2/org/apache/httpcomponents/httpcomponents-parent/13/httpcomponents-parent-13.pom (30 kB at 975 kB/s)
Downloading from central: https://repo.maven.apache.org/maven2/org/apache/apache/27/apache-27.pom
Progress (1): 745 B
Progress (1): 2.1 kB
Progress (1): 3.9 kB
Progress (1): 7.3 kB
Progress (1): 12 kB 
Progress (1): 16 kB
Progress (1): 19 kB
Progress (1): 20 kB
                   
Downloaded from central: https://repo.maven.apache.org/maven2/org/apache/apache/27/apache-27.pom (20 kB at 679 kB/s)
Downloading from central: https://repo.maven.apache.org/maven2/org/apache/httpcomponents/core5/httpcore5/5.2/httpcore5-5.2.pom
Progress (1): 883 B
Progress (1): 2.9 kB
Progress (1): 3.9 kB
                    
Downloaded from central: https://repo.maven.apache.org/maven2/org/apache/httpcomponents/core5/httpcore5/5.2/httpcore5-5.2.pom (3.9 kB at 146 kB/s)
Downloading from central: https://repo.maven.apache.org/maven2/org/apache/httpcomponents/core5/httpcore5-parent/5.2/httpcore5-parent-5.2.pom
Progress (1): 843 B
Progress (1): 2.2 kB
Progress (1): 4.0 kB
Progress (1): 7.3 kB
Progress (1): 10 kB 
Progress (1): 14 kB
                   
Downloaded from central: https://repo.maven.apache.org/maven2/org/apache/httpcomponents/core5/httpcore5-parent/5.2/httpcore5-parent-5.2.pom (14 kB at 508 kB/s)
Downloading from central: https://repo.maven.apache.org/maven2/org/apache/httpcomponents/core5/httpcore5-h2/5.2/httpcore5-h2-5.2.pom
Progress (1): 884 B
Progress (1): 3.1 kB
Progress (1): 3.6 kB
                    
Downloaded from central: https://repo.maven.apache.org/maven2/org/apache/httpcomponents/core5/httpcore5-h2/5.2/httpcore5-h2-5.2.pom (3.6 kB at 134 kB/s)
Downloading from central: https://repo.maven.apache.org/maven2/org/seleniumhq/selenium/selenium-java/4.20.0/selenium-java-4.20.0.jar
Progress (1): 545 B
                   
Downloaded from central: https://repo.maven.apache.org/maven2/org/seleniumhq/selenium/selenium-java/4.20.0/selenium-java-4.20.0.jar (545 B at 19 kB/s)
Downloading from central: https://repo.maven.apache.org/maven2/org/seleniumhq/selenium/selenium-api/4.20.0/selenium-api-4.20.0.jar
Downloading from central: https://repo.maven.apache.org/maven2/org/seleniumhq/selenium/selenium-chrome-driver/4.20.0/selenium-chrome-driver-4.20.0.jar
Downloading from central: https://repo.maven.apache.org/maven2/com/google/auto/service/auto-service-annotations/1.1.1/auto-service-annotations-1.1.1.jar
Downloading from central: https://repo.maven.apache.org/maven2/org/seleniumhq/selenium/selenium-chromium-driver/4.20.0/selenium-chromium-driver-4.20.0.jar
Downloading from central: https://repo.maven.apache.org/maven2/org/seleniumhq/selenium/selenium-json/4.20.0/selenium-json-4.20.0.jar
Progress (1): 7.7/15 kB
Progress (1): 15 kB    
                   
Downloaded from central: https://repo.maven.apache.org/maven2/org/seleniumhq/selenium/selenium-chrome-driver/4.20.0/selenium-chrome-driver-4.20.0.jar (15 kB at 494 kB/s)
Downloading from central: https://repo.maven.apache.org/maven2/org/seleniumhq/selenium/selenium-manager/4.20.0/selenium-manager-4.20.0.jar
Progress (1): 0/8.4 MB
Progress (1): 0/8.4 MB
Progress (1): 0/8.4 MB
Progress (1): 0/8.4 MB
Progress (1): 0.1/8.4 MB
Progress (1): 0.1/8.4 MB
Progress (1): 0.1/8.4 MB
Progress (2): 0.1/8.4 MB | 0.9/231 kB
Progress (2): 0.1/8.4 MB | 2.3/231 kB
Progress (2): 0.1/8.4 MB | 3.6/231 kB
Progress (2): 0.1/8.4 MB | 5.0/231 kB
Progress (2): 0.1/8.4 MB | 6.4/231 kB
Progress (2): 0.1/8.4 MB | 7.7/231 kB
Progress (2): 0.1/8.4 MB | 9.1/231 kB
Progress (2): 0.1/8.4 MB | 10/231 kB 
Progress (2): 0.1/8.4 MB | 10/231 kB
Progress (2): 0.1/8.4 MB | 12/231 kB
Progress (2): 0.1/8.4 MB | 13/231 kB
Progress (2): 0.1/8.4 MB | 15/231 kB
Progress (2): 0.1/8.4 MB | 16/231 kB
Progress (2): 0.1/8.4 MB | 17/231 kB
Progress (2): 0.1/8.4 MB | 19/231 kB
Progress (2): 0.1/8.4 MB | 20/231 kB
Progress (2): 0.1/8.4 MB | 21/231 kB
Progress (2): 0.1/8.4 MB | 23/231 kB
Progress (2): 0.1/8.4 MB | 23/231 kB
Progress (2): 0.1/8.4 MB | 24/231 kB
Progress (2): 0.1/8.4 MB | 25/231 kB
Progress (2): 0.1/8.4 MB | 26/231 kB
Progress (2): 0.1/8.4 MB | 27/231 kB
Progress (2): 0.1/8.4 MB | 29/231 kB
Progress (2): 0.1/8.4 MB | 30/231 kB
Progress (2): 0.1/8.4 MB | 31/231 kB
Progress (2): 0.1/8.4 MB | 33/231 kB
Progress (2): 0.1/8.4 MB | 34/231 kB
Progress (2): 0.1/8.4 MB | 36/231 kB
Progress (2): 0.1/8.4 MB | 37/231 kB
Progress (2): 0.1/8.4 MB | 38/231 kB
Progress (2): 0.1/8.4 MB | 40/231 kB
Progress (2): 0.1/8.4 MB | 41/231 kB
Progress (2): 0.1/8.4 MB | 42/231 kB
Progress (3): 0.1/8.4 MB | 42/231 kB | 0.9/3.2 kB
Progress (3): 0.1/8.4 MB | 44/231 kB | 0.9/3.2 kB
Progress (3): 0.1/8.4 MB | 44/231 kB | 0.9/3.2 kB
Progress (3): 0.1/8.4 MB | 45/231 kB | 0.9/3.2 kB
Progress (3): 0.1/8.4 MB | 45/231 kB | 2.3/3.2 kB
Progress (3): 0.1/8.4 MB | 46/231 kB | 2.3/3.2 kB
Progress (3): 0.1/8.4 MB | 46/231 kB | 3.2 kB    
Progress (3): 0.1/8.4 MB | 48/231 kB | 3.2 kB
Progress (3): 0.1/8.4 MB | 49/231 kB | 3.2 kB
Progress (3): 0.1/8.4 MB | 51/231 kB | 3.2 kB
Progress (3): 0.1/8.4 MB | 52/231 kB | 3.2 kB
Progress (3): 0.1/8.4 MB | 53/231 kB | 3.2 kB
Progress (3): 0.1/8.4 MB | 55/231 kB | 3.2 kB
                                             
Downloaded from central: https://repo.maven.apache.org/maven2/com/google/auto/service/auto-service-annotations/1.1.1/auto-service-annotations-1.1.1.jar (3.2 kB at 45 kB/s)
Downloading from central: https://repo.maven.apache.org/maven2/org/seleniumhq/selenium/selenium-devtools-v122/4.20.0/selenium-devtools-v122-4.20.0.jar
Progress (2): 0.2/8.4 MB | 55/231 kB
Progress (2): 0.2/8.4 MB | 55/231 kB
Progress (2): 0.2/8.4 MB | 55/231 kB
Progress (2): 0.2/8.4 MB | 55/231 kB
Progress (2): 0.2/8.4 MB | 55/231 kB
Progress (2): 0.2/8.4 MB | 55/231 kB
Progress (2): 0.3/8.4 MB | 55/231 kB
Progress (2): 0.3/8.4 MB | 55/231 kB
Progress (2): 0.3/8.4 MB | 55/231 kB
Progress (3): 0.3/8.4 MB | 55/231 kB | 0.9/37 kB
Progress (3): 0.3/8.4 MB | 55/231 kB | 2.3/37 kB
Progress (3): 0.3/8.4 MB | 55/231 kB | 3.6/37 kB
Progress (3): 0.3/8.4 MB | 55/231 kB | 5.0/37 kB
Progress (3): 0.3/8.4 MB | 55/231 kB | 6.4/37 kB
Progress (3): 0.3/8.4 MB | 55/231 kB | 6.4/37 kB
Progress (3): 0.3/8.4 MB | 55/231 kB | 7.7/37 kB
Progress (3): 0.3/8.4 MB | 55/231 kB | 9.1/37 kB
Progress (3): 0.3/8.4 MB | 55/231 kB | 10/37 kB 
Progress (3): 0.3/8.4 MB | 55/231 kB | 12/37 kB
Progress (3): 0.3/8.4 MB | 55/231 kB | 13/37 kB
Progress (3): 0.3/8.4 MB | 55/231 kB | 15/37 kB
Progress (3): 0.3/8.4 MB | 55/231 kB | 16/37 kB
Progress (3): 0.3/8.4 MB | 55/231 kB | 17/37 kB
Progress (3): 0.3/8.4 MB | 55/231 kB | 17/37 kB
Progress (3): 0.3/8.4 MB | 55/231 kB | 19/37 kB
Progress (3): 0.3/8.4 MB | 55/231 kB | 20/37 kB
Progress (3): 0.3/8.4 MB | 55/231 kB | 21/37 kB
Progress (3): 0.3/8.4 MB | 55/231 kB | 23/37 kB
Progress (3): 0.3/8.4 MB | 55/231 kB | 24/37 kB
Progress (3): 0.3/8.4 MB | 55/231 kB | 26/37 kB
Progress (3): 0.3/8.4 MB | 55/231 kB | 27/37 kB
Progress (3): 0.3/8.4 MB | 55/231 kB | 28/37 kB
Progress (3): 0.3/8.4 MB | 55/231 kB | 30/37 kB
Progress (3): 0.3/8.4 MB | 55/231 kB | 31/37 kB
Progress (3): 0.3/8.4 MB | 55/231 kB | 32/37 kB
Progress (3): 0.3/8.4 MB | 55/231 kB | 34/37 kB
Progress (3): 0.3/8.4 MB | 55/231 kB | 35/37 kB
Progress (3): 0.3/8.4 MB | 55/231 kB | 36/37 kB
Progress (3): 0.3/8.4 MB | 55/231 kB | 37 kB   
Progress (3): 0.3/8.4 MB | 55/231 kB | 37 kB
                                            
Downloaded from central: https://repo.maven.apache.org/maven2/org/seleniumhq/selenium/selenium-chromium-driver/4.20.0/selenium-chromium-driver-4.20.0.jar (37 kB at 453 kB/s)
Progress (2): 0.4/8.4 MB | 55/231 kB
Progress (2): 0.4/8.4 MB | 55/231 kB
Progress (2): 0.4/8.4 MB | 59/231 kB
Progress (2): 0.4/8.4 MB | 63/231 kB
Progress (2): 0.4/8.4 MB | 67/231 kB
Progress (2): 0.4/8.4 MB | 67/231 kB
Progress (2): 0.4/8.4 MB | 72/231 kB
Progress (2): 0.4/8.4 MB | 76/231 kB
Progress (2): 0.4/8.4 MB | 80/231 kB
Progress (3): 0.4/8.4 MB | 80/231 kB | 0.9/71 kB
Progress (3): 0.4/8.4 MB | 80/231 kB | 2.3/71 kB
Progress (3): 0.4/8.4 MB | 80/231 kB | 3.6/71 kB
Progress (3): 0.4/8.4 MB | 84/231 kB | 3.6/71 kB
Progress (3): 0.4/8.4 MB | 84/231 kB | 5.0/71 kB
Progress (3): 0.4/8.4 MB | 84/231 kB | 6.4/71 kB
Progress (3): 0.4/8.4 MB | 84/231 kB | 7.7/71 kB
Progress (3): 0.4/8.4 MB | 84/231 kB | 8.2/71 kB
Progress (3): 0.4/8.4 MB | 84/231 kB | 9.6/71 kB
Progress (3): 0.4/8.4 MB | 84/231 kB | 11/71 kB 
Progress (3): 0.4/8.4 MB | 84/231 kB | 12/71 kB
Progress (3): 0.4/8.4 MB | 84/231 kB | 14/71 kB
Progress (3): 0.4/8.4 MB | 89/231 kB | 14/71 kB
Progress (3): 0.4/8.4 MB | 89/231 kB | 15/71 kB
Progress (3): 0.4/8.4 MB | 89/231 kB | 16/71 kB
Progress (3): 0.4/8.4 MB | 89/231 kB | 18/71 kB
Progress (3): 0.4/8.4 MB | 89/231 kB | 19/71 kB
Progress (3): 0.4/8.4 MB | 93/231 kB | 19/71 kB
Progress (3): 0.4/8.4 MB | 93/231 kB | 21/71 kB
Progress (3): 0.4/8.4 MB | 93/231 kB | 22/71 kB
Progress (3): 0.4/8.4 MB | 93/231 kB | 23/71 kB
Progress (3): 0.4/8.4 MB | 93/231 kB | 25/71 kB
Progress (3): 0.4/8.4 MB | 93/231 kB | 26/71 kB
Progress (3): 0.4/8.4 MB | 93/231 kB | 27/71 kB
Progress (3): 0.4/8.4 MB | 93/231 kB | 29/71 kB
Progress (3): 0.4/8.4 MB | 93/231 kB | 30/71 kB
Progress (3): 0.4/8.4 MB | 93/231 kB | 31/71 kB
Progress (3): 0.4/8.4 MB | 93/231 kB | 33/71 kB
Progress (3): 0.4/8.4 MB | 93/231 kB | 34/71 kB
Progress (3): 0.4/8.4 MB | 93/231 kB | 36/71 kB
Progress (3): 0.4/8.4 MB | 93/231 kB | 37/71 kB
Progress (3): 0.4/8.4 MB | 93/231 kB | 38/71 kB
Progress (3): 0.4/8.4 MB | 93/231 kB | 40/71 kB
                                               
Downloading from central: https://repo.maven.apache.org/maven2/org/seleniumhq/selenium/selenium-devtools-v123/4.20.0/selenium-devtools-v123-4.20.0.jar
Progress (3): 0.4/8.4 MB | 93/231 kB | 41/71 kB
Progress (3): 0.4/8.4 MB | 93/231 kB | 42/71 kB
Progress (3): 0.4/8.4 MB | 93/231 kB | 44/71 kB
Progress (3): 0.4/8.4 MB | 93/231 kB | 45/71 kB
Progress (3): 0.4/8.4 MB | 93/231 kB | 47/71 kB
Progress (3): 0.4/8.4 MB | 93/231 kB | 48/71 kB
Progress (3): 0.4/8.4 MB | 93/231 kB | 49/71 kB
Progress (3): 0.4/8.4 MB | 93/231 kB | 51/71 kB
Progress (3): 0.4/8.4 MB | 93/231 kB | 52/71 kB
Progress (3): 0.4/8.4 MB | 93/231 kB | 53/71 kB
Progress (3): 0.4/8.4 MB | 93/231 kB | 53/71 kB
Progress (3): 0.4/8.4 MB | 93/231 kB | 55/71 kB
Progress (3): 0.4/8.4 MB | 93/231 kB | 59/71 kB
Progress (3): 0.4/8.4 MB | 93/231 kB | 59/71 kB
Progress (3): 0.4/8.4 MB | 93/231 kB | 59/71 kB
Progress (3): 0.5/8.4 MB | 93/231 kB | 59/71 kB
Progress (3): 0.5/8.4 MB | 93/231 kB | 59/71 kB
Progress (3): 0.5/8.4 MB | 93/231 kB | 63/71 kB
Progress (3): 0.5/8.4 MB | 93/231 kB | 63/71 kB
Progress (3): 0.5/8.4 MB | 93/231 kB | 63/71 kB
Progress (3): 0.5/8.4 MB | 97/231 kB | 63/71 kB
Progress (3): 0.5/8.4 MB | 97/231 kB | 63/71 kB
Progress (3): 0.5/8.4 MB | 101/231 kB | 63/71 kB
Progress (3): 0.5/8.4 MB | 105/231 kB | 63/71 kB
Progress (3): 0.5/8.4 MB | 110/231 kB | 63/71 kB
Progress (3): 0.5/8.4 MB | 110/231 kB | 63/71 kB
Progress (3): 0.5/8.4 MB | 114/231 kB | 63/71 kB
Progress (3): 0.6/8.4 MB | 114/231 kB | 63/71 kB
Progress (3): 0.6/8.4 MB | 114/231 kB | 63/71 kB
Progress (3): 0.6/8.4 MB | 114/231 kB | 63/71 kB
Progress (3): 0.6/8.4 MB | 118/231 kB | 63/71 kB
Progress (3): 0.6/8.4 MB | 122/231 kB | 63/71 kB
Progress (3): 0.6/8.4 MB | 122/231 kB | 63/71 kB
Progress (3): 0.6/8.4 MB | 127/231 kB | 63/71 kB
Progress (3): 0.6/8.4 MB | 127/231 kB | 67/71 kB
Progress (3): 0.6/8.4 MB | 127/231 kB | 67/71 kB
Progress (3): 0.6/8.4 MB | 127/231 kB | 71 kB   
Progress (3): 0.6/8.4 MB | 127/231 kB | 71 kB
                                             
Downloaded from central: https://repo.maven.apache.org/maven2/org/seleniumhq/selenium/selenium-json/4.20.0/selenium-json-4.20.0.jar (71 kB at 766 kB/s)
Progress (2): 0.7/8.4 MB | 127/231 kB
                                     
Downloading from central: https://repo.maven.apache.org/maven2/org/seleniumhq/selenium/selenium-devtools-v124/4.20.0/selenium-devtools-v124-4.20.0.jar
Progress (2): 0.7/8.4 MB | 127/231 kB
Progress (2): 0.7/8.4 MB | 127/231 kB
Progress (2): 0.7/8.4 MB | 127/231 kB
Progress (2): 0.7/8.4 MB | 127/231 kB
Progress (2): 0.7/8.4 MB | 127/231 kB
Progress (3): 0.7/8.4 MB | 127/231 kB | 0/1.5 MB
Progress (3): 0.7/8.4 MB | 127/231 kB | 0/1.5 MB
Progress (3): 0.7/8.4 MB | 127/231 kB | 0/1.5 MB
Progress (3): 0.7/8.4 MB | 127/231 kB | 0/1.5 MB
Progress (3): 0.7/8.4 MB | 127/231 kB | 0/1.5 MB
Progress (3): 0.7/8.4 MB | 127/231 kB | 0/1.5 MB
Progress (3): 0.7/8.4 MB | 127/231 kB | 0/1.5 MB
Progress (3): 0.7/8.4 MB | 127/231 kB | 0/1.5 MB
Progress (3): 0.7/8.4 MB | 127/231 kB | 0/1.5 MB
Progress (3): 0.7/8.4 MB | 127/231 kB | 0/1.5 MB
Progress (3): 0.7/8.4 MB | 127/231 kB | 0/1.5 MB
Progress (3): 0.7/8.4 MB | 127/231 kB | 0/1.5 MB
Progress (3): 0.7/8.4 MB | 127/231 kB | 0/1.5 MB
Progress (3): 0.7/8.4 MB | 127/231 kB | 0/1.5 MB
Progress (3): 0.7/8.4 MB | 127/231 kB | 0/1.5 MB
Progress (3): 0.7/8.4 MB | 127/231 kB | 0/1.5 MB
Progress (3): 0.7/8.4 MB | 127/231 kB | 0/1.5 MB
Progress (3): 0.7/8.4 MB | 127/231 kB | 0/1.5 MB
Progress (3): 0.7/8.4 MB | 127/231 kB | 0/1.5 MB
Progress (3): 0.7/8.4 MB | 127/231 kB | 0/1.5 MB
Progress (3): 0.7/8.4 MB | 127/231 kB | 0/1.5 MB
Progress (3): 0.7/8.4 MB | 127/231 kB | 0/1.5 MB
Progress (3): 0.8/8.4 MB | 127/231 kB | 0/1.5 MB
Progress (3): 0.8/8.4 MB | 127/231 kB | 0/1.5 MB
Progress (3): 0.8/8.4 MB | 127/231 kB | 0/1.5 MB
Progress (3): 0.8/8.4 MB | 127/231 kB | 0/1.5 MB
Progress (3): 0.8/8.4 MB | 127/231 kB | 0/1.5 MB
Progress (3): 0.8/8.4 MB | 127/231 kB | 0/1.5 MB
Progress (3): 0.8/8.4 MB | 127/231 kB | 0/1.5 MB
Progress (3): 0.8/8.4 MB | 127/231 kB | 0/1.5 MB
Progress (3): 0.8/8.4 MB | 127/231 kB | 0/1.5 MB
Progress (3): 0.8/8.4 MB | 127/231 kB | 0/1.5 MB
Progress (3): 0.8/8.4 MB | 127/231 kB | 0/1.5 MB
Progress (3): 0.8/8.4 MB | 127/231 kB | 0/1.5 MB
Progress (3): 0.8/8.4 MB | 127/231 kB | 0/1.5 MB
Progress (3): 0.8/8.4 MB | 127/231 kB | 0/1.5 MB
Progress (3): 0.8/8.4 MB | 127/231 kB | 0/1.5 MB
Progress (3): 0.8/8.4 MB | 127/231 kB | 0/1.5 MB
Progress (3): 0.8/8.4 MB | 127/231 kB | 0/1.5 MB
Progress (3): 0.8/8.4 MB | 127/231 kB | 0/1.5 MB
Progress (3): 0.8/8.4 MB | 127/231 kB | 0.1/1.5 MB
Progress (3): 0.8/8.4 MB | 127/231 kB | 0.1/1.5 MB
Progress (3): 0.8/8.4 MB | 127/231 kB | 0.1/1.5 MB
Progress (3): 0.8/8.4 MB | 131/231 kB | 0.1/1.5 MB
Progress (3): 0.8/8.4 MB | 131/231 kB | 0.1/1.5 MB
Progress (3): 0.8/8.4 MB | 135/231 kB | 0.1/1.5 MB
Progress (3): 0.8/8.4 MB | 139/231 kB | 0.1/1.5 MB
Progress (3): 0.8/8.4 MB | 139/231 kB | 0.1/1.5 MB
Progress (3): 0.8/8.4 MB | 144/231 kB | 0.1/1.5 MB
Progress (3): 0.8/8.4 MB | 148/231 kB | 0.1/1.5 MB
Progress (3): 0.8/8.4 MB | 148/231 kB | 0.1/1.5 MB
Progress (3): 0.8/8.4 MB | 152/231 kB | 0.1/1.5 MB
Progress (3): 0.8/8.4 MB | 156/231 kB | 0.1/1.5 MB
Progress (3): 0.9/8.4 MB | 156/231 kB | 0.1/1.5 MB
Progress (3): 0.9/8.4 MB | 160/231 kB | 0.1/1.5 MB
Progress (3): 0.9/8.4 MB | 164/231 kB | 0.1/1.5 MB
Progress (3): 0.9/8.4 MB | 164/231 kB | 0.1/1.5 MB
Progress (3): 0.9/8.4 MB | 168/231 kB | 0.1/1.5 MB
Progress (3): 0.9/8.4 MB | 173/231 kB | 0.1/1.5 MB
Progress (3): 0.9/8.4 MB | 173/231 kB | 0.1/1.5 MB
Progress (3): 0.9/8.4 MB | 177/231 kB | 0.1/1.5 MB
Progress (3): 0.9/8.4 MB | 181/231 kB | 0.1/1.5 MB
Progress (3): 0.9/8.4 MB | 185/231 kB | 0.1/1.5 MB
Progress (3): 0.9/8.4 MB | 185/231 kB | 0.1/1.5 MB
Progress (3): 0.9/8.4 MB | 189/231 kB | 0.1/1.5 MB
Progress (3): 0.9/8.4 MB | 194/231 kB | 0.1/1.5 MB
Progress (3): 0.9/8.4 MB | 198/231 kB | 0.1/1.5 MB
Progress (3): 0.9/8.4 MB | 198/231 kB | 0.1/1.5 MB
Progress (3): 0.9/8.4 MB | 202/231 kB | 0.1/1.5 MB
Progress (3): 0.9/8.4 MB | 206/231 kB | 0.1/1.5 MB
Progress (3): 0.9/8.4 MB | 211/231 kB | 0.1/1.5 MB
Progress (3): 0.9/8.4 MB | 211/231 kB | 0.1/1.5 MB
Progress (3): 0.9/8.4 MB | 215/231 kB | 0.1/1.5 MB
Progress (3): 0.9/8.4 MB | 219/231 kB | 0.1/1.5 MB
Progress (3): 1.0/8.4 MB | 219/231 kB | 0.1/1.5 MB
Progress (3): 1.0/8.4 MB | 219/231 kB | 0.1/1.5 MB
Progress (3): 1.0/8.4 MB | 223/231 kB | 0.1/1.5 MB
Progress (3): 1.0/8.4 MB | 223/231 kB | 0.1/1.5 MB
Progress (3): 1.0/8.4 MB | 231 kB | 0.1/1.5 MB    
Progress (3): 1.0/8.4 MB | 231 kB | 0.1/1.5 MB
Progress (3): 1.0/8.4 MB | 231 kB | 0.1/1.5 MB
                                              
Downloaded from central: https://repo.maven.apache.org/maven2/org/seleniumhq/selenium/selenium-api/4.20.0/selenium-api-4.20.0.jar (231 kB at 2.1 MB/s)
Downloading from central: https://repo.maven.apache.org/maven2/org/seleniumhq/selenium/selenium-devtools-v85/4.20.0/selenium-devtools-v85-4.20.0.jar
Progress (2): 1.0/8.4 MB | 0.1/1.5 MB
Progress (2): 1.0/8.4 MB | 0.1/1.5 MB
Progress (2): 1.1/8.4 MB | 0.1/1.5 MB
Progress (2): 1.1/8.4 MB | 0.1/1.5 MB
Progress (2): 1.1/8.4 MB | 0.1/1.5 MB
Progress (2): 1.1/8.4 MB | 0.1/1.5 MB
Progress (2): 1.1/8.4 MB | 0.1/1.5 MB
Progress (2): 1.1/8.4 MB | 0.1/1.5 MB
Progress (2): 1.1/8.4 MB | 0.1/1.5 MB
Progress (2): 1.1/8.4 MB | 0.1/1.5 MB
Progress (2): 1.1/8.4 MB | 0.1/1.5 MB
Progress (2): 1.1/8.4 MB | 0.1/1.5 MB
Progress (2): 1.1/8.4 MB | 0.1/1.5 MB
Progress (2): 1.1/8.4 MB | 0.1/1.5 MB
Progress (2): 1.2/8.4 MB | 0.1/1.5 MB
Progress (2): 1.2/8.4 MB | 0.1/1.5 MB
Progress (2): 1.2/8.4 MB | 0.1/1.5 MB
Progress (3): 1.2/8.4 MB | 0.1/1.5 MB | 0/1.5 MB
Progress (3): 1.2/8.4 MB | 0.1/1.5 MB | 0/1.5 MB
Progress (3): 1.2/8.4 MB | 0.1/1.5 MB | 0/1.5 MB
Progress (3): 1.2/8.4 MB | 0.1/1.5 MB | 0/1.5 MB
Progress (3): 1.2/8.4 MB | 0.1/1.5 MB | 0/1.5 MB
Progress (3): 1.2/8.4 MB | 0.1/1.5 MB | 0/1.5 MB
Progress (3): 1.2/8.4 MB | 0.1/1.5 MB | 0/1.5 MB
Progress (3): 1.2/8.4 MB | 0.1/1.5 MB | 0/1.5 MB
Progress (3): 1.2/8.4 MB | 0.1/1.5 MB | 0/1.5 MB
Progress (3): 1.2/8.4 MB | 0.1/1.5 MB | 0/1.5 MB
Progress (3): 1.2/8.4 MB | 0.1/1.5 MB | 0/1.5 MB
Progress (3): 1.2/8.4 MB | 0.1/1.5 MB | 0/1.5 MB
Progress (3): 1.2/8.4 MB | 0.1/1.5 MB | 0/1.5 MB
Progress (3): 1.2/8.4 MB | 0.1/1.5 MB | 0/1.5 MB
Progress (3): 1.2/8.4 MB | 0.1/1.5 MB | 0/1.5 MB
Progress (3): 1.2/8.4 MB | 0.1/1.5 MB | 0/1.5 MB
Progress (3): 1.2/8.4 MB | 0.1/1.5 MB | 0/1.5 MB
Progress (3): 1.2/8.4 MB | 0.1/1.5 MB | 0/1.5 MB
Progress (3): 1.2/8.4 MB | 0.1/1.5 MB | 0/1.5 MB
Progress (3): 1.2/8.4 MB | 0.1/1.5 MB | 0/1.5 MB
Progress (3): 1.2/8.4 MB | 0.1/1.5 MB | 0/1.5 MB
Progress (3): 1.2/8.4 MB | 0.1/1.5 MB | 0/1.5 MB
Progress (3): 1.2/8.4 MB | 0.1/1.5 MB | 0/1.5 MB
Progress (3): 1.2/8.4 MB | 0.1/1.5 MB | 0/1.5 MB
Progress (3): 1.2/8.4 MB | 0.1/1.5 MB | 0/1.5 MB
Progress (3): 1.2/8.4 MB | 0.1/1.5 MB | 0/1.5 MB
Progress (3): 1.3/8.4 MB | 0.1/1.5 MB | 0/1.5 MB
Progress (3): 1.3/8.4 MB | 0.1/1.5 MB | 0.1/1.5 MB
Progress (3): 1.3/8.4 MB | 0.1/1.5 MB | 0.1/1.5 MB
Progress (3): 1.3/8.4 MB | 0.1/1.5 MB | 0.1/1.5 MB
Progress (3): 1.3/8.4 MB | 0.1/1.5 MB | 0.1/1.5 MB
Progress (3): 1.3/8.4 MB | 0.1/1.5 MB | 0.1/1.5 MB
Progress (3): 1.3/8.4 MB | 0.1/1.5 MB | 0.1/1.5 MB
Progress (3): 1.3/8.4 MB | 0.1/1.5 MB | 0.1/1.5 MB
Progress (3): 1.3/8.4 MB | 0.1/1.5 MB | 0.1/1.5 MB
Progress (3): 1.3/8.4 MB | 0.1/1.5 MB | 0.1/1.5 MB
Progress (3): 1.4/8.4 MB | 0.1/1.5 MB | 0.1/1.5 MB
Progress (3): 1.4/8.4 MB | 0.1/1.5 MB | 0.1/1.5 MB
Progress (3): 1.4/8.4 MB | 0.1/1.5 MB | 0.1/1.5 MB
Progress (3): 1.4/8.4 MB | 0.1/1.5 MB | 0.1/1.5 MB
Progress (3): 1.4/8.4 MB | 0.1/1.5 MB | 0.1/1.5 MB
Progress (3): 1.4/8.4 MB | 0.1/1.5 MB | 0.1/1.5 MB
Progress (3): 1.4/8.4 MB | 0.1/1.5 MB | 0.1/1.5 MB
Progress (3): 1.4/8.4 MB | 0.1/1.5 MB | 0.1/1.5 MB
Progress (3): 1.4/8.4 MB | 0.1/1.5 MB | 0.1/1.5 MB
Progress (3): 1.4/8.4 MB | 0.1/1.5 MB | 0.1/1.5 MB
Progress (3): 1.4/8.4 MB | 0.1/1.5 MB | 0.1/1.5 MB
Progress (3): 1.5/8.4 MB | 0.1/1.5 MB | 0.1/1.5 MB
Progress (3): 1.5/8.4 MB | 0.1/1.5 MB | 0.1/1.5 MB
Progress (3): 1.5/8.4 MB | 0.1/1.5 MB | 0.1/1.5 MB
Progress (3): 1.5/8.4 MB | 0.1/1.5 MB | 0.1/1.5 MB
Progress (3): 1.5/8.4 MB | 0.1/1.5 MB | 0.1/1.5 MB
Progress (3): 1.5/8.4 MB | 0.1/1.5 MB | 0.1/1.5 MB
Progress (3): 1.5/8.4 MB | 0.1/1.5 MB | 0.1/1.5 MB
Progress (3): 1.5/8.4 MB | 0.1/1.5 MB | 0.1/1.5 MB
Progress (3): 1.5/8.4 MB | 0.1/1.5 MB | 0.1/1.5 MB
Progress (3): 1.5/8.4 MB | 0.1/1.5 MB | 0.1/1.5 MB
Progress (3): 1.6/8.4 MB | 0.1/1.5 MB | 0.1/1.5 MB
Progress (3): 1.6/8.4 MB | 0.1/1.5 MB | 0.1/1.5 MB
Progress (3): 1.6/8.4 MB | 0.1/1.5 MB | 0.1/1.5 MB
Progress (3): 1.6/8.4 MB | 0.1/1.5 MB | 0.1/1.5 MB
Progress (3): 1.6/8.4 MB | 0.1/1.5 MB | 0.1/1.5 MB
Progress (3): 1.6/8.4 MB | 0.1/1.5 MB | 0.1/1.5 MB
Progress (3): 1.6/8.4 MB | 0.1/1.5 MB | 0.1/1.5 MB
Progress (3): 1.6/8.4 MB | 0.1/1.5 MB | 0.1/1.5 MB
Progress (3): 1.6/8.4 MB | 0.1/1.5 MB | 0.1/1.5 MB
Progress (3): 1.6/8.4 MB | 0.1/1.5 MB | 0.1/1.5 MB
Progress (3): 1.6/8.4 MB | 0.1/1.5 MB | 0.1/1.5 MB
Progress (3): 1.6/8.4 MB | 0.1/1.5 MB | 0.1/1.5 MB
Progress (3): 1.6/8.4 MB | 0.1/1.5 MB | 0.1/1.5 MB
Progress (3): 1.6/8.4 MB | 0.1/1.5 MB | 0.1/1.5 MB
Progress (3): 1.6/8.4 MB | 0.1/1.5 MB | 0.1/1.5 MB
Progress (3): 1.6/8.4 MB | 0.1/1.5 MB | 0.1/1.5 MB
Progress (3): 1.6/8.4 MB | 0.1/1.5 MB | 0.1/1.5 MB
Progress (3): 1.6/8.4 MB | 0.1/1.5 MB | 0.1/1.5 MB
Progress (3): 1.6/8.4 MB | 0.2/1.5 MB | 0.1/1.5 MB
Progress (3): 1.6/8.4 MB | 0.2/1.5 MB | 0.1/1.5 MB
Progress (3): 1.6/8.4 MB | 0.2/1.5 MB | 0.1/1.5 MB
Progress (3): 1.6/8.4 MB | 0.2/1.5 MB | 0.1/1.5 MB
Progress (3): 1.6/8.4 MB | 0.2/1.5 MB | 0.1/1.5 MB
Progress (3): 1.6/8.4 MB | 0.2/1.5 MB | 0.1/1.5 MB
Progress (3): 1.6/8.4 MB | 0.2/1.5 MB | 0.1/1.5 MB
Progress (3): 1.6/8.4 MB | 0.2/1.5 MB | 0.1/1.5 MB
Progress (3): 1.6/8.4 MB | 0.2/1.5 MB | 0.1/1.5 MB
Progress (3): 1.6/8.4 MB | 0.2/1.5 MB | 0.1/1.5 MB
Progress (3): 1.6/8.4 MB | 0.2/1.5 MB | 0.1/1.5 MB
Progress (3): 1.6/8.4 MB | 0.2/1.5 MB | 0.1/1.5 MB
Progress (3): 1.6/8.4 MB | 0.2/1.5 MB | 0.1/1.5 MB
Progress (3): 1.6/8.4 MB | 0.2/1.5 MB | 0.1/1.5 MB
Progress (3): 1.6/8.4 MB | 0.2/1.5 MB | 0.1/1.5 MB
Progress (3): 1.6/8.4 MB | 0.2/1.5 MB | 0.1/1.5 MB
Progress (3): 1.6/8.4 MB | 0.2/1.5 MB | 0.1/1.5 MB
Progress (3): 1.6/8.4 MB | 0.2/1.5 MB | 0.1/1.5 MB
Progress (3): 1.7/8.4 MB | 0.2/1.5 MB | 0.1/1.5 MB
Progress (3): 1.7/8.4 MB | 0.2/1.5 MB | 0.1/1.5 MB
Progress (3): 1.7/8.4 MB | 0.2/1.5 MB | 0.1/1.5 MB
Progress (3): 1.7/8.4 MB | 0.2/1.5 MB | 0.2/1.5 MB
Progress (3): 1.7/8.4 MB | 0.2/1.5 MB | 0.2/1.5 MB
Progress (3): 1.7/8.4 MB | 0.2/1.5 MB | 0.2/1.5 MB
Progress (3): 1.7/8.4 MB | 0.2/1.5 MB | 0.2/1.5 MB
Progress (3): 1.7/8.4 MB | 0.2/1.5 MB | 0.2/1.5 MB
Progress (3): 1.7/8.4 MB | 0.2/1.5 MB | 0.2/1.5 MB
Progress (3): 1.7/8.4 MB | 0.2/1.5 MB | 0.2/1.5 MB
Progress (3): 1.7/8.4 MB | 0.2/1.5 MB | 0.2/1.5 MB
Progress (3): 1.7/8.4 MB | 0.2/1.5 MB | 0.2/1.5 MB
Progress (3): 1.7/8.4 MB | 0.2/1.5 MB | 0.2/1.5 MB
Progress (3): 1.7/8.4 MB | 0.2/1.5 MB | 0.2/1.5 MB
Progress (3): 1.7/8.4 MB | 0.2/1.5 MB | 0.2/1.5 MB
Progress (3): 1.7/8.4 MB | 0.2/1.5 MB | 0.2/1.5 MB
Progress (3): 1.7/8.4 MB | 0.2/1.5 MB | 0.2/1.5 MB
Progress (3): 1.7/8.4 MB | 0.2/1.5 MB | 0.2/1.5 MB
Progress (3): 1.7/8.4 MB | 0.2/1.5 MB | 0.2/1.5 MB
Progress (3): 1.7/8.4 MB | 0.2/1.5 MB | 0.2/1.5 MB
Progress (3): 1.7/8.4 MB | 0.2/1.5 MB | 0.2/1.5 MB
Progress (3): 1.7/8.4 MB | 0.2/1.5 MB | 0.2/1.5 MB
Progress (3): 1.7/8.4 MB | 0.2/1.5 MB | 0.2/1.5 MB
Progress (3): 1.7/8.4 MB | 0.2/1.5 MB | 0.2/1.5 MB
Progress (3): 1.7/8.4 MB | 0.2/1.5 MB | 0.2/1.5 MB
Progress (3): 1.7/8.4 MB | 0.2/1.5 MB | 0.2/1.5 MB
Progress (3): 1.8/8.4 MB | 0.2/1.5 MB | 0.2/1.5 MB
Progress (3): 1.8/8.4 MB | 0.2/1.5 MB | 0.2/1.5 MB
Progress (3): 1.8/8.4 MB | 0.2/1.5 MB | 0.2/1.5 MB
Progress (3): 1.8/8.4 MB | 0.2/1.5 MB | 0.2/1.5 MB
Progress (3): 1.8/8.4 MB | 0.2/1.5 MB | 0.2/1.5 MB
Progress (3): 1.8/8.4 MB | 0.2/1.5 MB | 0.2/1.5 MB
Progress (3): 1.8/8.4 MB | 0.2/1.5 MB | 0.2/1.5 MB
Progress (3): 1.8/8.4 MB | 0.2/1.5 MB | 0.2/1.5 MB
Progress (3): 1.8/8.4 MB | 0.2/1.5 MB | 0.2/1.5 MB
Progress (3): 1.8/8.4 MB | 0.2/1.5 MB | 0.3/1.5 MB
Progress (3): 1.9/8.4 MB | 0.2/1.5 MB | 0.3/1.5 MB
Progress (4): 1.9/8.4 MB | 0.2/1.5 MB | 0.3/1.5 MB | 0/1.5 MB
Progress (5): 1.9/8.4 MB | 0.2/1.5 MB | 0.3/1.5 MB | 0/1.5 MB | 0/1.0 MB
Progress (5): 1.9/8.4 MB | 0.2/1.5 MB | 0.3/1.5 MB | 0/1.5 MB | 0/1.0 MB
Progress (5): 1.9/8.4 MB | 0.2/1.5 MB | 0.3/1.5 MB | 0/1.5 MB | 0/1.0 MB
Progress (5): 1.9/8.4 MB | 0.2/1.5 MB | 0.3/1.5 MB | 0/1.5 MB | 0/1.0 MB
Progress (5): 1.9/8.4 MB | 0.2/1.5 MB | 0.3/1.5 MB | 0/1.5 MB | 0/1.0 MB
Progress (5): 1.9/8.4 MB | 0.2/1.5 MB | 0.3/1.5 MB | 0/1.5 MB | 0/1.0 MB
Progress (5): 1.9/8.4 MB | 0.2/1.5 MB | 0.3/1.5 MB | 0/1.5 MB | 0/1.0 MB
Progress (5): 1.9/8.4 MB | 0.2/1.5 MB | 0.3/1.5 MB | 0/1.5 MB | 0/1.0 MB
Progress (5): 1.9/8.4 MB | 0.2/1.5 MB | 0.3/1.5 MB | 0/1.5 MB | 0/1.0 MB
Progress (5): 1.9/8.4 MB | 0.2/1.5 MB | 0.3/1.5 MB | 0/1.5 MB | 0/1.0 MB
Progress (5): 1.9/8.4 MB | 0.2/1.5 MB | 0.3/1.5 MB | 0/1.5 MB | 0/1.0 MB
Progress (5): 1.9/8.4 MB | 0.2/1.5 MB | 0.3/1.5 MB | 0/1.5 MB | 0/1.0 MB
Progress (5): 1.9/8.4 MB | 0.2/1.5 MB | 0.3/1.5 MB | 0/1.5 MB | 0/1.0 MB
Progress (5): 1.9/8.4 MB | 0.2/1.5 MB | 0.3/1.5 MB | 0/1.5 MB | 0/1.0 MB
Progress (5): 1.9/8.4 MB | 0.2/1.5 MB | 0.3/1.5 MB | 0/1.5 MB | 0/1.0 MB
Progress (5): 1.9/8.4 MB | 0.2/1.5 MB | 0.3/1.5 MB | 0/1.5 MB | 0/1.0 MB
Progress (5): 1.9/8.4 MB | 0.2/1.5 MB | 0.3/1.5 MB | 0.1/1.5 MB | 0/1.0 MB
Progress (5): 1.9/8.4 MB | 0.2/1.5 MB | 0.3/1.5 MB | 0.1/1.5 MB | 0/1.0 MB
Progress (5): 1.9/8.4 MB | 0.2/1.5 MB | 0.3/1.5 MB | 0.1/1.5 MB | 0/1.0 MB
Progress (5): 1.9/8.4 MB | 0.2/1.5 MB | 0.3/1.5 MB | 0.1/1.5 MB | 0/1.0 MB
Progress (5): 1.9/8.4 MB | 0.2/1.5 MB | 0.3/1.5 MB | 0.1/1.5 MB | 0/1.0 MB
Progress (5): 1.9/8.4 MB | 0.2/1.5 MB | 0.3/1.5 MB | 0.1/1.5 MB | 0/1.0 MB
Progress (5): 1.9/8.4 MB | 0.2/1.5 MB | 0.3/1.5 MB | 0.1/1.5 MB | 0/1.0 MB
Progress (5): 1.9/8.4 MB | 0.2/1.5 MB | 0.3/1.5 MB | 0.1/1.5 MB | 0/1.0 MB
Progress (5): 1.9/8.4 MB | 0.2/1.5 MB | 0.3/1.5 MB | 0.1/1.5 MB | 0/1.0 MB
Progress (5): 1.9/8.4 MB | 0.2/1.5 MB | 0.3/1.5 MB | 0.1/1.5 MB | 0/1.0 MB
Progress (5): 1.9/8.4 MB | 0.2/1.5 MB | 0.3/1.5 MB | 0.1/1.5 MB | 0.1/1.0 MB
Progress (5): 1.9/8.4 MB | 0.2/1.5 MB | 0.3/1.5 MB | 0.1/1.5 MB | 0.1/1.0 MB
Progress (5): 1.9/8.4 MB | 0.2/1.5 MB | 0.3/1.5 MB | 0.1/1.5 MB | 0.1/1.0 MB
Progress (5): 2.0/8.4 MB | 0.2/1.5 MB | 0.3/1.5 MB | 0.1/1.5 MB | 0.1/1.0 MB
Progress (5): 2.0/8.4 MB | 0.2/1.5 MB | 0.3/1.5 MB | 0.1/1.5 MB | 0.1/1.0 MB
Progress (5): 2.0/8.4 MB | 0.2/1.5 MB | 0.3/1.5 MB | 0.1/1.5 MB | 0.1/1.0 MB
Progress (5): 2.0/8.4 MB | 0.3/1.5 MB | 0.3/1.5 MB | 0.1/1.5 MB | 0.1/1.0 MB
Progress (5): 2.0/8.4 MB | 0.3/1.5 MB | 0.3/1.5 MB | 0.1/1.5 MB | 0.1/1.0 MB
Progress (5): 2.0/8.4 MB | 0.3/1.5 MB | 0.3/1.5 MB | 0.1/1.5 MB | 0.1/1.0 MB
Progress (5): 2.0/8.4 MB | 0.3/1.5 MB | 0.3/1.5 MB | 0.1/1.5 MB | 0.1/1.0 MB
Progress (5): 2.0/8.4 MB | 0.3/1.5 MB | 0.3/1.5 MB | 0.1/1.5 MB | 0.1/1.0 MB
Progress (5): 2.0/8.4 MB | 0.3/1.5 MB | 0.3/1.5 MB | 0.1/1.5 MB | 0.1/1.0 MB
Progress (5): 2.0/8.4 MB | 0.3/1.5 MB | 0.3/1.5 MB | 0.1/1.5 MB | 0.1/1.0 MB
Progress (5): 2.0/8.4 MB | 0.3/1.5 MB | 0.3/1.5 MB | 0.1/1.5 MB | 0.1/1.0 MB
Progress (5): 2.0/8.4 MB | 0.3/1.5 MB | 0.3/1.5 MB | 0.1/1.5 MB | 0.1/1.0 MB
Progress (5): 2.0/8.4 MB | 0.3/1.5 MB | 0.3/1.5 MB | 0.1/1.5 MB | 0.1/1.0 MB
Progress (5): 2.0/8.4 MB | 0.3/1.5 MB | 0.3/1.5 MB | 0.1/1.5 MB | 0.1/1.0 MB
Progress (5): 2.0/8.4 MB | 0.3/1.5 MB | 0.3/1.5 MB | 0.1/1.5 MB | 0.1/1.0 MB
Progress (5): 2.1/8.4 MB | 0.3/1.5 MB | 0.3/1.5 MB | 0.1/1.5 MB | 0.1/1.0 MB
Progress (5): 2.1/8.4 MB | 0.3/1.5 MB | 0.3/1.5 MB | 0.1/1.5 MB | 0.1/1.0 MB
Progress (5): 2.1/8.4 MB | 0.3/1.5 MB | 0.3/1.5 MB | 0.1/1.5 MB | 0.1/1.0 MB
Progress (5): 2.1/8.4 MB | 0.3/1.5 MB | 0.3/1.5 MB | 0.1/1.5 MB | 0.1/1.0 MB
Progress (5): 2.1/8.4 MB | 0.3/1.5 MB | 0.3/1.5 MB | 0.1/1.5 MB | 0.1/1.0 MB
Progress (5): 2.1/8.4 MB | 0.3/1.5 MB | 0.3/1.5 MB | 0.1/1.5 MB | 0.1/1.0 MB
Progress (5): 2.1/8.4 MB | 0.3/1.5 MB | 0.3/1.5 MB | 0.1/1.5 MB | 0.1/1.0 MB
Progress (5): 2.1/8.4 MB | 0.3/1.5 MB | 0.3/1.5 MB | 0.1/1.5 MB | 0.1/1.0 MB
Progress (5): 2.1/8.4 MB | 0.3/1.5 MB | 0.3/1.5 MB | 0.1/1.5 MB | 0.1/1.0 MB
Progress (5): 2.1/8.4 MB | 0.3/1.5 MB | 0.3/1.5 MB | 0.1/1.5 MB | 0.1/1.0 MB
Progress (5): 2.1/8.4 MB | 0.3/1.5 MB | 0.3/1.5 MB | 0.1/1.5 MB | 0.1/1.0 MB
Progress (5): 2.1/8.4 MB | 0.3/1.5 MB | 0.3/1.5 MB | 0.1/1.5 MB | 0.1/1.0 MB
Progress (5): 2.2/8.4 MB | 0.3/1.5 MB | 0.3/1.5 MB | 0.1/1.5 MB | 0.1/1.0 MB
Progress (5): 2.2/8.4 MB | 0.3/1.5 MB | 0.3/1.5 MB | 0.1/1.5 MB | 0.1/1.0 MB
Progress (5): 2.2/8.4 MB | 0.3/1.5 MB | 0.3/1.5 MB | 0.1/1.5 MB | 0.1/1.0 MB
Progress (5): 2.2/8.4 MB | 0.3/1.5 MB | 0.3/1.5 MB | 0.1/1.5 MB | 0.1/1.0 MB
Progress (5): 2.2/8.4 MB | 0.3/1.5 MB | 0.3/1.5 MB | 0.1/1.5 MB | 0.1/1.0 MB
Progress (5): 2.2/8.4 MB | 0.3/1.5 MB | 0.3/1.5 MB | 0.1/1.5 MB | 0.1/1.0 MB
Progress (5): 2.2/8.4 MB | 0.3/1.5 MB | 0.3/1.5 MB | 0.1/1.5 MB | 0.1/1.0 MB
Progress (5): 2.2/8.4 MB | 0.3/1.5 MB | 0.3/1.5 MB | 0.1/1.5 MB | 0.1/1.0 MB
Progress (5): 2.2/8.4 MB | 0.3/1.5 MB | 0.3/1.5 MB | 0.1/1.5 MB | 0.1/1.0 MB
Progress (5): 2.2/8.4 MB | 0.3/1.5 MB | 0.3/1.5 MB | 0.1/1.5 MB | 0.1/1.0 MB
Progress (5): 2.2/8.4 MB | 0.3/1.5 MB | 0.3/1.5 MB | 0.1/1.5 MB | 0.1/1.0 MB
Progress (5): 2.2/8.4 MB | 0.3/1.5 MB | 0.3/1.5 MB | 0.1/1.5 MB | 0.1/1.0 MB
Progress (5): 2.2/8.4 MB | 0.3/1.5 MB | 0.3/1.5 MB | 0.1/1.5 MB | 0.1/1.0 MB
Progress (5): 2.2/8.4 MB | 0.3/1.5 MB | 0.3/1.5 MB | 0.1/1.5 MB | 0.1/1.0 MB
Progress (5): 2.2/8.4 MB | 0.3/1.5 MB | 0.3/1.5 MB | 0.1/1.5 MB | 0.1/1.0 MB
Progress (5): 2.2/8.4 MB | 0.3/1.5 MB | 0.3/1.5 MB | 0.1/1.5 MB | 0.1/1.0 MB
Progress (5): 2.3/8.4 MB | 0.3/1.5 MB | 0.3/1.5 MB | 0.1/1.5 MB | 0.1/1.0 MB
Progress (5): 2.3/8.4 MB | 0.3/1.5 MB | 0.3/1.5 MB | 0.1/1.5 MB | 0.1/1.0 MB
Progress (5): 2.3/8.4 MB | 0.3/1.5 MB | 0.3/1.5 MB | 0.1/1.5 MB | 0.1/1.0 MB
Progress (5): 2.3/8.4 MB | 0.3/1.5 MB | 0.3/1.5 MB | 0.1/1.5 MB | 0.1/1.0 MB
Progress (5): 2.3/8.4 MB | 0.3/1.5 MB | 0.3/1.5 MB | 0.1/1.5 MB | 0.1/1.0 MB
Progress (5): 2.3/8.4 MB | 0.3/1.5 MB | 0.3/1.5 MB | 0.1/1.5 MB | 0.1/1.0 MB
Progress (5): 2.3/8.4 MB | 0.3/1.5 MB | 0.3/1.5 MB | 0.2/1.5 MB | 0.1/1.0 MB
Progress (5): 2.3/8.4 MB | 0.3/1.5 MB | 0.3/1.5 MB | 0.2/1.5 MB | 0.1/1.0 MB
Progress (5): 2.3/8.4 MB | 0.3/1.5 MB | 0.3/1.5 MB | 0.2/1.5 MB | 0.1/1.0 MB
Progress (5): 2.3/8.4 MB | 0.3/1.5 MB | 0.3/1.5 MB | 0.2/1.5 MB | 0.1/1.0 MB
Progress (5): 2.3/8.4 MB | 0.3/1.5 MB | 0.4/1.5 MB | 0.2/1.5 MB | 0.1/1.0 MB
Progress (5): 2.3/8.4 MB | 0.3/1.5 MB | 0.4/1.5 MB | 0.2/1.5 MB | 0.1/1.0 MB
Progress (5): 2.3/8.4 MB | 0.3/1.5 MB | 0.4/1.5 MB | 0.2/1.5 MB | 0.1/1.0 MB
Progress (5): 2.3/8.4 MB | 0.3/1.5 MB | 0.4/1.5 MB | 0.2/1.5 MB | 0.1/1.0 MB
Progress (5): 2.4/8.4 MB | 0.3/1.5 MB | 0.4/1.5 MB | 0.2/1.5 MB | 0.1/1.0 MB
Progress (5): 2.4/8.4 MB | 0.3/1.5 MB | 0.4/1.5 MB | 0.2/1.5 MB | 0.1/1.0 MB
Progress (5): 2.4/8.4 MB | 0.3/1.5 MB | 0.4/1.5 MB | 0.2/1.5 MB | 0.1/1.0 MB
Progress (5): 2.4/8.4 MB | 0.3/1.5 MB | 0.4/1.5 MB | 0.2/1.5 MB | 0.1/1.0 MB
Progress (5): 2.4/8.4 MB | 0.3/1.5 MB | 0.4/1.5 MB | 0.2/1.5 MB | 0.1/1.0 MB
Progress (5): 2.4/8.4 MB | 0.3/1.5 MB | 0.4/1.5 MB | 0.2/1.5 MB | 0.1/1.0 MB
Progress (5): 2.4/8.4 MB | 0.3/1.5 MB | 0.4/1.5 MB | 0.2/1.5 MB | 0.1/1.0 MB
Progress (5): 2.4/8.4 MB | 0.3/1.5 MB | 0.4/1.5 MB | 0.2/1.5 MB | 0.1/1.0 MB
Progress (5): 2.4/8.4 MB | 0.3/1.5 MB | 0.4/1.5 MB | 0.2/1.5 MB | 0.1/1.0 MB
Progress (5): 2.4/8.4 MB | 0.3/1.5 MB | 0.4/1.5 MB | 0.2/1.5 MB | 0.1/1.0 MB
Progress (5): 2.4/8.4 MB | 0.3/1.5 MB | 0.4/1.5 MB | 0.2/1.5 MB | 0.1/1.0 MB
Progress (5): 2.5/8.4 MB | 0.3/1.5 MB | 0.4/1.5 MB | 0.2/1.5 MB | 0.1/1.0 MB
Progress (5): 2.5/8.4 MB | 0.3/1.5 MB | 0.4/1.5 MB | 0.2/1.5 MB | 0.1/1.0 MB
Progress (5): 2.5/8.4 MB | 0.3/1.5 MB | 0.4/1.5 MB | 0.2/1.5 MB | 0.1/1.0 MB
Progress (5): 2.5/8.4 MB | 0.3/1.5 MB | 0.4/1.5 MB | 0.2/1.5 MB | 0.1/1.0 MB
Progress (5): 2.5/8.4 MB | 0.3/1.5 MB | 0.4/1.5 MB | 0.2/1.5 MB | 0.1/1.0 MB
Progress (5): 2.5/8.4 MB | 0.3/1.5 MB | 0.4/1.5 MB | 0.2/1.5 MB | 0.1/1.0 MB
Progress (5): 2.5/8.4 MB | 0.3/1.5 MB | 0.4/1.5 MB | 0.2/1.5 MB | 0.1/1.0 MB
Progress (5): 2.5/8.4 MB | 0.3/1.5 MB | 0.4/1.5 MB | 0.2/1.5 MB | 0.1/1.0 MB
Progress (5): 2.5/8.4 MB | 0.3/1.5 MB | 0.4/1.5 MB | 0.2/1.5 MB | 0.1/1.0 MB
Progress (5): 2.5/8.4 MB | 0.3/1.5 MB | 0.4/1.5 MB | 0.2/1.5 MB | 0.1/1.0 MB
Progress (5): 2.5/8.4 MB | 0.3/1.5 MB | 0.4/1.5 MB | 0.2/1.5 MB | 0.1/1.0 MB
Progress (5): 2.5/8.4 MB | 0.3/1.5 MB | 0.5/1.5 MB | 0.2/1.5 MB | 0.1/1.0 MB
Progress (5): 2.5/8.4 MB | 0.3/1.5 MB | 0.5/1.5 MB | 0.2/1.5 MB | 0.1/1.0 MB
Progress (5): 2.5/8.4 MB | 0.3/1.5 MB | 0.5/1.5 MB | 0.2/1.5 MB | 0.1/1.0 MB
Progress (5): 2.5/8.4 MB | 0.3/1.5 MB | 0.5/1.5 MB | 0.2/1.5 MB | 0.1/1.0 MB
Progress (5): 2.5/8.4 MB | 0.3/1.5 MB | 0.5/1.5 MB | 0.2/1.5 MB | 0.1/1.0 MB
Progress (5): 2.5/8.4 MB | 0.3/1.5 MB | 0.5/1.5 MB | 0.3/1.5 MB | 0.1/1.0 MB
Progress (5): 2.6/8.4 MB | 0.3/1.5 MB | 0.5/1.5 MB | 0.3/1.5 MB | 0.1/1.0 MB
Progress (5): 2.6/8.4 MB | 0.3/1.5 MB | 0.5/1.5 MB | 0.3/1.5 MB | 0.2/1.0 MB
Progress (5): 2.6/8.4 MB | 0.3/1.5 MB | 0.5/1.5 MB | 0.3/1.5 MB | 0.2/1.0 MB
Progress (5): 2.6/8.4 MB | 0.3/1.5 MB | 0.5/1.5 MB | 0.3/1.5 MB | 0.2/1.0 MB
Progress (5): 2.6/8.4 MB | 0.3/1.5 MB | 0.5/1.5 MB | 0.3/1.5 MB | 0.2/1.0 MB
Progress (5): 2.6/8.4 MB | 0.3/1.5 MB | 0.5/1.5 MB | 0.3/1.5 MB | 0.2/1.0 MB
Progress (5): 2.6/8.4 MB | 0.3/1.5 MB | 0.5/1.5 MB | 0.3/1.5 MB | 0.2/1.0 MB
Progress (5): 2.6/8.4 MB | 0.3/1.5 MB | 0.5/1.5 MB | 0.3/1.5 MB | 0.2/1.0 MB
Progress (5): 2.6/8.4 MB | 0.3/1.5 MB | 0.5/1.5 MB | 0.3/1.5 MB | 0.2/1.0 MB
Progress (5): 2.6/8.4 MB | 0.3/1.5 MB | 0.5/1.5 MB | 0.3/1.5 MB | 0.2/1.0 MB
Progress (5): 2.6/8.4 MB | 0.3/1.5 MB | 0.5/1.5 MB | 0.3/1.5 MB | 0.2/1.0 MB
Progress (5): 2.6/8.4 MB | 0.3/1.5 MB | 0.5/1.5 MB | 0.3/1.5 MB | 0.2/1.0 MB
Progress (5): 2.6/8.4 MB | 0.3/1.5 MB | 0.5/1.5 MB | 0.3/1.5 MB | 0.2/1.0 MB
Progress (5): 2.6/8.4 MB | 0.3/1.5 MB | 0.5/1.5 MB | 0.3/1.5 MB | 0.2/1.0 MB
Progress (5): 2.6/8.4 MB | 0.4/1.5 MB | 0.5/1.5 MB | 0.3/1.5 MB | 0.2/1.0 MB
Progress (5): 2.6/8.4 MB | 0.4/1.5 MB | 0.5/1.5 MB | 0.3/1.5 MB | 0.2/1.0 MB
Progress (5): 2.6/8.4 MB | 0.4/1.5 MB | 0.5/1.5 MB | 0.3/1.5 MB | 0.2/1.0 MB
Progress (5): 2.6/8.4 MB | 0.4/1.5 MB | 0.5/1.5 MB | 0.3/1.5 MB | 0.2/1.0 MB
Progress (5): 2.6/8.4 MB | 0.4/1.5 MB | 0.5/1.5 MB | 0.3/1.5 MB | 0.2/1.0 MB
Progress (5): 2.6/8.4 MB | 0.4/1.5 MB | 0.5/1.5 MB | 0.3/1.5 MB | 0.2/1.0 MB
Progress (5): 2.7/8.4 MB | 0.4/1.5 MB | 0.5/1.5 MB | 0.3/1.5 MB | 0.2/1.0 MB
Progress (5): 2.7/8.4 MB | 0.4/1.5 MB | 0.5/1.5 MB | 0.3/1.5 MB | 0.2/1.0 MB
Progress (5): 2.7/8.4 MB | 0.4/1.5 MB | 0.5/1.5 MB | 0.3/1.5 MB | 0.2/1.0 MB
Progress (5): 2.7/8.4 MB | 0.4/1.5 MB | 0.5/1.5 MB | 0.3/1.5 MB | 0.2/1.0 MB
Progress (5): 2.7/8.4 MB | 0.4/1.5 MB | 0.5/1.5 MB | 0.3/1.5 MB | 0.2/1.0 MB
Progress (5): 2.7/8.4 MB | 0.4/1.5 MB | 0.5/1.5 MB | 0.3/1.5 MB | 0.2/1.0 MB
Progress (5): 2.7/8.4 MB | 0.4/1.5 MB | 0.6/1.5 MB | 0.3/1.5 MB | 0.2/1.0 MB
Progress (5): 2.7/8.4 MB | 0.4/1.5 MB | 0.6/1.5 MB | 0.3/1.5 MB | 0.2/1.0 MB
Progress (5): 2.7/8.4 MB | 0.4/1.5 MB | 0.6/1.5 MB | 0.3/1.5 MB | 0.2/1.0 MB
Progress (5): 2.7/8.4 MB | 0.4/1.5 MB | 0.6/1.5 MB | 0.3/1.5 MB | 0.2/1.0 MB
Progress (5): 2.7/8.4 MB | 0.4/1.5 MB | 0.6/1.5 MB | 0.3/1.5 MB | 0.2/1.0 MB
Progress (5): 2.7/8.4 MB | 0.4/1.5 MB | 0.6/1.5 MB | 0.4/1.5 MB | 0.2/1.0 MB
Progress (5): 2.7/8.4 MB | 0.4/1.5 MB | 0.6/1.5 MB | 0.4/1.5 MB | 0.2/1.0 MB
Progress (5): 2.7/8.4 MB | 0.4/1.5 MB | 0.6/1.5 MB | 0.4/1.5 MB | 0.2/1.0 MB
Progress (5): 2.7/8.4 MB | 0.4/1.5 MB | 0.6/1.5 MB | 0.4/1.5 MB | 0.2/1.0 MB
Progress (5): 2.7/8.4 MB | 0.4/1.5 MB | 0.6/1.5 MB | 0.4/1.5 MB | 0.2/1.0 MB
Progress (5): 2.8/8.4 MB | 0.4/1.5 MB | 0.6/1.5 MB | 0.4/1.5 MB | 0.2/1.0 MB
Progress (5): 2.8/8.4 MB | 0.4/1.5 MB | 0.6/1.5 MB | 0.4/1.5 MB | 0.2/1.0 MB
Progress (5): 2.8/8.4 MB | 0.4/1.5 MB | 0.6/1.5 MB | 0.4/1.5 MB | 0.2/1.0 MB
Progress (5): 2.8/8.4 MB | 0.4/1.5 MB | 0.6/1.5 MB | 0.4/1.5 MB | 0.2/1.0 MB
Progress (5): 2.8/8.4 MB | 0.4/1.5 MB | 0.6/1.5 MB | 0.4/1.5 MB | 0.2/1.0 MB
Progress (5): 2.8/8.4 MB | 0.4/1.5 MB | 0.6/1.5 MB | 0.4/1.5 MB | 0.2/1.0 MB
Progress (5): 2.8/8.4 MB | 0.4/1.5 MB | 0.6/1.5 MB | 0.4/1.5 MB | 0.2/1.0 MB
Progress (5): 2.8/8.4 MB | 0.4/1.5 MB | 0.6/1.5 MB | 0.4/1.5 MB | 0.2/1.0 MB
Progress (5): 2.8/8.4 MB | 0.4/1.5 MB | 0.6/1.5 MB | 0.4/1.5 MB | 0.2/1.0 MB
Progress (5): 2.8/8.4 MB | 0.4/1.5 MB | 0.6/1.5 MB | 0.4/1.5 MB | 0.2/1.0 MB
Progress (5): 2.8/8.4 MB | 0.4/1.5 MB | 0.6/1.5 MB | 0.4/1.5 MB | 0.3/1.0 MB
Progress (5): 2.8/8.4 MB | 0.4/1.5 MB | 0.6/1.5 MB | 0.4/1.5 MB | 0.3/1.0 MB
Progress (5): 2.8/8.4 MB | 0.4/1.5 MB | 0.6/1.5 MB | 0.4/1.5 MB | 0.3/1.0 MB
Progress (5): 2.8/8.4 MB | 0.4/1.5 MB | 0.6/1.5 MB | 0.4/1.5 MB | 0.3/1.0 MB
Progress (5): 2.8/8.4 MB | 0.4/1.5 MB | 0.7/1.5 MB | 0.4/1.5 MB | 0.3/1.0 MB
Progress (5): 2.8/8.4 MB | 0.4/1.5 MB | 0.7/1.5 MB | 0.4/1.5 MB | 0.3/1.0 MB
Progress (5): 2.8/8.4 MB | 0.4/1.5 MB | 0.7/1.5 MB | 0.4/1.5 MB | 0.3/1.0 MB
Progress (5): 2.8/8.4 MB | 0.4/1.5 MB | 0.7/1.5 MB | 0.4/1.5 MB | 0.3/1.0 MB
Progress (5): 2.8/8.4 MB | 0.4/1.5 MB | 0.7/1.5 MB | 0.4/1.5 MB | 0.3/1.0 MB
Progress (5): 2.8/8.4 MB | 0.4/1.5 MB | 0.7/1.5 MB | 0.4/1.5 MB | 0.3/1.0 MB
Progress (5): 2.8/8.4 MB | 0.4/1.5 MB | 0.7/1.5 MB | 0.4/1.5 MB | 0.3/1.0 MB
Progress (5): 2.9/8.4 MB | 0.4/1.5 MB | 0.7/1.5 MB | 0.4/1.5 MB | 0.3/1.0 MB
Progress (5): 2.9/8.4 MB | 0.5/1.5 MB | 0.7/1.5 MB | 0.4/1.5 MB | 0.3/1.0 MB
Progress (5): 2.9/8.4 MB | 0.5/1.5 MB | 0.7/1.5 MB | 0.4/1.5 MB | 0.3/1.0 MB
Progress (5): 2.9/8.4 MB | 0.5/1.5 MB | 0.7/1.5 MB | 0.4/1.5 MB | 0.3/1.0 MB
Progress (5): 2.9/8.4 MB | 0.5/1.5 MB | 0.7/1.5 MB | 0.4/1.5 MB | 0.3/1.0 MB
Progress (5): 2.9/8.4 MB | 0.5/1.5 MB | 0.7/1.5 MB | 0.4/1.5 MB | 0.3/1.0 MB
Progress (5): 2.9/8.4 MB | 0.5/1.5 MB | 0.7/1.5 MB | 0.4/1.5 MB | 0.3/1.0 MB
Progress (5): 2.9/8.4 MB | 0.5/1.5 MB | 0.7/1.5 MB | 0.5/1.5 MB | 0.3/1.0 MB
Progress (5): 2.9/8.4 MB | 0.5/1.5 MB | 0.7/1.5 MB | 0.5/1.5 MB | 0.3/1.0 MB
Progress (5): 2.9/8.4 MB | 0.5/1.5 MB | 0.7/1.5 MB | 0.5/1.5 MB | 0.3/1.0 MB
Progress (5): 2.9/8.4 MB | 0.5/1.5 MB | 0.7/1.5 MB | 0.5/1.5 MB | 0.3/1.0 MB
Progress (5): 2.9/8.4 MB | 0.5/1.5 MB | 0.7/1.5 MB | 0.5/1.5 MB | 0.3/1.0 MB
Progress (5): 2.9/8.4 MB | 0.5/1.5 MB | 0.7/1.5 MB | 0.5/1.5 MB | 0.3/1.0 MB
Progress (5): 2.9/8.4 MB | 0.5/1.5 MB | 0.7/1.5 MB | 0.5/1.5 MB | 0.3/1.0 MB
Progress (5): 2.9/8.4 MB | 0.5/1.5 MB | 0.7/1.5 MB | 0.5/1.5 MB | 0.3/1.0 MB
Progress (5): 2.9/8.4 MB | 0.5/1.5 MB | 0.7/1.5 MB | 0.5/1.5 MB | 0.3/1.0 MB
Progress (5): 2.9/8.4 MB | 0.6/1.5 MB | 0.7/1.5 MB | 0.5/1.5 MB | 0.3/1.0 MB
Progress (5): 2.9/8.4 MB | 0.6/1.5 MB | 0.7/1.5 MB | 0.5/1.5 MB | 0.3/1.0 MB
Progress (5): 2.9/8.4 MB | 0.6/1.5 MB | 0.7/1.5 MB | 0.5/1.5 MB | 0.3/1.0 MB
Progress (5): 2.9/8.4 MB | 0.6/1.5 MB | 0.7/1.5 MB | 0.5/1.5 MB | 0.3/1.0 MB
Progress (5): 2.9/8.4 MB | 0.6/1.5 MB | 0.7/1.5 MB | 0.5/1.5 MB | 0.3/1.0 MB
Progress (5): 2.9/8.4 MB | 0.6/1.5 MB | 0.7/1.5 MB | 0.5/1.5 MB | 0.3/1.0 MB
Progress (5): 2.9/8.4 MB | 0.6/1.5 MB | 0.7/1.5 MB | 0.5/1.5 MB | 0.3/1.0 MB
Progress (5): 2.9/8.4 MB | 0.6/1.5 MB | 0.8/1.5 MB | 0.5/1.5 MB | 0.3/1.0 MB
Progress (5): 3.0/8.4 MB | 0.6/1.5 MB | 0.8/1.5 MB | 0.5/1.5 MB | 0.3/1.0 MB
Progress (5): 3.0/8.4 MB | 0.6/1.5 MB | 0.8/1.5 MB | 0.5/1.5 MB | 0.3/1.0 MB
Progress (5): 3.0/8.4 MB | 0.6/1.5 MB | 0.8/1.5 MB | 0.5/1.5 MB | 0.3/1.0 MB
Progress (5): 3.0/8.4 MB | 0.6/1.5 MB | 0.8/1.5 MB | 0.5/1.5 MB | 0.3/1.0 MB
Progress (5): 3.0/8.4 MB | 0.6/1.5 MB | 0.8/1.5 MB | 0.5/1.5 MB | 0.3/1.0 MB
Progress (5): 3.0/8.4 MB | 0.6/1.5 MB | 0.8/1.5 MB | 0.5/1.5 MB | 0.3/1.0 MB
Progress (5): 3.0/8.4 MB | 0.6/1.5 MB | 0.8/1.5 MB | 0.5/1.5 MB | 0.3/1.0 MB
Progress (5): 3.0/8.4 MB | 0.6/1.5 MB | 0.8/1.5 MB | 0.5/1.5 MB | 0.3/1.0 MB
Progress (5): 3.0/8.4 MB | 0.6/1.5 MB | 0.8/1.5 MB | 0.5/1.5 MB | 0.4/1.0 MB
Progress (5): 3.0/8.4 MB | 0.6/1.5 MB | 0.8/1.5 MB | 0.5/1.5 MB | 0.4/1.0 MB
Progress (5): 3.0/8.4 MB | 0.6/1.5 MB | 0.8/1.5 MB | 0.6/1.5 MB | 0.4/1.0 MB
Progress (5): 3.0/8.4 MB | 0.6/1.5 MB | 0.8/1.5 MB | 0.6/1.5 MB | 0.4/1.0 MB
Progress (5): 3.0/8.4 MB | 0.6/1.5 MB | 0.8/1.5 MB | 0.6/1.5 MB | 0.4/1.0 MB
Progress (5): 3.0/8.4 MB | 0.6/1.5 MB | 0.8/1.5 MB | 0.6/1.5 MB | 0.4/1.0 MB
Progress (5): 3.0/8.4 MB | 0.6/1.5 MB | 0.8/1.5 MB | 0.6/1.5 MB | 0.4/1.0 MB
Progress (5): 3.0/8.4 MB | 0.6/1.5 MB | 0.8/1.5 MB | 0.6/1.5 MB | 0.4/1.0 MB
Progress (5): 3.0/8.4 MB | 0.6/1.5 MB | 0.8/1.5 MB | 0.6/1.5 MB | 0.4/1.0 MB
Progress (5): 3.0/8.4 MB | 0.6/1.5 MB | 0.8/1.5 MB | 0.6/1.5 MB | 0.4/1.0 MB
Progress (5): 3.0/8.4 MB | 0.6/1.5 MB | 0.8/1.5 MB | 0.6/1.5 MB | 0.4/1.0 MB
Progress (5): 3.0/8.4 MB | 0.6/1.5 MB | 0.8/1.5 MB | 0.6/1.5 MB | 0.4/1.0 MB
Progress (5): 3.0/8.4 MB | 0.6/1.5 MB | 0.8/1.5 MB | 0.6/1.5 MB | 0.4/1.0 MB
Progress (5): 3.0/8.4 MB | 0.6/1.5 MB | 0.8/1.5 MB | 0.6/1.5 MB | 0.4/1.0 MB
Progress (5): 3.0/8.4 MB | 0.6/1.5 MB | 0.8/1.5 MB | 0.6/1.5 MB | 0.4/1.0 MB
Progress (5): 3.0/8.4 MB | 0.6/1.5 MB | 0.8/1.5 MB | 0.6/1.5 MB | 0.4/1.0 MB
Progress (5): 3.0/8.4 MB | 0.6/1.5 MB | 0.8/1.5 MB | 0.6/1.5 MB | 0.4/1.0 MB
Progress (5): 3.0/8.4 MB | 0.6/1.5 MB | 0.8/1.5 MB | 0.6/1.5 MB | 0.4/1.0 MB
Progress (5): 3.0/8.4 MB | 0.6/1.5 MB | 0.8/1.5 MB | 0.6/1.5 MB | 0.4/1.0 MB
Progress (5): 3.0/8.4 MB | 0.6/1.5 MB | 0.8/1.5 MB | 0.6/1.5 MB | 0.4/1.0 MB
Progress (5): 3.0/8.4 MB | 0.6/1.5 MB | 0.8/1.5 MB | 0.6/1.5 MB | 0.4/1.0 MB
Progress (5): 3.0/8.4 MB | 0.6/1.5 MB | 0.9/1.5 MB | 0.6/1.5 MB | 0.4/1.0 MB
Progress (5): 3.1/8.4 MB | 0.6/1.5 MB | 0.9/1.5 MB | 0.6/1.5 MB | 0.4/1.0 MB
Progress (5): 3.1/8.4 MB | 0.6/1.5 MB | 0.9/1.5 MB | 0.6/1.5 MB | 0.4/1.0 MB
Progress (5): 3.1/8.4 MB | 0.6/1.5 MB | 0.9/1.5 MB | 0.6/1.5 MB | 0.4/1.0 MB
Progress (5): 3.1/8.4 MB | 0.6/1.5 MB | 0.9/1.5 MB | 0.6/1.5 MB | 0.4/1.0 MB
Progress (5): 3.1/8.4 MB | 0.7/1.5 MB | 0.9/1.5 MB | 0.6/1.5 MB | 0.4/1.0 MB
Progress (5): 3.1/8.4 MB | 0.7/1.5 MB | 0.9/1.5 MB | 0.6/1.5 MB | 0.4/1.0 MB
Progress (5): 3.1/8.4 MB | 0.7/1.5 MB | 0.9/1.5 MB | 0.6/1.5 MB | 0.4/1.0 MB
Progress (5): 3.1/8.4 MB | 0.7/1.5 MB | 0.9/1.5 MB | 0.6/1.5 MB | 0.4/1.0 MB
Progress (5): 3.1/8.4 MB | 0.7/1.5 MB | 0.9/1.5 MB | 0.6/1.5 MB | 0.4/1.0 MB
Progress (5): 3.1/8.4 MB | 0.7/1.5 MB | 0.9/1.5 MB | 0.6/1.5 MB | 0.4/1.0 MB
Progress (5): 3.1/8.4 MB | 0.7/1.5 MB | 0.9/1.5 MB | 0.6/1.5 MB | 0.4/1.0 MB
Progress (5): 3.1/8.4 MB | 0.7/1.5 MB | 0.9/1.5 MB | 0.6/1.5 MB | 0.5/1.0 MB
Progress (5): 3.1/8.4 MB | 0.7/1.5 MB | 0.9/1.5 MB | 0.6/1.5 MB | 0.5/1.0 MB
Progress (5): 3.1/8.4 MB | 0.7/1.5 MB | 0.9/1.5 MB | 0.6/1.5 MB | 0.5/1.0 MB
Progress (5): 3.1/8.4 MB | 0.7/1.5 MB | 0.9/1.5 MB | 0.7/1.5 MB | 0.5/1.0 MB
Progress (5): 3.1/8.4 MB | 0.7/1.5 MB | 0.9/1.5 MB | 0.7/1.5 MB | 0.5/1.0 MB
Progress (5): 3.1/8.4 MB | 0.7/1.5 MB | 0.9/1.5 MB | 0.7/1.5 MB | 0.5/1.0 MB
Progress (5): 3.1/8.4 MB | 0.7/1.5 MB | 0.9/1.5 MB | 0.7/1.5 MB | 0.5/1.0 MB
Progress (5): 3.1/8.4 MB | 0.7/1.5 MB | 0.9/1.5 MB | 0.7/1.5 MB | 0.5/1.0 MB
Progress (5): 3.1/8.4 MB | 0.7/1.5 MB | 0.9/1.5 MB | 0.7/1.5 MB | 0.5/1.0 MB
Progress (5): 3.1/8.4 MB | 0.7/1.5 MB | 0.9/1.5 MB | 0.7/1.5 MB | 0.5/1.0 MB
Progress (5): 3.1/8.4 MB | 0.7/1.5 MB | 0.9/1.5 MB | 0.7/1.5 MB | 0.5/1.0 MB
Progress (5): 3.1/8.4 MB | 0.7/1.5 MB | 0.9/1.5 MB | 0.7/1.5 MB | 0.5/1.0 MB
Progress (5): 3.1/8.4 MB | 0.7/1.5 MB | 0.9/1.5 MB | 0.7/1.5 MB | 0.5/1.0 MB
Progress (5): 3.1/8.4 MB | 0.7/1.5 MB | 0.9/1.5 MB | 0.7/1.5 MB | 0.5/1.0 MB
Progress (5): 3.1/8.4 MB | 0.7/1.5 MB | 0.9/1.5 MB | 0.7/1.5 MB | 0.5/1.0 MB
Progress (5): 3.1/8.4 MB | 0.7/1.5 MB | 0.9/1.5 MB | 0.7/1.5 MB | 0.6/1.0 MB
Progress (5): 3.1/8.4 MB | 0.7/1.5 MB | 0.9/1.5 MB | 0.7/1.5 MB | 0.6/1.0 MB
Progress (5): 3.1/8.4 MB | 0.7/1.5 MB | 0.9/1.5 MB | 0.7/1.5 MB | 0.6/1.0 MB
Progress (5): 3.2/8.4 MB | 0.7/1.5 MB | 0.9/1.5 MB | 0.7/1.5 MB | 0.6/1.0 MB
Progress (5): 3.2/8.4 MB | 0.7/1.5 MB | 0.9/1.5 MB | 0.7/1.5 MB | 0.6/1.0 MB
Progress (5): 3.2/8.4 MB | 0.7/1.5 MB | 0.9/1.5 MB | 0.7/1.5 MB | 0.6/1.0 MB
Progress (5): 3.2/8.4 MB | 0.7/1.5 MB | 0.9/1.5 MB | 0.7/1.5 MB | 0.6/1.0 MB
Progress (5): 3.2/8.4 MB | 0.7/1.5 MB | 0.9/1.5 MB | 0.7/1.5 MB | 0.6/1.0 MB
Progress (5): 3.2/8.4 MB | 0.7/1.5 MB | 0.9/1.5 MB | 0.7/1.5 MB | 0.6/1.0 MB
Progress (5): 3.2/8.4 MB | 0.7/1.5 MB | 0.9/1.5 MB | 0.8/1.5 MB | 0.6/1.0 MB
Progress (5): 3.2/8.4 MB | 0.7/1.5 MB | 1.0/1.5 MB | 0.8/1.5 MB | 0.6/1.0 MB
Progress (5): 3.2/8.4 MB | 0.7/1.5 MB | 1.0/1.5 MB | 0.8/1.5 MB | 0.6/1.0 MB
Progress (5): 3.2/8.4 MB | 0.7/1.5 MB | 1.0/1.5 MB | 0.8/1.5 MB | 0.6/1.0 MB
Progress (5): 3.2/8.4 MB | 0.7/1.5 MB | 1.0/1.5 MB | 0.8/1.5 MB | 0.6/1.0 MB
Progress (5): 3.2/8.4 MB | 0.7/1.5 MB | 1.0/1.5 MB | 0.8/1.5 MB | 0.6/1.0 MB
Progress (5): 3.2/8.4 MB | 0.7/1.5 MB | 1.0/1.5 MB | 0.8/1.5 MB | 0.6/1.0 MB
Progress (5): 3.2/8.4 MB | 0.7/1.5 MB | 1.0/1.5 MB | 0.8/1.5 MB | 0.6/1.0 MB
Progress (5): 3.2/8.4 MB | 0.7/1.5 MB | 1.0/1.5 MB | 0.8/1.5 MB | 0.6/1.0 MB
Progress (5): 3.2/8.4 MB | 0.7/1.5 MB | 1.0/1.5 MB | 0.8/1.5 MB | 0.6/1.0 MB
Progress (5): 3.2/8.4 MB | 0.7/1.5 MB | 1.0/1.5 MB | 0.8/1.5 MB | 0.6/1.0 MB
Progress (5): 3.2/8.4 MB | 0.7/1.5 MB | 1.0/1.5 MB | 0.8/1.5 MB | 0.6/1.0 MB
Progress (5): 3.2/8.4 MB | 0.7/1.5 MB | 1.0/1.5 MB | 0.8/1.5 MB | 0.6/1.0 MB
Progress (5): 3.2/8.4 MB | 0.7/1.5 MB | 1.0/1.5 MB | 0.8/1.5 MB | 0.6/1.0 MB
Progress (5): 3.2/8.4 MB | 0.7/1.5 MB | 1.0/1.5 MB | 0.8/1.5 MB | 0.6/1.0 MB
Progress (5): 3.2/8.4 MB | 0.7/1.5 MB | 1.0/1.5 MB | 0.8/1.5 MB | 0.6/1.0 MB
Progress (5): 3.2/8.4 MB | 0.7/1.5 MB | 1.0/1.5 MB | 0.8/1.5 MB | 0.6/1.0 MB
Progress (5): 3.2/8.4 MB | 0.7/1.5 MB | 1.0/1.5 MB | 0.8/1.5 MB | 0.6/1.0 MB
Progress (5): 3.2/8.4 MB | 0.7/1.5 MB | 1.1/1.5 MB | 0.8/1.5 MB | 0.6/1.0 MB
Progress (5): 3.2/8.4 MB | 0.7/1.5 MB | 1.1/1.5 MB | 0.8/1.5 MB | 0.6/1.0 MB
Progress (5): 3.3/8.4 MB | 0.7/1.5 MB | 1.1/1.5 MB | 0.8/1.5 MB | 0.6/1.0 MB
Progress (5): 3.3/8.4 MB | 0.8/1.5 MB | 1.1/1.5 MB | 0.8/1.5 MB | 0.6/1.0 MB
Progress (5): 3.3/8.4 MB | 0.8/1.5 MB | 1.1/1.5 MB | 0.8/1.5 MB | 0.6/1.0 MB
Progress (5): 3.3/8.4 MB | 0.8/1.5 MB | 1.1/1.5 MB | 0.8/1.5 MB | 0.6/1.0 MB
Progress (5): 3.3/8.4 MB | 0.8/1.5 MB | 1.1/1.5 MB | 0.8/1.5 MB | 0.6/1.0 MB
Progress (5): 3.3/8.4 MB | 0.8/1.5 MB | 1.1/1.5 MB | 0.8/1.5 MB | 0.6/1.0 MB
Progress (5): 3.3/8.4 MB | 0.8/1.5 MB | 1.1/1.5 MB | 0.8/1.5 MB | 0.6/1.0 MB
Progress (5): 3.3/8.4 MB | 0.8/1.5 MB | 1.1/1.5 MB | 0.8/1.5 MB | 0.6/1.0 MB
Progress (5): 3.3/8.4 MB | 0.8/1.5 MB | 1.1/1.5 MB | 0.8/1.5 MB | 0.6/1.0 MB
Progress (5): 3.3/8.4 MB | 0.8/1.5 MB | 1.1/1.5 MB | 0.8/1.5 MB | 0.6/1.0 MB
Progress (5): 3.3/8.4 MB | 0.8/1.5 MB | 1.1/1.5 MB | 0.8/1.5 MB | 0.6/1.0 MB
Progress (5): 3.3/8.4 MB | 0.8/1.5 MB | 1.1/1.5 MB | 0.9/1.5 MB | 0.6/1.0 MB
Progress (5): 3.3/8.4 MB | 0.8/1.5 MB | 1.1/1.5 MB | 0.9/1.5 MB | 0.6/1.0 MB
Progress (5): 3.3/8.4 MB | 0.8/1.5 MB | 1.1/1.5 MB | 0.9/1.5 MB | 0.6/1.0 MB
Progress (5): 3.3/8.4 MB | 0.8/1.5 MB | 1.1/1.5 MB | 0.9/1.5 MB | 0.6/1.0 MB
Progress (5): 3.3/8.4 MB | 0.8/1.5 MB | 1.1/1.5 MB | 0.9/1.5 MB | 0.6/1.0 MB
Progress (5): 3.3/8.4 MB | 0.8/1.5 MB | 1.1/1.5 MB | 0.9/1.5 MB | 0.6/1.0 MB
Progress (5): 3.3/8.4 MB | 0.8/1.5 MB | 1.1/1.5 MB | 0.9/1.5 MB | 0.6/1.0 MB
Progress (5): 3.3/8.4 MB | 0.8/1.5 MB | 1.1/1.5 MB | 0.9/1.5 MB | 0.6/1.0 MB
Progress (5): 3.3/8.4 MB | 0.8/1.5 MB | 1.1/1.5 MB | 0.9/1.5 MB | 0.6/1.0 MB
Progress (5): 3.3/8.4 MB | 0.8/1.5 MB | 1.1/1.5 MB | 0.9/1.5 MB | 0.6/1.0 MB
Progress (5): 3.3/8.4 MB | 0.8/1.5 MB | 1.1/1.5 MB | 0.9/1.5 MB | 0.6/1.0 MB
Progress (5): 3.3/8.4 MB | 0.8/1.5 MB | 1.1/1.5 MB | 0.9/1.5 MB | 0.6/1.0 MB
Progress (5): 3.4/8.4 MB | 0.8/1.5 MB | 1.1/1.5 MB | 0.9/1.5 MB | 0.6/1.0 MB
Progress (5): 3.4/8.4 MB | 0.8/1.5 MB | 1.1/1.5 MB | 0.9/1.5 MB | 0.7/1.0 MB
Progress (5): 3.4/8.4 MB | 0.8/1.5 MB | 1.2/1.5 MB | 0.9/1.5 MB | 0.7/1.0 MB
Progress (5): 3.4/8.4 MB | 0.8/1.5 MB | 1.2/1.5 MB | 0.9/1.5 MB | 0.7/1.0 MB
Progress (5): 3.4/8.4 MB | 0.8/1.5 MB | 1.2/1.5 MB | 0.9/1.5 MB | 0.7/1.0 MB
Progress (5): 3.4/8.4 MB | 0.8/1.5 MB | 1.2/1.5 MB | 0.9/1.5 MB | 0.7/1.0 MB
Progress (5): 3.4/8.4 MB | 0.8/1.5 MB | 1.2/1.5 MB | 0.9/1.5 MB | 0.7/1.0 MB
Progress (5): 3.4/8.4 MB | 0.8/1.5 MB | 1.2/1.5 MB | 0.9/1.5 MB | 0.7/1.0 MB
Progress (5): 3.4/8.4 MB | 0.8/1.5 MB | 1.2/1.5 MB | 0.9/1.5 MB | 0.7/1.0 MB
Progress (5): 3.4/8.4 MB | 0.8/1.5 MB | 1.2/1.5 MB | 0.9/1.5 MB | 0.7/1.0 MB
Progress (5): 3.4/8.4 MB | 0.8/1.5 MB | 1.2/1.5 MB | 1.0/1.5 MB | 0.7/1.0 MB
Progress (5): 3.4/8.4 MB | 0.8/1.5 MB | 1.2/1.5 MB | 1.0/1.5 MB | 0.7/1.0 MB
Progress (5): 3.4/8.4 MB | 0.8/1.5 MB | 1.2/1.5 MB | 1.0/1.5 MB | 0.7/1.0 MB
Progress (5): 3.4/8.4 MB | 0.8/1.5 MB | 1.2/1.5 MB | 1.0/1.5 MB | 0.7/1.0 MB
Progress (5): 3.4/8.4 MB | 0.8/1.5 MB | 1.2/1.5 MB | 1.0/1.5 MB | 0.7/1.0 MB
Progress (5): 3.4/8.4 MB | 0.8/1.5 MB | 1.2/1.5 MB | 1.0/1.5 MB | 0.7/1.0 MB
Progress (5): 3.4/8.4 MB | 0.8/1.5 MB | 1.2/1.5 MB | 1.0/1.5 MB | 0.7/1.0 MB
Progress (5): 3.4/8.4 MB | 0.8/1.5 MB | 1.2/1.5 MB | 1.0/1.5 MB | 0.7/1.0 MB
Progress (5): 3.4/8.4 MB | 0.8/1.5 MB | 1.3/1.5 MB | 1.0/1.5 MB | 0.7/1.0 MB
Progress (5): 3.5/8.4 MB | 0.8/1.5 MB | 1.3/1.5 MB | 1.0/1.5 MB | 0.7/1.0 MB
Progress (5): 3.5/8.4 MB | 0.8/1.5 MB | 1.3/1.5 MB | 1.0/1.5 MB | 0.7/1.0 MB
Progress (5): 3.5/8.4 MB | 0.8/1.5 MB | 1.3/1.5 MB | 1.0/1.5 MB | 0.7/1.0 MB
Progress (5): 3.5/8.4 MB | 0.8/1.5 MB | 1.3/1.5 MB | 1.0/1.5 MB | 0.7/1.0 MB
Progress (5): 3.5/8.4 MB | 0.8/1.5 MB | 1.3/1.5 MB | 1.0/1.5 MB | 0.7/1.0 MB
Progress (5): 3.5/8.4 MB | 0.8/1.5 MB | 1.3/1.5 MB | 1.0/1.5 MB | 0.7/1.0 MB
Progress (5): 3.5/8.4 MB | 0.8/1.5 MB | 1.3/1.5 MB | 1.0/1.5 MB | 0.7/1.0 MB
Progress (5): 3.5/8.4 MB | 0.8/1.5 MB | 1.3/1.5 MB | 1.0/1.5 MB | 0.7/1.0 MB
Progress (5): 3.5/8.4 MB | 0.8/1.5 MB | 1.3/1.5 MB | 1.0/1.5 MB | 0.7/1.0 MB
Progress (5): 3.5/8.4 MB | 0.8/1.5 MB | 1.3/1.5 MB | 1.0/1.5 MB | 0.7/1.0 MB
Progress (5): 3.5/8.4 MB | 0.8/1.5 MB | 1.3/1.5 MB | 1.0/1.5 MB | 0.7/1.0 MB
Progress (5): 3.5/8.4 MB | 0.9/1.5 MB | 1.3/1.5 MB | 1.0/1.5 MB | 0.7/1.0 MB
Progress (5): 3.5/8.4 MB | 0.9/1.5 MB | 1.3/1.5 MB | 1.0/1.5 MB | 0.7/1.0 MB
Progress (5): 3.5/8.4 MB | 0.9/1.5 MB | 1.3/1.5 MB | 1.0/1.5 MB | 0.7/1.0 MB
Progress (5): 3.5/8.4 MB | 0.9/1.5 MB | 1.3/1.5 MB | 1.0/1.5 MB | 0.7/1.0 MB
Progress (5): 3.5/8.4 MB | 0.9/1.5 MB | 1.3/1.5 MB | 1.0/1.5 MB | 0.7/1.0 MB
Progress (5): 3.5/8.4 MB | 0.9/1.5 MB | 1.3/1.5 MB | 1.0/1.5 MB | 0.7/1.0 MB
Progress (5): 3.5/8.4 MB | 0.9/1.5 MB | 1.3/1.5 MB | 1.0/1.5 MB | 0.7/1.0 MB
Progress (5): 3.5/8.4 MB | 0.9/1.5 MB | 1.3/1.5 MB | 1.0/1.5 MB | 0.7/1.0 MB
Progress (5): 3.5/8.4 MB | 0.9/1.5 MB | 1.4/1.5 MB | 1.0/1.5 MB | 0.7/1.0 MB
Progress (5): 3.5/8.4 MB | 0.9/1.5 MB | 1.4/1.5 MB | 1.0/1.5 MB | 0.7/1.0 MB
Progress (5): 3.6/8.4 MB | 0.9/1.5 MB | 1.4/1.5 MB | 1.0/1.5 MB | 0.7/1.0 MB
Progress (5): 3.6/8.4 MB | 0.9/1.5 MB | 1.4/1.5 MB | 1.0/1.5 MB | 0.7/1.0 MB
Progress (5): 3.6/8.4 MB | 0.9/1.5 MB | 1.4/1.5 MB | 1.0/1.5 MB | 0.7/1.0 MB
Progress (5): 3.6/8.4 MB | 0.9/1.5 MB | 1.4/1.5 MB | 1.0/1.5 MB | 0.7/1.0 MB
Progress (5): 3.6/8.4 MB | 0.9/1.5 MB | 1.4/1.5 MB | 1.0/1.5 MB | 0.7/1.0 MB
Progress (5): 3.6/8.4 MB | 0.9/1.5 MB | 1.4/1.5 MB | 1.0/1.5 MB | 0.7/1.0 MB
Progress (5): 3.6/8.4 MB | 0.9/1.5 MB | 1.4/1.5 MB | 1.0/1.5 MB | 0.7/1.0 MB
Progress (5): 3.6/8.4 MB | 0.9/1.5 MB | 1.4/1.5 MB | 1.0/1.5 MB | 0.7/1.0 MB
Progress (5): 3.6/8.4 MB | 0.9/1.5 MB | 1.4/1.5 MB | 1.0/1.5 MB | 0.7/1.0 MB
Progress (5): 3.6/8.4 MB | 0.9/1.5 MB | 1.4/1.5 MB | 1.0/1.5 MB | 0.7/1.0 MB
Progress (5): 3.6/8.4 MB | 0.9/1.5 MB | 1.4/1.5 MB | 1.0/1.5 MB | 0.7/1.0 MB
Progress (5): 3.6/8.4 MB | 0.9/1.5 MB | 1.4/1.5 MB | 1.0/1.5 MB | 0.7/1.0 MB
Progress (5): 3.6/8.4 MB | 0.9/1.5 MB | 1.4/1.5 MB | 1.0/1.5 MB | 0.7/1.0 MB
Progress (5): 3.6/8.4 MB | 0.9/1.5 MB | 1.4/1.5 MB | 1.1/1.5 MB | 0.7/1.0 MB
Progress (5): 3.6/8.4 MB | 0.9/1.5 MB | 1.5/1.5 MB | 1.1/1.5 MB | 0.7/1.0 MB
Progress (5): 3.6/8.4 MB | 0.9/1.5 MB | 1.5/1.5 MB | 1.1/1.5 MB | 0.7/1.0 MB
Progress (5): 3.6/8.4 MB | 0.9/1.5 MB | 1.5/1.5 MB | 1.1/1.5 MB | 0.7/1.0 MB
Progress (5): 3.6/8.4 MB | 0.9/1.5 MB | 1.5/1.5 MB | 1.1/1.5 MB | 0.7/1.0 MB
Progress (5): 3.7/8.4 MB | 0.9/1.5 MB | 1.5/1.5 MB | 1.1/1.5 MB | 0.7/1.0 MB
Progress (5): 3.7/8.4 MB | 0.9/1.5 MB | 1.5/1.5 MB | 1.1/1.5 MB | 0.7/1.0 MB
Progress (5): 3.7/8.4 MB | 0.9/1.5 MB | 1.5/1.5 MB | 1.1/1.5 MB | 0.7/1.0 MB
Progress (5): 3.7/8.4 MB | 1.0/1.5 MB | 1.5/1.5 MB | 1.1/1.5 MB | 0.7/1.0 MB
Progress (5): 3.7/8.4 MB | 1.0/1.5 MB | 1.5 MB | 1.1/1.5 MB | 0.7/1.0 MB    
Progress (5): 3.7/8.4 MB | 1.0/1.5 MB | 1.5 MB | 1.1/1.5 MB | 0.7/1.0 MB
Progress (5): 3.7/8.4 MB | 1.0/1.5 MB | 1.5 MB | 1.1/1.5 MB | 0.7/1.0 MB
Progress (5): 3.7/8.4 MB | 1.0/1.5 MB | 1.5 MB | 1.1/1.5 MB | 0.7/1.0 MB
Progress (5): 3.7/8.4 MB | 1.0/1.5 MB | 1.5 MB | 1.1/1.5 MB | 0.7/1.0 MB
Progress (5): 3.7/8.4 MB | 1.0/1.5 MB | 1.5 MB | 1.1/1.5 MB | 0.7/1.0 MB
Progress (5): 3.7/8.4 MB | 1.0/1.5 MB | 1.5 MB | 1.1/1.5 MB | 0.7/1.0 MB
Progress (5): 3.7/8.4 MB | 1.0/1.5 MB | 1.5 MB | 1.1/1.5 MB | 0.7/1.0 MB
Progress (5): 3.7/8.4 MB | 1.0/1.5 MB | 1.5 MB | 1.1/1.5 MB | 0.7/1.0 MB
Progress (5): 3.7/8.4 MB | 1.0/1.5 MB | 1.5 MB | 1.1/1.5 MB | 0.7/1.0 MB
Progress (5): 3.7/8.4 MB | 1.0/1.5 MB | 1.5 MB | 1.1/1.5 MB | 0.7/1.0 MB
Progress (5): 3.7/8.4 MB | 1.0/1.5 MB | 1.5 MB | 1.1/1.5 MB | 0.7/1.0 MB
                                                                        
Downloaded from central: https://repo.maven.apache.org/maven2/org/seleniumhq/selenium/selenium-devtools-v123/4.20.0/selenium-devtools-v123-4.20.0.jar (1.5 MB at 6.4 MB/s)
Progress (4): 3.7/8.4 MB | 1.0/1.5 MB | 1.1/1.5 MB | 0.7/1.0 MB
Progress (4): 3.7/8.4 MB | 1.0/1.5 MB | 1.1/1.5 MB | 0.7/1.0 MB
Progress (4): 3.8/8.4 MB | 1.0/1.5 MB | 1.1/1.5 MB | 0.7/1.0 MB
                                                               
Downloading from central: https://repo.maven.apache.org/maven2/org/seleniumhq/selenium/selenium-edge-driver/4.20.0/selenium-edge-driver-4.20.0.jar
Progress (4): 3.8/8.4 MB | 1.0/1.5 MB | 1.1/1.5 MB | 0.7/1.0 MB
Progress (4): 3.8/8.4 MB | 1.0/1.5 MB | 1.1/1.5 MB | 0.7/1.0 MB
Progress (4): 3.8/8.4 MB | 1.0/1.5 MB | 1.1/1.5 MB | 0.7/1.0 MB
Progress (4): 3.8/8.4 MB | 1.0/1.5 MB | 1.1/1.5 MB | 0.7/1.0 MB
Progress (4): 3.8/8.4 MB | 1.0/1.5 MB | 1.1/1.5 MB | 0.7/1.0 MB
Progress (4): 3.8/8.4 MB | 1.0/1.5 MB | 1.1/1.5 MB | 0.7/1.0 MB
Progress (4): 3.8/8.4 MB | 1.0/1.5 MB | 1.1/1.5 MB | 0.8/1.0 MB
Progress (4): 3.8/8.4 MB | 1.0/1.5 MB | 1.1/1.5 MB | 0.8/1.0 MB
Progress (4): 3.8/8.4 MB | 1.0/1.5 MB | 1.1/1.5 MB | 0.8/1.0 MB
Progress (4): 3.8/8.4 MB | 1.0/1.5 MB | 1.1/1.5 MB | 0.8/1.0 MB
Progress (4): 3.8/8.4 MB | 1.0/1.5 MB | 1.1/1.5 MB | 0.8/1.0 MB
Progress (4): 3.8/8.4 MB | 1.0/1.5 MB | 1.1/1.5 MB | 0.8/1.0 MB
Progress (4): 3.8/8.4 MB | 1.0/1.5 MB | 1.1/1.5 MB | 0.8/1.0 MB
Progress (4): 3.8/8.4 MB | 1.0/1.5 MB | 1.2/1.5 MB | 0.8/1.0 MB
Progress (4): 3.8/8.4 MB | 1.0/1.5 MB | 1.2/1.5 MB | 0.8/1.0 MB
Progress (4): 3.8/8.4 MB | 1.0/1.5 MB | 1.2/1.5 MB | 0.8/1.0 MB
Progress (4): 3.8/8.4 MB | 1.0/1.5 MB | 1.2/1.5 MB | 0.8/1.0 MB
Progress (4): 3.8/8.4 MB | 1.0/1.5 MB | 1.2/1.5 MB | 0.8/1.0 MB
Progress (4): 3.9/8.4 MB | 1.0/1.5 MB | 1.2/1.5 MB | 0.8/1.0 MB
Progress (4): 3.9/8.4 MB | 1.0/1.5 MB | 1.2/1.5 MB | 0.8/1.0 MB
Progress (4): 3.9/8.4 MB | 1.0/1.5 MB | 1.2/1.5 MB | 0.8/1.0 MB
Progress (4): 3.9/8.4 MB | 1.0/1.5 MB | 1.2/1.5 MB | 0.8/1.0 MB
Progress (4): 3.9/8.4 MB | 1.0/1.5 MB | 1.2/1.5 MB | 0.8/1.0 MB
Progress (4): 3.9/8.4 MB | 1.0/1.5 MB | 1.2/1.5 MB | 0.8/1.0 MB
Progress (4): 3.9/8.4 MB | 1.0/1.5 MB | 1.2/1.5 MB | 0.8/1.0 MB
Progress (4): 3.9/8.4 MB | 1.0/1.5 MB | 1.2/1.5 MB | 0.8/1.0 MB
Progress (4): 3.9/8.4 MB | 1.1/1.5 MB | 1.2/1.5 MB | 0.8/1.0 MB
Progress (4): 3.9/8.4 MB | 1.1/1.5 MB | 1.2/1.5 MB | 0.8/1.0 MB
Progress (4): 3.9/8.4 MB | 1.1/1.5 MB | 1.3/1.5 MB | 0.8/1.0 MB
Progress (4): 3.9/8.4 MB | 1.1/1.5 MB | 1.3/1.5 MB | 0.8/1.0 MB
Progress (4): 3.9/8.4 MB | 1.1/1.5 MB | 1.3/1.5 MB | 0.8/1.0 MB
Progress (4): 3.9/8.4 MB | 1.1/1.5 MB | 1.3/1.5 MB | 0.8/1.0 MB
Progress (4): 3.9/8.4 MB | 1.1/1.5 MB | 1.3/1.5 MB | 0.8/1.0 MB
Progress (4): 3.9/8.4 MB | 1.1/1.5 MB | 1.3/1.5 MB | 0.8/1.0 MB
Progress (4): 3.9/8.4 MB | 1.1/1.5 MB | 1.3/1.5 MB | 0.8/1.0 MB
Progress (4): 3.9/8.4 MB | 1.1/1.5 MB | 1.3/1.5 MB | 0.8/1.0 MB
Progress (4): 3.9/8.4 MB | 1.1/1.5 MB | 1.3/1.5 MB | 0.8/1.0 MB
Progress (4): 3.9/8.4 MB | 1.1/1.5 MB | 1.3/1.5 MB | 0.8/1.0 MB
Progress (4): 4.0/8.4 MB | 1.1/1.5 MB | 1.3/1.5 MB | 0.8/1.0 MB
Progress (4): 4.0/8.4 MB | 1.1/1.5 MB | 1.3/1.5 MB | 0.8/1.0 MB
Progress (4): 4.0/8.4 MB | 1.1/1.5 MB | 1.3/1.5 MB | 0.8/1.0 MB
Progress (4): 4.0/8.4 MB | 1.1/1.5 MB | 1.3/1.5 MB | 0.8/1.0 MB
Progress (4): 4.0/8.4 MB | 1.1/1.5 MB | 1.3/1.5 MB | 0.8/1.0 MB
Progress (4): 4.0/8.4 MB | 1.1/1.5 MB | 1.3/1.5 MB | 0.8/1.0 MB
Progress (4): 4.0/8.4 MB | 1.1/1.5 MB | 1.3/1.5 MB | 0.8/1.0 MB
Progress (4): 4.0/8.4 MB | 1.1/1.5 MB | 1.3/1.5 MB | 0.8/1.0 MB
Progress (4): 4.0/8.4 MB | 1.1/1.5 MB | 1.3/1.5 MB | 0.9/1.0 MB
Progress (4): 4.0/8.4 MB | 1.1/1.5 MB | 1.3/1.5 MB | 0.9/1.0 MB
Progress (4): 4.0/8.4 MB | 1.1/1.5 MB | 1.3/1.5 MB | 0.9/1.0 MB
Progress (4): 4.0/8.4 MB | 1.1/1.5 MB | 1.3/1.5 MB | 0.9/1.0 MB
Progress (4): 4.0/8.4 MB | 1.1/1.5 MB | 1.4/1.5 MB | 0.9/1.0 MB
Progress (4): 4.0/8.4 MB | 1.1/1.5 MB | 1.4/1.5 MB | 0.9/1.0 MB
Progress (4): 4.0/8.4 MB | 1.1/1.5 MB | 1.4/1.5 MB | 0.9/1.0 MB
Progress (4): 4.0/8.4 MB | 1.1/1.5 MB | 1.4/1.5 MB | 0.9/1.0 MB
Progress (4): 4.0/8.4 MB | 1.1/1.5 MB | 1.4/1.5 MB | 0.9/1.0 MB
Progress (4): 4.1/8.4 MB | 1.1/1.5 MB | 1.4/1.5 MB | 0.9/1.0 MB
Progress (4): 4.1/8.4 MB | 1.1/1.5 MB | 1.4/1.5 MB | 0.9/1.0 MB
Progress (4): 4.1/8.4 MB | 1.1/1.5 MB | 1.4/1.5 MB | 0.9/1.0 MB
Progress (4): 4.1/8.4 MB | 1.1/1.5 MB | 1.4/1.5 MB | 0.9/1.0 MB
Progress (4): 4.1/8.4 MB | 1.1/1.5 MB | 1.4/1.5 MB | 0.9/1.0 MB
Progress (4): 4.1/8.4 MB | 1.1/1.5 MB | 1.4/1.5 MB | 0.9/1.0 MB
Progress (4): 4.1/8.4 MB | 1.1/1.5 MB | 1.4/1.5 MB | 0.9/1.0 MB
Progress (4): 4.1/8.4 MB | 1.1/1.5 MB | 1.4/1.5 MB | 0.9/1.0 MB
Progress (4): 4.1/8.4 MB | 1.1/1.5 MB | 1.4/1.5 MB | 0.9/1.0 MB
Progress (4): 4.1/8.4 MB | 1.1/1.5 MB | 1.4/1.5 MB | 0.9/1.0 MB
Progress (4): 4.1/8.4 MB | 1.2/1.5 MB | 1.4/1.5 MB | 0.9/1.0 MB
Progress (4): 4.1/8.4 MB | 1.2/1.5 MB | 1.4/1.5 MB | 0.9/1.0 MB
Progress (4): 4.1/8.4 MB | 1.2/1.5 MB | 1.5/1.5 MB | 0.9/1.0 MB
Progress (4): 4.1/8.4 MB | 1.2/1.5 MB | 1.5/1.5 MB | 0.9/1.0 MB
Progress (4): 4.1/8.4 MB | 1.2/1.5 MB | 1.5/1.5 MB | 0.9/1.0 MB
Progress (4): 4.1/8.4 MB | 1.2/1.5 MB | 1.5/1.5 MB | 0.9/1.0 MB
Progress (4): 4.1/8.4 MB | 1.2/1.5 MB | 1.5/1.5 MB | 0.9/1.0 MB
Progress (4): 4.1/8.4 MB | 1.2/1.5 MB | 1.5 MB | 0.9/1.0 MB    
Progress (4): 4.1/8.4 MB | 1.2/1.5 MB | 1.5 MB | 0.9/1.0 MB
Progress (4): 4.1/8.4 MB | 1.2/1.5 MB | 1.5 MB | 0.9/1.0 MB
Progress (4): 4.1/8.4 MB | 1.2/1.5 MB | 1.5 MB | 0.9/1.0 MB
                                                           
Downloaded from central: https://repo.maven.apache.org/maven2/org/seleniumhq/selenium/selenium-devtools-v124/4.20.0/selenium-devtools-v124-4.20.0.jar (1.5 MB at 5.8 MB/s)
Downloading from central: https://repo.maven.apache.org/maven2/org/seleniumhq/selenium/selenium-firefox-driver/4.20.0/selenium-firefox-driver-4.20.0.jar
Progress (3): 4.1/8.4 MB | 1.3/1.5 MB | 0.9/1.0 MB
Progress (3): 4.2/8.4 MB | 1.3/1.5 MB | 0.9/1.0 MB
Progress (3): 4.2/8.4 MB | 1.3/1.5 MB | 0.9/1.0 MB
Progress (3): 4.2/8.4 MB | 1.3/1.5 MB | 0.9/1.0 MB
Progress (3): 4.2/8.4 MB | 1.3/1.5 MB | 0.9/1.0 MB
Progress (3): 4.2/8.4 MB | 1.3/1.5 MB | 0.9/1.0 MB
Progress (3): 4.2/8.4 MB | 1.3/1.5 MB | 0.9/1.0 MB
Progress (3): 4.2/8.4 MB | 1.3/1.5 MB | 1.0/1.0 MB
Progress (3): 4.2/8.4 MB | 1.3/1.5 MB | 1.0/1.0 MB
Progress (3): 4.2/8.4 MB | 1.3/1.5 MB | 1.0/1.0 MB
Progress (3): 4.2/8.4 MB | 1.3/1.5 MB | 1.0/1.0 MB
Progress (3): 4.2/8.4 MB | 1.3/1.5 MB | 1.0 MB    
Progress (3): 4.2/8.4 MB | 1.3/1.5 MB | 1.0 MB
                                              
Downloaded from central: https://repo.maven.apache.org/maven2/org/seleniumhq/selenium/selenium-devtools-v85/4.20.0/selenium-devtools-v85-4.20.0.jar (1.0 MB at 3.8 MB/s)
Downloading from central: https://repo.maven.apache.org/maven2/org/seleniumhq/selenium/selenium-http/4.20.0/selenium-http-4.20.0.jar
Progress (2): 4.2/8.4 MB | 1.3/1.5 MB
Progress (2): 4.3/8.4 MB | 1.3/1.5 MB
Progress (2): 4.3/8.4 MB | 1.3/1.5 MB
Progress (2): 4.3/8.4 MB | 1.3/1.5 MB
Progress (2): 4.3/8.4 MB | 1.3/1.5 MB
Progress (2): 4.3/8.4 MB | 1.3/1.5 MB
Progress (2): 4.3/8.4 MB | 1.3/1.5 MB
Progress (2): 4.3/8.4 MB | 1.3/1.5 MB
Progress (2): 4.3/8.4 MB | 1.3/1.5 MB
Progress (2): 4.3/8.4 MB | 1.3/1.5 MB
Progress (2): 4.3/8.4 MB | 1.3/1.5 MB
Progress (2): 4.3/8.4 MB | 1.3/1.5 MB
Progress (2): 4.3/8.4 MB | 1.4/1.5 MB
Progress (2): 4.3/8.4 MB | 1.4/1.5 MB
Progress (3): 4.3/8.4 MB | 1.4/1.5 MB | 7.7/15 kB
Progress (3): 4.3/8.4 MB | 1.4/1.5 MB | 7.7/15 kB
Progress (3): 4.4/8.4 MB | 1.4/1.5 MB | 7.7/15 kB
Progress (3): 4.4/8.4 MB | 1.4/1.5 MB | 15 kB    
Progress (3): 4.4/8.4 MB | 1.4/1.5 MB | 15 kB
Progress (3): 4.4/8.4 MB | 1.4/1.5 MB | 15 kB
                                             
Downloaded from central: https://repo.maven.apache.org/maven2/org/seleniumhq/selenium/selenium-edge-driver/4.20.0/selenium-edge-driver-4.20.0.jar (15 kB at 55 kB/s)
Downloading from central: https://repo.maven.apache.org/maven2/dev/failsafe/failsafe/3.3.2/failsafe-3.3.2.jar
Progress (2): 4.4/8.4 MB | 1.4/1.5 MB
Progress (2): 4.4/8.4 MB | 1.4/1.5 MB
Progress (2): 4.4/8.4 MB | 1.4/1.5 MB
Progress (2): 4.4/8.4 MB | 1.4/1.5 MB
Progress (2): 4.4/8.4 MB | 1.4/1.5 MB
Progress (2): 4.4/8.4 MB | 1.5/1.5 MB
Progress (2): 4.4/8.4 MB | 1.5/1.5 MB
Progress (2): 4.4/8.4 MB | 1.5/1.5 MB
Progress (2): 4.4/8.4 MB | 1.5/1.5 MB
Progress (2): 4.4/8.4 MB | 1.5 MB    
                                 
Downloaded from central: https://repo.maven.apache.org/maven2/org/seleniumhq/selenium/selenium-devtools-v122/4.20.0/selenium-devtools-v122-4.20.0.jar (1.5 MB at 5.4 MB/s)
Downloading from central: https://repo.maven.apache.org/maven2/org/seleniumhq/selenium/selenium-ie-driver/4.20.0/selenium-ie-driver-4.20.0.jar
Progress (1): 4.4/8.4 MB
Progress (1): 4.5/8.4 MB
Progress (1): 4.5/8.4 MB
Progress (1): 4.5/8.4 MB
Progress (1): 4.5/8.4 MB
Progress (1): 4.5/8.4 MB
Progress (1): 4.5/8.4 MB
Progress (1): 4.6/8.4 MB
Progress (1): 4.6/8.4 MB
Progress (1): 4.6/8.4 MB
Progress (1): 4.6/8.4 MB
Progress (1): 4.6/8.4 MB
Progress (1): 4.6/8.4 MB
Progress (1): 4.7/8.4 MB
Progress (1): 4.7/8.4 MB
Progress (1): 4.7/8.4 MB
Progress (1): 4.7/8.4 MB
Progress (1): 4.7/8.4 MB
Progress (1): 4.7/8.4 MB
Progress (1): 4.8/8.4 MB
Progress (1): 4.8/8.4 MB
Progress (1): 4.8/8.4 MB
Progress (1): 4.8/8.4 MB
Progress (1): 4.8/8.4 MB
Progress (2): 4.8/8.4 MB | 7.7/83 kB
Progress (2): 4.8/8.4 MB | 7.7/83 kB
Progress (2): 4.8/8.4 MB | 7.7/83 kB
Progress (2): 4.8/8.4 MB | 24/83 kB 
Progress (2): 4.9/8.4 MB | 24/83 kB
Progress (2): 4.9/8.4 MB | 24/83 kB
Progress (3): 4.9/8.4 MB | 24/83 kB | 3.2/82 kB
Progress (3): 4.9/8.4 MB | 40/83 kB | 3.2/82 kB
Progress (3): 4.9/8.4 MB | 57/83 kB | 3.2/82 kB
Progress (3): 4.9/8.4 MB | 66/83 kB | 3.2/82 kB
Progress (3): 4.9/8.4 MB | 66/83 kB | 3.2/82 kB
Progress (3): 4.9/8.4 MB | 66/83 kB | 20/82 kB 
Progress (3): 4.9/8.4 MB | 82/83 kB | 20/82 kB
Progress (3): 4.9/8.4 MB | 83 kB | 20/82 kB   
Progress (3): 4.9/8.4 MB | 83 kB | 36/82 kB
                                           
Downloaded from central: https://repo.maven.apache.org/maven2/org/seleniumhq/selenium/selenium-firefox-driver/4.20.0/selenium-firefox-driver-4.20.0.jar (83 kB at 280 kB/s)
Downloading from central: https://repo.maven.apache.org/maven2/org/seleniumhq/selenium/selenium-remote-driver/4.20.0/selenium-remote-driver-4.20.0.jar
Progress (2): 4.9/8.4 MB | 52/82 kB
Progress (2): 4.9/8.4 MB | 52/82 kB
Progress (2): 4.9/8.4 MB | 52/82 kB
Progress (2): 4.9/8.4 MB | 69/82 kB
Progress (2): 4.9/8.4 MB | 69/82 kB
Progress (2): 5.0/8.4 MB | 69/82 kB
Progress (2): 5.0/8.4 MB | 69/82 kB
Progress (2): 5.0/8.4 MB | 69/82 kB
Progress (2): 5.0/8.4 MB | 82 kB   
                                
Downloaded from central: https://repo.maven.apache.org/maven2/org/seleniumhq/selenium/selenium-http/4.20.0/selenium-http-4.20.0.jar (82 kB at 273 kB/s)
Downloading from central: https://repo.maven.apache.org/maven2/com/google/guava/guava/33.1.0-jre/guava-33.1.0-jre.jar
Progress (2): 5.0/8.4 MB | 7.7/17 kB
Progress (2): 5.0/8.4 MB | 11/17 kB 
Progress (2): 5.0/8.4 MB | 17 kB   
                                
Downloaded from central: https://repo.maven.apache.org/maven2/org/seleniumhq/selenium/selenium-ie-driver/4.20.0/selenium-ie-driver-4.20.0.jar (17 kB at 55 kB/s)
Downloading from central: https://repo.maven.apache.org/maven2/com/google/guava/failureaccess/1.0.2/failureaccess-1.0.2.jar
Progress (1): 5.0/8.4 MB
Progress (1): 5.0/8.4 MB
Progress (1): 5.0/8.4 MB
Progress (1): 5.1/8.4 MB
Progress (1): 5.1/8.4 MB
Progress (1): 5.1/8.4 MB
Progress (1): 5.1/8.4 MB
Progress (1): 5.1/8.4 MB
Progress (2): 5.1/8.4 MB | 7.7/144 kB
Progress (2): 5.1/8.4 MB | 16/144 kB 
Progress (2): 5.1/8.4 MB | 16/144 kB
Progress (2): 5.1/8.4 MB | 32/144 kB
Progress (2): 5.2/8.4 MB | 32/144 kB
Progress (2): 5.2/8.4 MB | 49/144 kB
Progress (2): 5.2/8.4 MB | 49/144 kB
Progress (2): 5.2/8.4 MB | 57/144 kB
Progress (2): 5.2/8.4 MB | 73/144 kB
Progress (2): 5.2/8.4 MB | 73/144 kB
Progress (2): 5.2/8.4 MB | 73/144 kB
Progress (2): 5.2/8.4 MB | 90/144 kB
Progress (2): 5.2/8.4 MB | 90/144 kB
Progress (2): 5.2/8.4 MB | 90/144 kB
Progress (2): 5.2/8.4 MB | 90/144 kB
Progress (2): 5.3/8.4 MB | 90/144 kB
Progress (2): 5.3/8.4 MB | 90/144 kB
Progress (2): 5.3/8.4 MB | 90/144 kB
Progress (2): 5.3/8.4 MB | 90/144 kB
Progress (2): 5.3/8.4 MB | 90/144 kB
Progress (2): 5.3/8.4 MB | 106/144 kB
Progress (2): 5.3/8.4 MB | 106/144 kB
Progress (2): 5.3/8.4 MB | 122/144 kB
Progress (2): 5.4/8.4 MB | 122/144 kB
Progress (2): 5.4/8.4 MB | 139/144 kB
Progress (2): 5.4/8.4 MB | 144 kB    
Progress (2): 5.4/8.4 MB | 144 kB
                                 
Downloaded from central: https://repo.maven.apache.org/maven2/dev/failsafe/failsafe/3.3.2/failsafe-3.3.2.jar (144 kB at 454 kB/s)
Downloading from central: https://repo.maven.apache.org/maven2/com/google/guava/listenablefuture/9999.0-empty-to-avoid-conflict-with-guava/listenablefuture-9999.0-empty-to-avoid-conflict-with-guava.jar
Progress (1): 5.4/8.4 MB
Progress (1): 5.4/8.4 MB
Progress (1): 5.4/8.4 MB
Progress (1): 5.4/8.4 MB
Progress (1): 5.5/8.4 MB
Progress (1): 5.5/8.4 MB
Progress (1): 5.5/8.4 MB
Progress (1): 5.5/8.4 MB
Progress (1): 5.5/8.4 MB
Progress (1): 5.5/8.4 MB
Progress (1): 5.5/8.4 MB
Progress (1): 5.6/8.4 MB
Progress (1): 5.6/8.4 MB
Progress (1): 5.6/8.4 MB
Progress (1): 5.6/8.4 MB
Progress (1): 5.6/8.4 MB
Progress (1): 5.6/8.4 MB
Progress (1): 5.7/8.4 MB
Progress (1): 5.7/8.4 MB
Progress (2): 5.7/8.4 MB | 7.7/522 kB
Progress (2): 5.7/8.4 MB | 16/522 kB 
Progress (2): 5.7/8.4 MB | 28/522 kB
Progress (2): 5.7/8.4 MB | 44/522 kB
Progress (3): 5.7/8.4 MB | 44/522 kB | 0/3.1 MB
Progress (3): 5.7/8.4 MB | 44/522 kB | 0/3.1 MB
Progress (3): 5.7/8.4 MB | 61/522 kB | 0/3.1 MB
Progress (3): 5.7/8.4 MB | 61/522 kB | 0/3.1 MB
Progress (3): 5.7/8.4 MB | 61/522 kB | 0/3.1 MB
Progress (3): 5.7/8.4 MB | 61/522 kB | 0/3.1 MB
Progress (3): 5.7/8.4 MB | 77/522 kB | 0/3.1 MB
Progress (3): 5.7/8.4 MB | 77/522 kB | 0/3.1 MB
Progress (4): 5.7/8.4 MB | 77/522 kB | 0/3.1 MB | 4.7 kB
Progress (4): 5.7/8.4 MB | 93/522 kB | 0/3.1 MB | 4.7 kB
Progress (4): 5.7/8.4 MB | 110/522 kB | 0/3.1 MB | 4.7 kB
Progress (4): 5.7/8.4 MB | 110/522 kB | 0/3.1 MB | 4.7 kB
Progress (4): 5.7/8.4 MB | 110/522 kB | 0/3.1 MB | 4.7 kB
Progress (4): 5.8/8.4 MB | 110/522 kB | 0/3.1 MB | 4.7 kB
Progress (4): 5.8/8.4 MB | 110/522 kB | 0/3.1 MB | 4.7 kB
Progress (4): 5.8/8.4 MB | 110/522 kB | 0/3.1 MB | 4.7 kB
                                                         
Downloaded from central: https://repo.maven.apache.org/maven2/com/google/guava/failureaccess/1.0.2/failureaccess-1.0.2.jar (4.7 kB at 14 kB/s)
Downloading from central: https://repo.maven.apache.org/maven2/com/google/code/findbugs/jsr305/3.0.2/jsr305-3.0.2.jar
Progress (3): 5.8/8.4 MB | 110/522 kB | 0/3.1 MB
Progress (3): 5.8/8.4 MB | 110/522 kB | 0.1/3.1 MB
Progress (3): 5.8/8.4 MB | 110/522 kB | 0.1/3.1 MB
Progress (3): 5.8/8.4 MB | 110/522 kB | 0.1/3.1 MB
Progress (3): 5.8/8.4 MB | 110/522 kB | 0.1/3.1 MB
Progress (3): 5.8/8.4 MB | 110/522 kB | 0.1/3.1 MB
Progress (3): 5.8/8.4 MB | 110/522 kB | 0.1/3.1 MB
Progress (3): 5.8/8.4 MB | 110/522 kB | 0.2/3.1 MB
Progress (3): 5.8/8.4 MB | 110/522 kB | 0.2/3.1 MB
Progress (4): 5.8/8.4 MB | 110/522 kB | 0.2/3.1 MB | 2.2 kB
Progress (4): 5.8/8.4 MB | 126/522 kB | 0.2/3.1 MB | 2.2 kB
Progress (4): 5.8/8.4 MB | 142/522 kB | 0.2/3.1 MB | 2.2 kB
Progress (4): 5.8/8.4 MB | 159/522 kB | 0.2/3.1 MB | 2.2 kB
Progress (4): 5.8/8.4 MB | 159/522 kB | 0.2/3.1 MB | 2.2 kB
                                                           
Downloaded from central: https://repo.maven.apache.org/maven2/com/google/guava/listenablefuture/9999.0-empty-to-avoid-conflict-with-guava/listenablefuture-9999.0-empty-to-avoid-conflict-with-guava.jar (2.2 kB at 6.1 kB/s)
Progress (3): 5.8/8.4 MB | 175/522 kB | 0.2/3.1 MB
Progress (3): 5.8/8.4 MB | 175/522 kB | 0.2/3.1 MB
Progress (3): 5.8/8.4 MB | 192/522 kB | 0.2/3.1 MB
Progress (3): 5.8/8.4 MB | 192/522 kB | 0.2/3.1 MB
Progress (3): 5.8/8.4 MB | 192/522 kB | 0.2/3.1 MB
Progress (3): 5.9/8.4 MB | 192/522 kB | 0.2/3.1 MB
                                                  
Downloading from central: https://repo.maven.apache.org/maven2/org/checkerframework/checker-qual/3.42.0/checker-qual-3.42.0.jar
Progress (3): 5.9/8.4 MB | 208/522 kB | 0.2/3.1 MB
Progress (3): 5.9/8.4 MB | 224/522 kB | 0.2/3.1 MB
Progress (3): 5.9/8.4 MB | 241/522 kB | 0.2/3.1 MB
Progress (3): 5.9/8.4 MB | 246/522 kB | 0.2/3.1 MB
Progress (3): 5.9/8.4 MB | 262/522 kB | 0.2/3.1 MB
Progress (3): 5.9/8.4 MB | 262/522 kB | 0.2/3.1 MB
Progress (3): 5.9/8.4 MB | 262/522 kB | 0.2/3.1 MB
Progress (3): 5.9/8.4 MB | 262/522 kB | 0.2/3.1 MB
Progress (3): 5.9/8.4 MB | 262/522 kB | 0.2/3.1 MB
Progress (3): 5.9/8.4 MB | 262/522 kB | 0.3/3.1 MB
Progress (3): 5.9/8.4 MB | 262/522 kB | 0.3/3.1 MB
Progress (3): 5.9/8.4 MB | 262/522 kB | 0.3/3.1 MB
Progress (3): 5.9/8.4 MB | 262/522 kB | 0.3/3.1 MB
Progress (3): 5.9/8.4 MB | 262/522 kB | 0.3/3.1 MB
Progress (3): 5.9/8.4 MB | 262/522 kB | 0.3/3.1 MB
Progress (3): 5.9/8.4 MB | 262/522 kB | 0.3/3.1 MB
Progress (3): 5.9/8.4 MB | 262/522 kB | 0.3/3.1 MB
Progress (3): 5.9/8.4 MB | 262/522 kB | 0.3/3.1 MB
Progress (3): 5.9/8.4 MB | 262/522 kB | 0.3/3.1 MB
Progress (3): 5.9/8.4 MB | 262/522 kB | 0.3/3.1 MB
Progress (3): 6.0/8.4 MB | 262/522 kB | 0.3/3.1 MB
Progress (3): 6.0/8.4 MB | 262/522 kB | 0.3/3.1 MB
Progress (3): 6.0/8.4 MB | 262/522 kB | 0.3/3.1 MB
Progress (3): 6.0/8.4 MB | 279/522 kB | 0.3/3.1 MB
Progress (3): 6.0/8.4 MB | 295/522 kB | 0.3/3.1 MB
Progress (3): 6.0/8.4 MB | 311/522 kB | 0.3/3.1 MB
Progress (3): 6.0/8.4 MB | 328/522 kB | 0.3/3.1 MB
Progress (3): 6.0/8.4 MB | 344/522 kB | 0.3/3.1 MB
Progress (3): 6.0/8.4 MB | 360/522 kB | 0.3/3.1 MB
Progress (3): 6.0/8.4 MB | 377/522 kB | 0.3/3.1 MB
Progress (3): 6.0/8.4 MB | 377/522 kB | 0.3/3.1 MB
Progress (3): 6.0/8.4 MB | 377/522 kB | 0.3/3.1 MB
Progress (3): 6.0/8.4 MB | 377/522 kB | 0.3/3.1 MB
Progress (3): 6.1/8.4 MB | 377/522 kB | 0.3/3.1 MB
Progress (3): 6.1/8.4 MB | 377/522 kB | 0.4/3.1 MB
Progress (3): 6.1/8.4 MB | 377/522 kB | 0.4/3.1 MB
Progress (3): 6.1/8.4 MB | 393/522 kB | 0.4/3.1 MB
Progress (3): 6.1/8.4 MB | 393/522 kB | 0.4/3.1 MB
Progress (4): 6.1/8.4 MB | 393/522 kB | 0.4/3.1 MB | 7.7/20 kB
Progress (4): 6.1/8.4 MB | 393/522 kB | 0.4/3.1 MB | 16/20 kB 
Progress (4): 6.1/8.4 MB | 393/522 kB | 0.4/3.1 MB | 20 kB   
Progress (4): 6.1/8.4 MB | 410/522 kB | 0.4/3.1 MB | 20 kB
Progress (4): 6.1/8.4 MB | 410/522 kB | 0.4/3.1 MB | 20 kB
                                                          
Downloaded from central: https://repo.maven.apache.org/maven2/com/google/code/findbugs/jsr305/3.0.2/jsr305-3.0.2.jar (20 kB at 53 kB/s)
Downloading from central: https://repo.maven.apache.org/maven2/com/google/errorprone/error_prone_annotations/2.26.1/error_prone_annotations-2.26.1.jar
Progress (3): 6.1/8.4 MB | 426/522 kB | 0.4/3.1 MB
Progress (3): 6.1/8.4 MB | 442/522 kB | 0.4/3.1 MB
Progress (3): 6.1/8.4 MB | 442/522 kB | 0.4/3.1 MB
Progress (3): 6.1/8.4 MB | 442/522 kB | 0.4/3.1 MB
Progress (3): 6.1/8.4 MB | 442/522 kB | 0.4/3.1 MB
Progress (3): 6.1/8.4 MB | 442/522 kB | 0.4/3.1 MB
Progress (3): 6.1/8.4 MB | 442/522 kB | 0.4/3.1 MB
Progress (3): 6.2/8.4 MB | 442/522 kB | 0.4/3.1 MB
Progress (4): 6.2/8.4 MB | 442/522 kB | 0.4/3.1 MB | 7.7/231 kB
Progress (4): 6.2/8.4 MB | 442/522 kB | 0.4/3.1 MB | 7.7/231 kB
Progress (4): 6.2/8.4 MB | 442/522 kB | 0.4/3.1 MB | 7.7/231 kB
Progress (4): 6.2/8.4 MB | 459/522 kB | 0.4/3.1 MB | 7.7/231 kB
Progress (4): 6.2/8.4 MB | 465/522 kB | 0.4/3.1 MB | 7.7/231 kB
Progress (4): 6.2/8.4 MB | 465/522 kB | 0.4/3.1 MB | 24/231 kB 
Progress (4): 6.2/8.4 MB | 465/522 kB | 0.4/3.1 MB | 24/231 kB
Progress (4): 6.2/8.4 MB | 481/522 kB | 0.4/3.1 MB | 24/231 kB
Progress (4): 6.2/8.4 MB | 481/522 kB | 0.4/3.1 MB | 40/231 kB
Progress (4): 6.2/8.4 MB | 498/522 kB | 0.4/3.1 MB | 40/231 kB
Progress (4): 6.2/8.4 MB | 498/522 kB | 0.5/3.1 MB | 40/231 kB
Progress (4): 6.2/8.4 MB | 498/522 kB | 0.5/3.1 MB | 57/231 kB
Progress (4): 6.2/8.4 MB | 514/522 kB | 0.5/3.1 MB | 57/231 kB
Progress (4): 6.2/8.4 MB | 514/522 kB | 0.5/3.1 MB | 57/231 kB
Progress (4): 6.2/8.4 MB | 514/522 kB | 0.5/3.1 MB | 73/231 kB
Progress (4): 6.2/8.4 MB | 522 kB | 0.5/3.1 MB | 73/231 kB    
Progress (4): 6.2/8.4 MB | 522 kB | 0.5/3.1 MB | 73/231 kB
Progress (4): 6.2/8.4 MB | 522 kB | 0.5/3.1 MB | 90/231 kB
                                                          
Downloaded from central: https://repo.maven.apache.org/maven2/org/seleniumhq/selenium/selenium-remote-driver/4.20.0/selenium-remote-driver-4.20.0.jar (522 kB at 1.3 MB/s)
Downloading from central: https://repo.maven.apache.org/maven2/com/google/j2objc/j2objc-annotations/3.0.0/j2objc-annotations-3.0.0.jar
Progress (3): 6.2/8.4 MB | 0.5/3.1 MB | 90/231 kB
Progress (3): 6.2/8.4 MB | 0.5/3.1 MB | 90/231 kB
Progress (3): 6.2/8.4 MB | 0.5/3.1 MB | 90/231 kB
Progress (3): 6.2/8.4 MB | 0.5/3.1 MB | 90/231 kB
Progress (3): 6.2/8.4 MB | 0.5/3.1 MB | 90/231 kB
Progress (3): 6.2/8.4 MB | 0.5/3.1 MB | 90/231 kB
Progress (3): 6.2/8.4 MB | 0.5/3.1 MB | 106/231 kB
Progress (3): 6.2/8.4 MB | 0.5/3.1 MB | 106/231 kB
Progress (3): 6.3/8.4 MB | 0.5/3.1 MB | 106/231 kB
Progress (3): 6.3/8.4 MB | 0.5/3.1 MB | 122/231 kB
Progress (3): 6.3/8.4 MB | 0.5/3.1 MB | 122/231 kB
Progress (3): 6.3/8.4 MB | 0.5/3.1 MB | 139/231 kB
Progress (3): 6.3/8.4 MB | 0.5/3.1 MB | 139/231 kB
Progress (3): 6.3/8.4 MB | 0.6/3.1 MB | 139/231 kB
Progress (3): 6.3/8.4 MB | 0.6/3.1 MB | 155/231 kB
Progress (3): 6.3/8.4 MB | 0.6/3.1 MB | 155/231 kB
Progress (3): 6.3/8.4 MB | 0.6/3.1 MB | 155/231 kB
Progress (3): 6.3/8.4 MB | 0.6/3.1 MB | 172/231 kB
Progress (3): 6.3/8.4 MB | 0.6/3.1 MB | 172/231 kB
Progress (3): 6.3/8.4 MB | 0.6/3.1 MB | 188/231 kB
Progress (3): 6.3/8.4 MB | 0.6/3.1 MB | 188/231 kB
Progress (3): 6.3/8.4 MB | 0.6/3.1 MB | 188/231 kB
Progress (3): 6.3/8.4 MB | 0.6/3.1 MB | 188/231 kB
Progress (3): 6.3/8.4 MB | 0.6/3.1 MB | 204/231 kB
Progress (3): 6.3/8.4 MB | 0.6/3.1 MB | 204/231 kB
Progress (3): 6.3/8.4 MB | 0.6/3.1 MB | 204/231 kB
Progress (3): 6.3/8.4 MB | 0.6/3.1 MB | 221/231 kB
Progress (3): 6.3/8.4 MB | 0.6/3.1 MB | 221/231 kB
Progress (3): 6.3/8.4 MB | 0.6/3.1 MB | 221/231 kB
Progress (3): 6.4/8.4 MB | 0.6/3.1 MB | 221/231 kB
Progress (3): 6.4/8.4 MB | 0.6/3.1 MB | 221/231 kB
Progress (3): 6.4/8.4 MB | 0.6/3.1 MB | 221/231 kB
Progress (3): 6.4/8.4 MB | 0.6/3.1 MB | 221/231 kB
Progress (3): 6.4/8.4 MB | 0.6/3.1 MB | 221/231 kB
Progress (3): 6.4/8.4 MB | 0.6/3.1 MB | 221/231 kB
Progress (3): 6.4/8.4 MB | 0.6/3.1 MB | 221/231 kB
Progress (3): 6.4/8.4 MB | 0.6/3.1 MB | 221/231 kB
Progress (3): 6.5/8.4 MB | 0.6/3.1 MB | 221/231 kB
Progress (3): 6.5/8.4 MB | 0.6/3.1 MB | 221/231 kB
Progress (3): 6.5/8.4 MB | 0.7/3.1 MB | 221/231 kB
Progress (3): 6.5/8.4 MB | 0.7/3.1 MB | 221/231 kB
Progress (3): 6.5/8.4 MB | 0.7/3.1 MB | 221/231 kB
Progress (3): 6.5/8.4 MB | 0.7/3.1 MB | 221/231 kB
Progress (3): 6.5/8.4 MB | 0.7/3.1 MB | 221/231 kB
Progress (3): 6.5/8.4 MB | 0.7/3.1 MB | 221/231 kB
Progress (3): 6.5/8.4 MB | 0.7/3.1 MB | 221/231 kB
Progress (3): 6.5/8.4 MB | 0.7/3.1 MB | 221/231 kB
Progress (3): 6.6/8.4 MB | 0.7/3.1 MB | 221/231 kB
Progress (3): 6.6/8.4 MB | 0.7/3.1 MB | 231 kB    
Progress (3): 6.6/8.4 MB | 0.7/3.1 MB | 231 kB
Progress (3): 6.6/8.4 MB | 0.7/3.1 MB | 231 kB
                                              
Downloaded from central: https://repo.maven.apache.org/maven2/org/checkerframework/checker-qual/3.42.0/checker-qual-3.42.0.jar (231 kB at 569 kB/s)
Downloading from central: https://repo.maven.apache.org/maven2/io/opentelemetry/semconv/opentelemetry-semconv/1.25.0-alpha/opentelemetry-semconv-1.25.0-alpha.jar
Progress (2): 6.6/8.4 MB | 0.7/3.1 MB
Progress (2): 6.6/8.4 MB | 0.7/3.1 MB
Progress (2): 6.6/8.4 MB | 0.7/3.1 MB
Progress (2): 6.6/8.4 MB | 0.7/3.1 MB
Progress (2): 6.6/8.4 MB | 0.8/3.1 MB
Progress (3): 6.6/8.4 MB | 0.8/3.1 MB | 7.7/19 kB
Progress (3): 6.6/8.4 MB | 0.8/3.1 MB | 16/19 kB 
Progress (3): 6.6/8.4 MB | 0.8/3.1 MB | 19 kB   
Progress (3): 6.6/8.4 MB | 0.8/3.1 MB | 19 kB
                                             
Downloaded from central: https://repo.maven.apache.org/maven2/com/google/errorprone/error_prone_annotations/2.26.1/error_prone_annotations-2.26.1.jar (19 kB at 47 kB/s)
Progress (2): 6.6/8.4 MB | 0.8/3.1 MB
Progress (2): 6.7/8.4 MB | 0.8/3.1 MB
                                     
Downloading from central: https://repo.maven.apache.org/maven2/io/opentelemetry/opentelemetry-api/1.37.0/opentelemetry-api-1.37.0.jar
Progress (2): 6.7/8.4 MB | 0.8/3.1 MB
Progress (2): 6.7/8.4 MB | 0.8/3.1 MB
Progress (2): 6.7/8.4 MB | 0.8/3.1 MB
Progress (2): 6.7/8.4 MB | 0.8/3.1 MB
Progress (2): 6.7/8.4 MB | 0.8/3.1 MB
Progress (2): 6.7/8.4 MB | 0.8/3.1 MB
Progress (2): 6.7/8.4 MB | 0.8/3.1 MB
Progress (2): 6.7/8.4 MB | 0.8/3.1 MB
Progress (2): 6.7/8.4 MB | 0.8/3.1 MB
Progress (2): 6.7/8.4 MB | 0.9/3.1 MB
Progress (2): 6.8/8.4 MB | 0.9/3.1 MB
Progress (2): 6.8/8.4 MB | 0.9/3.1 MB
Progress (2): 6.8/8.4 MB | 0.9/3.1 MB
Progress (2): 6.8/8.4 MB | 0.9/3.1 MB
Progress (2): 6.8/8.4 MB | 0.9/3.1 MB
Progress (2): 6.8/8.4 MB | 0.9/3.1 MB
Progress (2): 6.8/8.4 MB | 0.9/3.1 MB
Progress (2): 6.8/8.4 MB | 0.9/3.1 MB
Progress (3): 6.8/8.4 MB | 0.9/3.1 MB | 7.7/12 kB
Progress (3): 6.8/8.4 MB | 0.9/3.1 MB | 7.7/12 kB
Progress (3): 6.8/8.4 MB | 0.9/3.1 MB | 12 kB    
Progress (3): 6.8/8.4 MB | 0.9/3.1 MB | 12 kB
                                             
Downloaded from central: https://repo.maven.apache.org/maven2/com/google/j2objc/j2objc-annotations/3.0.0/j2objc-annotations-3.0.0.jar (12 kB at 30 kB/s)
Downloading from central: https://repo.maven.apache.org/maven2/io/opentelemetry/opentelemetry-context/1.37.0/opentelemetry-context-1.37.0.jar
Progress (2): 6.8/8.4 MB | 0.9/3.1 MB
Progress (2): 6.8/8.4 MB | 1.0/3.1 MB
Progress (2): 6.8/8.4 MB | 1.0/3.1 MB
Progress (2): 6.8/8.4 MB | 1.0/3.1 MB
Progress (2): 6.8/8.4 MB | 1.0/3.1 MB
Progress (2): 6.8/8.4 MB | 1.0/3.1 MB
Progress (2): 6.9/8.4 MB | 1.0/3.1 MB
Progress (2): 6.9/8.4 MB | 1.0/3.1 MB
Progress (2): 6.9/8.4 MB | 1.0/3.1 MB
Progress (2): 6.9/8.4 MB | 1.0/3.1 MB
Progress (2): 6.9/8.4 MB | 1.0/3.1 MB
Progress (2): 6.9/8.4 MB | 1.0/3.1 MB
Progress (2): 6.9/8.4 MB | 1.0/3.1 MB
Progress (2): 6.9/8.4 MB | 1.0/3.1 MB
Progress (2): 6.9/8.4 MB | 1.1/3.1 MB
Progress (2): 6.9/8.4 MB | 1.1/3.1 MB
Progress (2): 6.9/8.4 MB | 1.1/3.1 MB
Progress (2): 6.9/8.4 MB | 1.1/3.1 MB
Progress (2): 6.9/8.4 MB | 1.1/3.1 MB
Progress (2): 7.0/8.4 MB | 1.1/3.1 MB
Progress (2): 7.0/8.4 MB | 1.1/3.1 MB
Progress (2): 7.0/8.4 MB | 1.1/3.1 MB
Progress (2): 7.0/8.4 MB | 1.1/3.1 MB
Progress (2): 7.0/8.4 MB | 1.1/3.1 MB
Progress (2): 7.0/8.4 MB | 1.1/3.1 MB
Progress (2): 7.0/8.4 MB | 1.1/3.1 MB
Progress (2): 7.0/8.4 MB | 1.1/3.1 MB
Progress (2): 7.0/8.4 MB | 1.2/3.1 MB
Progress (2): 7.0/8.4 MB | 1.2/3.1 MB
Progress (2): 7.0/8.4 MB | 1.2/3.1 MB
Progress (2): 7.1/8.4 MB | 1.2/3.1 MB
Progress (2): 7.1/8.4 MB | 1.2/3.1 MB
Progress (2): 7.1/8.4 MB | 1.2/3.1 MB
Progress (2): 7.1/8.4 MB | 1.2/3.1 MB
Progress (2): 7.1/8.4 MB | 1.2/3.1 MB
Progress (2): 7.1/8.4 MB | 1.2/3.1 MB
Progress (2): 7.1/8.4 MB | 1.2/3.1 MB
Progress (2): 7.1/8.4 MB | 1.2/3.1 MB
Progress (2): 7.1/8.4 MB | 1.2/3.1 MB
Progress (2): 7.1/8.4 MB | 1.2/3.1 MB
Progress (2): 7.1/8.4 MB | 1.2/3.1 MB
Progress (2): 7.1/8.4 MB | 1.3/3.1 MB
Progress (2): 7.2/8.4 MB | 1.3/3.1 MB
Progress (2): 7.2/8.4 MB | 1.3/3.1 MB
Progress (2): 7.2/8.4 MB | 1.3/3.1 MB
Progress (2): 7.2/8.4 MB | 1.3/3.1 MB
Progress (2): 7.2/8.4 MB | 1.3/3.1 MB
Progress (2): 7.2/8.4 MB | 1.3/3.1 MB
Progress (2): 7.2/8.4 MB | 1.3/3.1 MB
Progress (2): 7.2/8.4 MB | 1.3/3.1 MB
Progress (2): 7.2/8.4 MB | 1.3/3.1 MB
Progress (2): 7.2/8.4 MB | 1.3/3.1 MB
Progress (2): 7.2/8.4 MB | 1.4/3.1 MB
Progress (2): 7.2/8.4 MB | 1.4/3.1 MB
Progress (2): 7.2/8.4 MB | 1.4/3.1 MB
Progress (2): 7.3/8.4 MB | 1.4/3.1 MB
Progress (2): 7.3/8.4 MB | 1.4/3.1 MB
Progress (2): 7.3/8.4 MB | 1.4/3.1 MB
Progress (2): 7.3/8.4 MB | 1.4/3.1 MB
Progress (2): 7.3/8.4 MB | 1.4/3.1 MB
Progress (2): 7.3/8.4 MB | 1.4/3.1 MB
Progress (2): 7.3/8.4 MB | 1.4/3.1 MB
Progress (2): 7.3/8.4 MB | 1.4/3.1 MB
Progress (2): 7.3/8.4 MB | 1.4/3.1 MB
Progress (2): 7.3/8.4 MB | 1.4/3.1 MB
Progress (2): 7.4/8.4 MB | 1.4/3.1 MB
Progress (2): 7.4/8.4 MB | 1.5/3.1 MB
Progress (2): 7.4/8.4 MB | 1.5/3.1 MB
Progress (2): 7.4/8.4 MB | 1.5/3.1 MB
Progress (2): 7.4/8.4 MB | 1.5/3.1 MB
Progress (3): 7.4/8.4 MB | 1.5/3.1 MB | 7.7/75 kB
Progress (3): 7.4/8.4 MB | 1.5/3.1 MB | 16/75 kB 
Progress (3): 7.4/8.4 MB | 1.5/3.1 MB | 16/75 kB
Progress (3): 7.4/8.4 MB | 1.5/3.1 MB | 32/75 kB
Progress (3): 7.4/8.4 MB | 1.5/3.1 MB | 48/75 kB
Progress (3): 7.4/8.4 MB | 1.5/3.1 MB | 48/75 kB
Progress (3): 7.4/8.4 MB | 1.5/3.1 MB | 65/75 kB
Progress (3): 7.4/8.4 MB | 1.5/3.1 MB | 65/75 kB
Progress (3): 7.4/8.4 MB | 1.5/3.1 MB | 75 kB   
Progress (3): 7.4/8.4 MB | 1.6/3.1 MB | 75 kB
                                             
Downloaded from central: https://repo.maven.apache.org/maven2/io/opentelemetry/semconv/opentelemetry-semconv/1.25.0-alpha/opentelemetry-semconv-1.25.0-alpha.jar (75 kB at 168 kB/s)
Progress (2): 7.4/8.4 MB | 1.6/3.1 MB
Progress (2): 7.4/8.4 MB | 1.6/3.1 MB
Progress (2): 7.4/8.4 MB | 1.6/3.1 MB
Progress (2): 7.4/8.4 MB | 1.6/3.1 MB
Progress (2): 7.4/8.4 MB | 1.6/3.1 MB
Progress (2): 7.4/8.4 MB | 1.6/3.1 MB
Progress (2): 7.4/8.4 MB | 1.6/3.1 MB
Progress (2): 7.4/8.4 MB | 1.6/3.1 MB
Progress (3): 7.4/8.4 MB | 1.6/3.1 MB | 7.7/139 kB
Progress (3): 7.4/8.4 MB | 1.6/3.1 MB | 11/139 kB 
Progress (3): 7.4/8.4 MB | 1.7/3.1 MB | 11/139 kB
Progress (3): 7.4/8.4 MB | 1.7/3.1 MB | 28/139 kB
Progress (3): 7.4/8.4 MB | 1.7/3.1 MB | 28/139 kB
Progress (3): 7.4/8.4 MB | 1.7/3.1 MB | 44/139 kB
Progress (3): 7.4/8.4 MB | 1.7/3.1 MB | 61/139 kB
Progress (3): 7.4/8.4 MB | 1.7/3.1 MB | 61/139 kB
Progress (3): 7.4/8.4 MB | 1.7/3.1 MB | 77/139 kB
Progress (3): 7.4/8.4 MB | 1.7/3.1 MB | 77/139 kB
Progress (3): 7.4/8.4 MB | 1.7/3.1 MB | 93/139 kB
Progress (3): 7.4/8.4 MB | 1.7/3.1 MB | 93/139 kB
Progress (3): 7.4/8.4 MB | 1.7/3.1 MB | 110/139 kB
Progress (3): 7.4/8.4 MB | 1.7/3.1 MB | 126/139 kB
Progress (3): 7.4/8.4 MB | 1.7/3.1 MB | 139 kB    
Progress (3): 7.4/8.4 MB | 1.7/3.1 MB | 139 kB
Progress (3): 7.4/8.4 MB | 1.8/3.1 MB | 139 kB
Progress (3): 7.4/8.4 MB | 1.8/3.1 MB | 139 kB
Progress (4): 7.4/8.4 MB | 1.8/3.1 MB | 139 kB | 7.7/47 kB
Progress (4): 7.4/8.4 MB | 1.8/3.1 MB | 139 kB | 16/47 kB 
Progress (4): 7.4/8.4 MB | 1.8/3.1 MB | 139 kB | 16/47 kB
Progress (4): 7.4/8.4 MB | 1.8/3.1 MB | 139 kB | 32/47 kB
Progress (4): 7.4/8.4 MB | 1.8/3.1 MB | 139 kB | 32/47 kB
Progress (4): 7.4/8.4 MB | 1.8/3.1 MB | 139 kB | 47 kB   
Progress (4): 7.4/8.4 MB | 1.8/3.1 MB | 139 kB | 47 kB
                                                      
Downloading from central: https://repo.maven.apache.org/maven2/io/opentelemetry/opentelemetry-exporter-logging/1.37.0/opentelemetry-exporter-logging-1.37.0.jar
Progress (4): 7.4/8.4 MB | 1.8/3.1 MB | 139 kB | 47 kB
                                                      
Downloaded from central: https://repo.maven.apache.org/maven2/io/opentelemetry/opentelemetry-context/1.37.0/opentelemetry-context-1.37.0.jar (47 kB at 103 kB/s)
Progress (3): 7.4/8.4 MB | 1.8/3.1 MB | 139 kB
Progress (3): 7.4/8.4 MB | 1.9/3.1 MB | 139 kB
Progress (3): 7.4/8.4 MB | 1.9/3.1 MB | 139 kB
Progress (3): 7.4/8.4 MB | 1.9/3.1 MB | 139 kB
Progress (3): 7.5/8.4 MB | 1.9/3.1 MB | 139 kB
                                              
Downloading from central: https://repo.maven.apache.org/maven2/io/opentelemetry/opentelemetry-sdk-common/1.37.0/opentelemetry-sdk-common-1.37.0.jar
Progress (3): 7.5/8.4 MB | 1.9/3.1 MB | 139 kB
Progress (3): 7.5/8.4 MB | 1.9/3.1 MB | 139 kB
Progress (3): 7.5/8.4 MB | 1.9/3.1 MB | 139 kB
Progress (3): 7.5/8.4 MB | 1.9/3.1 MB | 139 kB
Progress (3): 7.5/8.4 MB | 1.9/3.1 MB | 139 kB
                                              
Downloaded from central: https://repo.maven.apache.org/maven2/io/opentelemetry/opentelemetry-api/1.37.0/opentelemetry-api-1.37.0.jar (139 kB at 302 kB/s)
Downloading from central: https://repo.maven.apache.org/maven2/io/opentelemetry/opentelemetry-sdk-extension-autoconfigure-spi/1.37.0/opentelemetry-sdk-extension-autoconfigure-spi-1.37.0.jar
Progress (2): 7.5/8.4 MB | 1.9/3.1 MB
Progress (2): 7.5/8.4 MB | 2.0/3.1 MB
Progress (2): 7.5/8.4 MB | 2.0/3.1 MB
Progress (2): 7.5/8.4 MB | 2.0/3.1 MB
Progress (2): 7.5/8.4 MB | 2.0/3.1 MB
Progress (2): 7.5/8.4 MB | 2.0/3.1 MB
Progress (2): 7.5/8.4 MB | 2.0/3.1 MB
Progress (2): 7.5/8.4 MB | 2.0/3.1 MB
Progress (2): 7.5/8.4 MB | 2.0/3.1 MB
Progress (2): 7.5/8.4 MB | 2.0/3.1 MB
Progress (2): 7.5/8.4 MB | 2.0/3.1 MB
Progress (2): 7.5/8.4 MB | 2.1/3.1 MB
Progress (2): 7.6/8.4 MB | 2.1/3.1 MB
Progress (2): 7.6/8.4 MB | 2.1/3.1 MB
Progress (2): 7.6/8.4 MB | 2.1/3.1 MB
Progress (2): 7.6/8.4 MB | 2.1/3.1 MB
Progress (2): 7.6/8.4 MB | 2.1/3.1 MB
Progress (2): 7.6/8.4 MB | 2.1/3.1 MB
Progress (2): 7.6/8.4 MB | 2.1/3.1 MB
Progress (2): 7.6/8.4 MB | 2.1/3.1 MB
Progress (2): 7.6/8.4 MB | 2.1/3.1 MB
Progress (2): 7.6/8.4 MB | 2.1/3.1 MB
Progress (2): 7.6/8.4 MB | 2.1/3.1 MB
Progress (2): 7.7/8.4 MB | 2.1/3.1 MB
Progress (2): 7.7/8.4 MB | 2.2/3.1 MB
Progress (2): 7.7/8.4 MB | 2.2/3.1 MB
Progress (2): 7.7/8.4 MB | 2.2/3.1 MB
Progress (2): 7.7/8.4 MB | 2.2/3.1 MB
Progress (2): 7.7/8.4 MB | 2.2/3.1 MB
Progress (2): 7.7/8.4 MB | 2.2/3.1 MB
Progress (2): 7.7/8.4 MB | 2.2/3.1 MB
Progress (2): 7.7/8.4 MB | 2.2/3.1 MB
Progress (2): 7.7/8.4 MB | 2.2/3.1 MB
Progress (2): 7.7/8.4 MB | 2.2/3.1 MB
Progress (2): 7.7/8.4 MB | 2.2/3.1 MB
Progress (2): 7.7/8.4 MB | 2.2/3.1 MB
Progress (2): 7.7/8.4 MB | 2.2/3.1 MB
Progress (2): 7.8/8.4 MB | 2.2/3.1 MB
Progress (2): 7.8/8.4 MB | 2.2/3.1 MB
Progress (2): 7.8/8.4 MB | 2.3/3.1 MB
Progress (2): 7.8/8.4 MB | 2.3/3.1 MB
Progress (2): 7.8/8.4 MB | 2.3/3.1 MB
Progress (2): 7.8/8.4 MB | 2.3/3.1 MB
Progress (2): 7.8/8.4 MB | 2.3/3.1 MB
Progress (2): 7.8/8.4 MB | 2.3/3.1 MB
Progress (2): 7.8/8.4 MB | 2.3/3.1 MB
Progress (2): 7.8/8.4 MB | 2.3/3.1 MB
Progress (2): 7.8/8.4 MB | 2.3/3.1 MB
Progress (2): 7.9/8.4 MB | 2.3/3.1 MB
Progress (2): 7.9/8.4 MB | 2.3/3.1 MB
Progress (2): 7.9/8.4 MB | 2.3/3.1 MB
Progress (2): 7.9/8.4 MB | 2.4/3.1 MB
Progress (2): 7.9/8.4 MB | 2.4/3.1 MB
Progress (2): 7.9/8.4 MB | 2.4/3.1 MB
Progress (2): 7.9/8.4 MB | 2.4/3.1 MB
Progress (2): 7.9/8.4 MB | 2.4/3.1 MB
Progress (2): 7.9/8.4 MB | 2.4/3.1 MB
Progress (2): 7.9/8.4 MB | 2.4/3.1 MB
Progress (2): 7.9/8.4 MB | 2.4/3.1 MB
Progress (2): 8.0/8.4 MB | 2.4/3.1 MB
Progress (2): 8.0/8.4 MB | 2.4/3.1 MB
Progress (2): 8.0/8.4 MB | 2.4/3.1 MB
Progress (3): 8.0/8.4 MB | 2.4/3.1 MB | 7.3/13 kB
Progress (3): 8.0/8.4 MB | 2.4/3.1 MB | 13 kB    
Progress (3): 8.0/8.4 MB | 2.4/3.1 MB | 13 kB
                                             
Downloaded from central: https://repo.maven.apache.org/maven2/io/opentelemetry/opentelemetry-exporter-logging/1.37.0/opentelemetry-exporter-logging-1.37.0.jar (13 kB at 28 kB/s)
Downloading from central: https://repo.maven.apache.org/maven2/io/opentelemetry/opentelemetry-sdk-extension-autoconfigure/1.37.0/opentelemetry-sdk-extension-autoconfigure-1.37.0.jar
Progress (3): 8.0/8.4 MB | 2.4/3.1 MB | 7.7/48 kB
Progress (3): 8.0/8.4 MB | 2.4/3.1 MB | 16/48 kB 
Progress (3): 8.0/8.4 MB | 2.4/3.1 MB | 16/48 kB
Progress (3): 8.0/8.4 MB | 2.5/3.1 MB | 16/48 kB
Progress (3): 8.0/8.4 MB | 2.5/3.1 MB | 24/48 kB
Progress (3): 8.0/8.4 MB | 2.5/3.1 MB | 24/48 kB
Progress (3): 8.0/8.4 MB | 2.5/3.1 MB | 24/48 kB
Progress (3): 8.0/8.4 MB | 2.5/3.1 MB | 24/48 kB
Progress (3): 8.0/8.4 MB | 2.5/3.1 MB | 24/48 kB
Progress (3): 8.0/8.4 MB | 2.5/3.1 MB | 40/48 kB
Progress (3): 8.0/8.4 MB | 2.5/3.1 MB | 40/48 kB
Progress (3): 8.0/8.4 MB | 2.5/3.1 MB | 40/48 kB
Progress (3): 8.0/8.4 MB | 2.5/3.1 MB | 48 kB   
Progress (3): 8.0/8.4 MB | 2.5/3.1 MB | 48 kB
Progress (3): 8.0/8.4 MB | 2.5/3.1 MB | 48 kB
Progress (3): 8.0/8.4 MB | 2.6/3.1 MB | 48 kB
Progress (3): 8.0/8.4 MB | 2.6/3.1 MB | 48 kB
Progress (4): 8.0/8.4 MB | 2.6/3.1 MB | 48 kB | 7.7/17 kB
Progress (4): 8.0/8.4 MB | 2.6/3.1 MB | 48 kB | 15/17 kB 
Progress (4): 8.0/8.4 MB | 2.6/3.1 MB | 48 kB | 17 kB   
Progress (4): 8.0/8.4 MB | 2.6/3.1 MB | 48 kB | 17 kB
Progress (4): 8.1/8.4 MB | 2.6/3.1 MB | 48 kB | 17 kB
Progress (4): 8.1/8.4 MB | 2.6/3.1 MB | 48 kB | 17 kB
Progress (4): 8.1/8.4 MB | 2.6/3.1 MB | 48 kB | 17 kB
Progress (4): 8.1/8.4 MB | 2.6/3.1 MB | 48 kB | 17 kB
Progress (4): 8.1/8.4 MB | 2.6/3.1 MB | 48 kB | 17 kB
Progress (4): 8.1/8.4 MB | 2.6/3.1 MB | 48 kB | 17 kB
Progress (4): 8.1/8.4 MB | 2.6/3.1 MB | 48 kB | 17 kB
                                                     
Downloaded from central: https://repo.maven.apache.org/maven2/io/opentelemetry/opentelemetry-sdk-extension-autoconfigure-spi/1.37.0/opentelemetry-sdk-extension-autoconfigure-spi-1.37.0.jar (17 kB at 35 kB/s)
Downloaded from central: https://repo.maven.apache.org/maven2/io/opentelemetry/opentelemetry-sdk-common/1.37.0/opentelemetry-sdk-common-1.37.0.jar (48 kB at 97 kB/s)
Downloading from central: https://repo.maven.apache.org/maven2/io/opentelemetry/opentelemetry-api-incubator/1.37.0-alpha/opentelemetry-api-incubator-1.37.0-alpha.jar
Progress (2): 8.1/8.4 MB | 2.6/3.1 MB
                                     
Downloading from central: https://repo.maven.apache.org/maven2/io/opentelemetry/opentelemetry-sdk-trace/1.37.0/opentelemetry-sdk-trace-1.37.0.jar
Progress (2): 8.1/8.4 MB | 2.7/3.1 MB
Progress (2): 8.1/8.4 MB | 2.7/3.1 MB
Progress (2): 8.1/8.4 MB | 2.7/3.1 MB
Progress (2): 8.1/8.4 MB | 2.7/3.1 MB
Progress (2): 8.1/8.4 MB | 2.7/3.1 MB
Progress (2): 8.2/8.4 MB | 2.7/3.1 MB
Progress (2): 8.2/8.4 MB | 2.7/3.1 MB
Progress (2): 8.2/8.4 MB | 2.7/3.1 MB
Progress (2): 8.2/8.4 MB | 2.7/3.1 MB
Progress (2): 8.2/8.4 MB | 2.7/3.1 MB
Progress (2): 8.2/8.4 MB | 2.7/3.1 MB
Progress (2): 8.2/8.4 MB | 2.7/3.1 MB
Progress (2): 8.2/8.4 MB | 2.8/3.1 MB
Progress (2): 8.2/8.4 MB | 2.8/3.1 MB
Progress (2): 8.2/8.4 MB | 2.8/3.1 MB
Progress (2): 8.2/8.4 MB | 2.8/3.1 MB
Progress (2): 8.2/8.4 MB | 2.8/3.1 MB
Progress (2): 8.2/8.4 MB | 2.8/3.1 MB
Progress (2): 8.2/8.4 MB | 2.8/3.1 MB
Progress (2): 8.3/8.4 MB | 2.8/3.1 MB
Progress (2): 8.3/8.4 MB | 2.8/3.1 MB
Progress (2): 8.3/8.4 MB | 2.8/3.1 MB
Progress (2): 8.3/8.4 MB | 2.8/3.1 MB
Progress (2): 8.3/8.4 MB | 2.8/3.1 MB
Progress (2): 8.3/8.4 MB | 2.8/3.1 MB
Progress (2): 8.3/8.4 MB | 2.8/3.1 MB
Progress (2): 8.3/8.4 MB | 2.8/3.1 MB
Progress (2): 8.3/8.4 MB | 2.9/3.1 MB
Progress (2): 8.3/8.4 MB | 2.9/3.1 MB
Progress (2): 8.3/8.4 MB | 2.9/3.1 MB
Progress (2): 8.3/8.4 MB | 2.9/3.1 MB
Progress (2): 8.4/8.4 MB | 2.9/3.1 MB
Progress (2): 8.4/8.4 MB | 2.9/3.1 MB
Progress (2): 8.4/8.4 MB | 2.9/3.1 MB
Progress (2): 8.4/8.4 MB | 2.9/3.1 MB
Progress (2): 8.4/8.4 MB | 2.9/3.1 MB
Progress (2): 8.4/8.4 MB | 2.9/3.1 MB
Progress (2): 8.4/8.4 MB | 2.9/3.1 MB
Progress (2): 8.4/8.4 MB | 2.9/3.1 MB
Progress (2): 8.4/8.4 MB | 2.9/3.1 MB
Progress (2): 8.4/8.4 MB | 2.9/3.1 MB
Progress (2): 8.4/8.4 MB | 3.0/3.1 MB
Progress (2): 8.4 MB | 3.0/3.1 MB    
Progress (2): 8.4 MB | 3.0/3.1 MB
                                 
Downloaded from central: https://repo.maven.apache.org/maven2/org/seleniumhq/selenium/selenium-manager/4.20.0/selenium-manager-4.20.0.jar (8.4 MB at 17 MB/s)
Downloading from central: https://repo.maven.apache.org/maven2/io/opentelemetry/opentelemetry-sdk/1.37.0/opentelemetry-sdk-1.37.0.jar
Progress (1): 3.0/3.1 MB
Progress (1): 3.0/3.1 MB
Progress (1): 3.0/3.1 MB
Progress (1): 3.0/3.1 MB
Progress (1): 3.1 MB    
                    
Downloaded from central: https://repo.maven.apache.org/maven2/com/google/guava/guava/33.1.0-jre/guava-33.1.0-jre.jar (3.1 MB at 6.0 MB/s)
Downloading from central: https://repo.maven.apache.org/maven2/io/opentelemetry/opentelemetry-sdk-metrics/1.37.0/opentelemetry-sdk-metrics-1.37.0.jar
Progress (1): 7.7/45 kB
Progress (1): 16/45 kB 
Progress (1): 28/45 kB
Progress (1): 44/45 kB
Progress (1): 45 kB   
                   
Downloaded from central: https://repo.maven.apache.org/maven2/io/opentelemetry/opentelemetry-sdk-extension-autoconfigure/1.37.0/opentelemetry-sdk-extension-autoconfigure-1.37.0.jar (45 kB at 88 kB/s)
Downloading from central: https://repo.maven.apache.org/maven2/io/opentelemetry/opentelemetry-sdk-logs/1.37.0/opentelemetry-sdk-logs-1.37.0.jar
Progress (1): 3.2/122 kB
Progress (1): 20/122 kB 
Progress (2): 20/122 kB | 7.7/40 kB
Progress (2): 20/122 kB | 16/40 kB 
Progress (2): 36/122 kB | 16/40 kB
Progress (2): 36/122 kB | 25/40 kB
Progress (2): 36/122 kB | 40 kB   
Progress (2): 52/122 kB | 40 kB
Progress (2): 61/122 kB | 40 kB
Progress (2): 77/122 kB | 40 kB
                               
Downloaded from central: https://repo.maven.apache.org/maven2/io/opentelemetry/opentelemetry-api-incubator/1.37.0-alpha/opentelemetry-api-incubator-1.37.0-alpha.jar (40 kB at 75 kB/s)
Downloading from central: https://repo.maven.apache.org/maven2/net/bytebuddy/byte-buddy/1.14.14/byte-buddy-1.14.14.jar
Progress (1): 93/122 kB
Progress (1): 110/122 kB
Progress (1): 122 kB    
                    
Downloaded from central: https://repo.maven.apache.org/maven2/io/opentelemetry/opentelemetry-sdk-trace/1.37.0/opentelemetry-sdk-trace-1.37.0.jar (122 kB at 231 kB/s)
Downloading from central: https://repo.maven.apache.org/maven2/org/seleniumhq/selenium/selenium-os/4.20.0/selenium-os-4.20.0.jar
Progress (1): 3.2/6.8 kB
Progress (1): 6.8 kB    
                    
Downloaded from central: https://repo.maven.apache.org/maven2/io/opentelemetry/opentelemetry-sdk/1.37.0/opentelemetry-sdk-1.37.0.jar (6.8 kB at 13 kB/s)
Downloading from central: https://repo.maven.apache.org/maven2/org/apache/commons/commons-exec/1.4.0/commons-exec-1.4.0.jar
Progress (1): 7.7/304 kB
Progress (1): 16/304 kB 
Progress (1): 24/304 kB
Progress (1): 40/304 kB
Progress (1): 57/304 kB
Progress (1): 73/304 kB
Progress (1): 90/304 kB
Progress (1): 106/304 kB
Progress (2): 106/304 kB | 7.7/50 kB
Progress (2): 106/304 kB | 16/50 kB 
Progress (2): 122/304 kB | 16/50 kB
Progress (2): 122/304 kB | 24/50 kB
Progress (2): 139/304 kB | 24/50 kB
Progress (2): 139/304 kB | 40/50 kB
Progress (2): 139/304 kB | 50 kB   
Progress (2): 155/304 kB | 50 kB
Progress (2): 172/304 kB | 50 kB
                                
Downloaded from central: https://repo.maven.apache.org/maven2/io/opentelemetry/opentelemetry-sdk-logs/1.37.0/opentelemetry-sdk-logs-1.37.0.jar (50 kB at 92 kB/s)
Downloading from central: https://repo.maven.apache.org/maven2/org/seleniumhq/selenium/selenium-safari-driver/4.20.0/selenium-safari-driver-4.20.0.jar
Progress (1): 188/304 kB
Progress (1): 204/304 kB
Progress (1): 221/304 kB
Progress (1): 237/304 kB
Progress (1): 253/304 kB
Progress (1): 270/304 kB
Progress (1): 286/304 kB
Progress (1): 303/304 kB
Progress (1): 304 kB    
                    
Downloaded from central: https://repo.maven.apache.org/maven2/io/opentelemetry/opentelemetry-sdk-metrics/1.37.0/opentelemetry-sdk-metrics-1.37.0.jar (304 kB at 548 kB/s)
Downloading from central: https://repo.maven.apache.org/maven2/org/seleniumhq/selenium/selenium-support/4.20.0/selenium-support-4.20.0.jar
Progress (1): 0/4.2 MB
Progress (1): 0/4.2 MB
Progress (1): 0/4.2 MB
Progress (1): 0/4.2 MB
Progress (1): 0.1/4.2 MB
Progress (1): 0.1/4.2 MB
Progress (1): 0.1/4.2 MB
Progress (1): 0.1/4.2 MB
Progress (1): 0.1/4.2 MB
Progress (1): 0.1/4.2 MB
Progress (1): 0.2/4.2 MB
Progress (2): 0.2/4.2 MB | 7.7/29 kB
Progress (2): 0.2/4.2 MB | 12/29 kB 
Progress (2): 0.2/4.2 MB | 29/29 kB
Progress (2): 0.2/4.2 MB | 29 kB   
Progress (2): 0.2/4.2 MB | 29 kB
Progress (2): 0.2/4.2 MB | 29 kB
                                
Downloaded from central: https://repo.maven.apache.org/maven2/org/seleniumhq/selenium/selenium-os/4.20.0/selenium-os-4.20.0.jar (29 kB at 51 kB/s)
Downloading from central: https://repo.maven.apache.org/maven2/org/testng/testng/7.10.2/testng-7.10.2.jar
Progress (1): 0.2/4.2 MB
Progress (2): 0.2/4.2 MB | 7.7/66 kB
Progress (2): 0.2/4.2 MB | 7.7/66 kB
Progress (2): 0.2/4.2 MB | 7.7/66 kB
Progress (2): 0.2/4.2 MB | 7.7/66 kB
Progress (2): 0.2/4.2 MB | 24/66 kB 
Progress (2): 0.2/4.2 MB | 40/66 kB
Progress (2): 0.3/4.2 MB | 40/66 kB
Progress (2): 0.3/4.2 MB | 57/66 kB
Progress (2): 0.3/4.2 MB | 66 kB   
Progress (2): 0.3/4.2 MB | 66 kB
                                
Downloaded from central: https://repo.maven.apache.org/maven2/org/apache/commons/commons-exec/1.4.0/commons-exec-1.4.0.jar (66 kB at 116 kB/s)
Downloading from central: https://repo.maven.apache.org/maven2/org/slf4j/slf4j-api/1.7.36/slf4j-api-1.7.36.jar
Progress (1): 0.3/4.2 MB
Progress (1): 0.3/4.2 MB
Progress (1): 0.3/4.2 MB
Progress (1): 0.3/4.2 MB
Progress (1): 0.3/4.2 MB
Progress (1): 0.4/4.2 MB
Progress (1): 0.4/4.2 MB
Progress (1): 0.4/4.2 MB
Progress (1): 0.4/4.2 MB
Progress (1): 0.4/4.2 MB
Progress (1): 0.4/4.2 MB
Progress (1): 0.5/4.2 MB
Progress (1): 0.5/4.2 MB
Progress (1): 0.5/4.2 MB
Progress (1): 0.5/4.2 MB
Progress (1): 0.5/4.2 MB
Progress (1): 0.5/4.2 MB
Progress (2): 0.5/4.2 MB | 7.7/27 kB
Progress (2): 0.5/4.2 MB | 16/27 kB 
Progress (2): 0.6/4.2 MB | 16/27 kB
Progress (2): 0.6/4.2 MB | 24/27 kB
Progress (2): 0.6/4.2 MB | 27 kB   
Progress (2): 0.6/4.2 MB | 27 kB
Progress (2): 0.6/4.2 MB | 27 kB
                                
Downloaded from central: https://repo.maven.apache.org/maven2/org/seleniumhq/selenium/selenium-safari-driver/4.20.0/selenium-safari-driver-4.20.0.jar (27 kB at 47 kB/s)
Progress (1): 0.6/4.2 MB
Progress (1): 0.6/4.2 MB
                        
Downloading from central: https://repo.maven.apache.org/maven2/com/beust/jcommander/1.82/jcommander-1.82.jar
Progress (1): 0.6/4.2 MB
Progress (1): 0.7/4.2 MB
Progress (1): 0.7/4.2 MB
Progress (1): 0.7/4.2 MB
Progress (1): 0.7/4.2 MB
Progress (1): 0.7/4.2 MB
Progress (1): 0.7/4.2 MB
Progress (1): 0.8/4.2 MB
Progress (2): 0.8/4.2 MB | 7.7/174 kB
Progress (2): 0.8/4.2 MB | 16/174 kB 
Progress (2): 0.8/4.2 MB | 16/174 kB
Progress (2): 0.8/4.2 MB | 24/174 kB
Progress (2): 0.8/4.2 MB | 24/174 kB
Progress (2): 0.8/4.2 MB | 40/174 kB
Progress (2): 0.8/4.2 MB | 57/174 kB
Progress (2): 0.8/4.2 MB | 57/174 kB
Progress (2): 0.8/4.2 MB | 57/174 kB
Progress (2): 0.8/4.2 MB | 73/174 kB
Progress (2): 0.8/4.2 MB | 73/174 kB
Progress (2): 0.8/4.2 MB | 90/174 kB
Progress (2): 0.9/4.2 MB | 90/174 kB
Progress (2): 0.9/4.2 MB | 106/174 kB
Progress (2): 0.9/4.2 MB | 106/174 kB
Progress (2): 0.9/4.2 MB | 106/174 kB
Progress (2): 0.9/4.2 MB | 122/174 kB
Progress (2): 0.9/4.2 MB | 122/174 kB
Progress (2): 0.9/4.2 MB | 122/174 kB
Progress (2): 0.9/4.2 MB | 139/174 kB
Progress (2): 0.9/4.2 MB | 139/174 kB
Progress (2): 0.9/4.2 MB | 155/174 kB
Progress (2): 0.9/4.2 MB | 172/174 kB
Progress (2): 1.0/4.2 MB | 172/174 kB
Progress (2): 1.0/4.2 MB | 174 kB    
Progress (2): 1.0/4.2 MB | 174 kB
Progress (2): 1.0/4.2 MB | 174 kB
                                 
Downloaded from central: https://repo.maven.apache.org/maven2/org/seleniumhq/selenium/selenium-support/4.20.0/selenium-support-4.20.0.jar (174 kB at 297 kB/s)
Downloading from central: https://repo.maven.apache.org/maven2/org/webjars/jquery/3.7.1/jquery-3.7.1.jar
Progress (1): 1.0/4.2 MB
Progress (1): 1.0/4.2 MB
Progress (1): 1.0/4.2 MB
Progress (1): 1.1/4.2 MB
Progress (1): 1.1/4.2 MB
Progress (1): 1.1/4.2 MB
Progress (1): 1.1/4.2 MB
Progress (1): 1.1/4.2 MB
Progress (1): 1.1/4.2 MB
Progress (1): 1.2/4.2 MB
Progress (1): 1.2/4.2 MB
Progress (1): 1.2/4.2 MB
Progress (1): 1.2/4.2 MB
Progress (1): 1.2/4.2 MB
Progress (1): 1.2/4.2 MB
Progress (1): 1.2/4.2 MB
Progress (1): 1.2/4.2 MB
Progress (1): 1.3/4.2 MB
Progress (2): 1.3/4.2 MB | 3.2/988 kB
Progress (2): 1.3/4.2 MB | 3.2/988 kB
Progress (2): 1.3/4.2 MB | 3.2/988 kB
Progress (2): 1.3/4.2 MB | 3.2/988 kB
Progress (2): 1.3/4.2 MB | 20/988 kB 
Progress (2): 1.3/4.2 MB | 20/988 kB
Progress (2): 1.3/4.2 MB | 20/988 kB
Progress (2): 1.4/4.2 MB | 20/988 kB
Progress (2): 1.4/4.2 MB | 20/988 kB
Progress (2): 1.4/4.2 MB | 20/988 kB
Progress (2): 1.4/4.2 MB | 36/988 kB
Progress (2): 1.4/4.2 MB | 36/988 kB
Progress (2): 1.4/4.2 MB | 36/988 kB
Progress (2): 1.4/4.2 MB | 36/988 kB
Progress (2): 1.5/4.2 MB | 36/988 kB
Progress (2): 1.5/4.2 MB | 52/988 kB
Progress (2): 1.5/4.2 MB | 52/988 kB
Progress (2): 1.5/4.2 MB | 52/988 kB
Progress (2): 1.5/4.2 MB | 52/988 kB
Progress (2): 1.5/4.2 MB | 52/988 kB
Progress (2): 1.5/4.2 MB | 52/988 kB
Progress (2): 1.6/4.2 MB | 52/988 kB
Progress (2): 1.6/4.2 MB | 52/988 kB
Progress (2): 1.6/4.2 MB | 52/988 kB
Progress (2): 1.6/4.2 MB | 52/988 kB
Progress (2): 1.6/4.2 MB | 52/988 kB
Progress (2): 1.6/4.2 MB | 52/988 kB
Progress (2): 1.7/4.2 MB | 52/988 kB
Progress (2): 1.7/4.2 MB | 52/988 kB
Progress (2): 1.7/4.2 MB | 52/988 kB
Progress (2): 1.7/4.2 MB | 52/988 kB
Progress (2): 1.7/4.2 MB | 52/988 kB
Progress (2): 1.7/4.2 MB | 52/988 kB
Progress (2): 1.8/4.2 MB | 52/988 kB
Progress (2): 1.8/4.2 MB | 52/988 kB
Progress (2): 1.8/4.2 MB | 52/988 kB
Progress (2): 1.8/4.2 MB | 52/988 kB
Progress (2): 1.8/4.2 MB | 52/988 kB
Progress (2): 1.8/4.2 MB | 52/988 kB
Progress (2): 1.8/4.2 MB | 52/988 kB
Progress (2): 1.9/4.2 MB | 52/988 kB
Progress (3): 1.9/4.2 MB | 52/988 kB | 7.7/41 kB
Progress (3): 1.9/4.2 MB | 52/988 kB | 11/41 kB 
Progress (3): 1.9/4.2 MB | 52/988 kB | 11/41 kB
Progress (3): 1.9/4.2 MB | 52/988 kB | 11/41 kB
Progress (3): 1.9/4.2 MB | 52/988 kB | 11/41 kB
Progress (3): 1.9/4.2 MB | 52/988 kB | 11/41 kB
Progress (3): 1.9/4.2 MB | 52/988 kB | 11/41 kB
Progress (3): 1.9/4.2 MB | 52/988 kB | 11/41 kB
Progress (3): 2.0/4.2 MB | 52/988 kB | 11/41 kB
Progress (3): 2.0/4.2 MB | 52/988 kB | 11/41 kB
Progress (3): 2.0/4.2 MB | 52/988 kB | 11/41 kB
Progress (3): 2.0/4.2 MB | 52/988 kB | 11/41 kB
Progress (3): 2.0/4.2 MB | 52/988 kB | 11/41 kB
Progress (3): 2.0/4.2 MB | 52/988 kB | 11/41 kB
Progress (3): 2.1/4.2 MB | 52/988 kB | 11/41 kB
Progress (3): 2.1/4.2 MB | 52/988 kB | 11/41 kB
Progress (3): 2.1/4.2 MB | 52/988 kB | 11/41 kB
Progress (3): 2.1/4.2 MB | 52/988 kB | 11/41 kB
Progress (3): 2.1/4.2 MB | 52/988 kB | 11/41 kB
Progress (3): 2.1/4.2 MB | 52/988 kB | 11/41 kB
Progress (3): 2.2/4.2 MB | 52/988 kB | 11/41 kB
Progress (3): 2.2/4.2 MB | 52/988 kB | 11/41 kB
Progress (3): 2.2/4.2 MB | 52/988 kB | 11/41 kB
Progress (3): 2.2/4.2 MB | 52/988 kB | 11/41 kB
Progress (3): 2.2/4.2 MB | 52/988 kB | 11/41 kB
Progress (3): 2.2/4.2 MB | 52/988 kB | 11/41 kB
Progress (4): 2.2/4.2 MB | 52/988 kB | 11/41 kB | 7.7/88 kB
Progress (4): 2.2/4.2 MB | 52/988 kB | 11/41 kB | 12/88 kB 
Progress (4): 2.2/4.2 MB | 52/988 kB | 11/41 kB | 29/88 kB
Progress (4): 2.2/4.2 MB | 52/988 kB | 11/41 kB | 45/88 kB
Progress (4): 2.2/4.2 MB | 61/988 kB | 11/41 kB | 45/88 kB
Progress (4): 2.2/4.2 MB | 77/988 kB | 11/41 kB | 45/88 kB
Progress (4): 2.3/4.2 MB | 77/988 kB | 11/41 kB | 45/88 kB
Progress (4): 2.3/4.2 MB | 93/988 kB | 11/41 kB | 45/88 kB
Progress (4): 2.3/4.2 MB | 93/988 kB | 11/41 kB | 61/88 kB
Progress (4): 2.3/4.2 MB | 93/988 kB | 28/41 kB | 61/88 kB
Progress (4): 2.3/4.2 MB | 110/988 kB | 28/41 kB | 61/88 kB
Progress (4): 2.3/4.2 MB | 126/988 kB | 28/41 kB | 61/88 kB
Progress (4): 2.3/4.2 MB | 126/988 kB | 28/41 kB | 78/88 kB
Progress (4): 2.3/4.2 MB | 126/988 kB | 28/41 kB | 78/88 kB
Progress (4): 2.3/4.2 MB | 142/988 kB | 28/41 kB | 78/88 kB
Progress (4): 2.3/4.2 MB | 142/988 kB | 33/41 kB | 78/88 kB
Progress (4): 2.3/4.2 MB | 142/988 kB | 33/41 kB | 88 kB   
Progress (4): 2.3/4.2 MB | 159/988 kB | 33/41 kB | 88 kB
Progress (4): 2.3/4.2 MB | 159/988 kB | 33/41 kB | 88 kB
Progress (4): 2.3/4.2 MB | 159/988 kB | 41 kB | 88 kB   
Progress (4): 2.3/4.2 MB | 175/988 kB | 41 kB | 88 kB
Progress (4): 2.3/4.2 MB | 175/988 kB | 41 kB | 88 kB
Progress (4): 2.3/4.2 MB | 192/988 kB | 41 kB | 88 kB
Progress (4): 2.3/4.2 MB | 197/988 kB | 41 kB | 88 kB
Progress (4): 2.3/4.2 MB | 197/988 kB | 41 kB | 88 kB
Progress (4): 2.3/4.2 MB | 213/988 kB | 41 kB | 88 kB
Progress (4): 2.3/4.2 MB | 229/988 kB | 41 kB | 88 kB
                                                     
Downloaded from central: https://repo.maven.apache.org/maven2/com/beust/jcommander/1.82/jcommander-1.82.jar (88 kB at 144 kB/s)
Downloading from central: https://repo.maven.apache.org/maven2/io/cucumber/cucumber-java/7.15.0/cucumber-java-7.15.0.jar
Progress (3): 2.3/4.2 MB | 246/988 kB | 41 kB
                                             
Downloaded from central: https://repo.maven.apache.org/maven2/org/slf4j/slf4j-api/1.7.36/slf4j-api-1.7.36.jar (41 kB at 67 kB/s)
Downloading from central: https://repo.maven.apache.org/maven2/io/cucumber/cucumber-core/7.15.0/cucumber-core-7.15.0.jar
Progress (2): 2.3/4.2 MB | 262/988 kB
Progress (2): 2.3/4.2 MB | 279/988 kB
Progress (2): 2.3/4.2 MB | 295/988 kB
Progress (2): 2.3/4.2 MB | 311/988 kB
Progress (2): 2.3/4.2 MB | 311/988 kB
Progress (2): 2.3/4.2 MB | 328/988 kB
Progress (2): 2.3/4.2 MB | 328/988 kB
Progress (2): 2.3/4.2 MB | 331/988 kB
Progress (2): 2.3/4.2 MB | 348/988 kB
Progress (2): 2.4/4.2 MB | 348/988 kB
Progress (2): 2.4/4.2 MB | 360/988 kB
Progress (2): 2.4/4.2 MB | 360/988 kB
Progress (2): 2.4/4.2 MB | 377/988 kB
Progress (2): 2.4/4.2 MB | 377/988 kB
Progress (2): 2.4/4.2 MB | 393/988 kB
Progress (2): 2.4/4.2 MB | 393/988 kB
Progress (2): 2.4/4.2 MB | 393/988 kB
Progress (2): 2.4/4.2 MB | 410/988 kB
Progress (3): 2.4/4.2 MB | 410/988 kB | 7.7/308 kB
Progress (3): 2.4/4.2 MB | 410/988 kB | 7.7/308 kB
Progress (3): 2.4/4.2 MB | 410/988 kB | 11/308 kB 
Progress (3): 2.4/4.2 MB | 426/988 kB | 11/308 kB
Progress (3): 2.5/4.2 MB | 426/988 kB | 11/308 kB
Progress (3): 2.5/4.2 MB | 442/988 kB | 11/308 kB
Progress (3): 2.5/4.2 MB | 442/988 kB | 11/308 kB
Progress (3): 2.5/4.2 MB | 442/988 kB | 16/308 kB
Progress (3): 2.5/4.2 MB | 442/988 kB | 16/308 kB
Progress (3): 2.5/4.2 MB | 459/988 kB | 16/308 kB
Progress (3): 2.5/4.2 MB | 459/988 kB | 16/308 kB
Progress (3): 2.5/4.2 MB | 475/988 kB | 16/308 kB
Progress (3): 2.5/4.2 MB | 475/988 kB | 33/308 kB
Progress (3): 2.5/4.2 MB | 475/988 kB | 33/308 kB
Progress (3): 2.5/4.2 MB | 492/988 kB | 33/308 kB
Progress (3): 2.5/4.2 MB | 492/988 kB | 33/308 kB
Progress (3): 2.5/4.2 MB | 492/988 kB | 49/308 kB
Progress (3): 2.5/4.2 MB | 492/988 kB | 49/308 kB
Progress (3): 2.5/4.2 MB | 508/988 kB | 49/308 kB
Progress (3): 2.5/4.2 MB | 524/988 kB | 49/308 kB
Progress (3): 2.6/4.2 MB | 524/988 kB | 49/308 kB
Progress (3): 2.6/4.2 MB | 524/988 kB | 49/308 kB
Progress (3): 2.6/4.2 MB | 541/988 kB | 49/308 kB
Progress (3): 2.6/4.2 MB | 541/988 kB | 49/308 kB
Progress (3): 2.6/4.2 MB | 541/988 kB | 49/308 kB
Progress (3): 2.6/4.2 MB | 557/988 kB | 49/308 kB
Progress (3): 2.6/4.2 MB | 557/988 kB | 49/308 kB
Progress (3): 2.6/4.2 MB | 573/988 kB | 49/308 kB
Progress (3): 2.6/4.2 MB | 573/988 kB | 49/308 kB
Progress (3): 2.6/4.2 MB | 590/988 kB | 49/308 kB
Progress (3): 2.7/4.2 MB | 590/988 kB | 49/308 kB
Progress (3): 2.7/4.2 MB | 606/988 kB | 49/308 kB
Progress (3): 2.7/4.2 MB | 606/988 kB | 49/308 kB
Progress (3): 2.7/4.2 MB | 623/988 kB | 49/308 kB
Progress (3): 2.7/4.2 MB | 623/988 kB | 49/308 kB
Progress (3): 2.7/4.2 MB | 623/988 kB | 49/308 kB
Progress (3): 2.7/4.2 MB | 639/988 kB | 49/308 kB
Progress (3): 2.7/4.2 MB | 655/988 kB | 49/308 kB
Progress (3): 2.7/4.2 MB | 655/988 kB | 49/308 kB
Progress (3): 2.7/4.2 MB | 659/988 kB | 49/308 kB
Progress (3): 2.7/4.2 MB | 659/988 kB | 49/308 kB
Progress (3): 2.7/4.2 MB | 676/988 kB | 49/308 kB
Progress (3): 2.8/4.2 MB | 676/988 kB | 49/308 kB
Progress (3): 2.8/4.2 MB | 692/988 kB | 49/308 kB
Progress (3): 2.8/4.2 MB | 692/988 kB | 49/308 kB
Progress (3): 2.8/4.2 MB | 708/988 kB | 49/308 kB
Progress (3): 2.8/4.2 MB | 725/988 kB | 49/308 kB
Progress (3): 2.8/4.2 MB | 725/988 kB | 49/308 kB
Progress (3): 2.8/4.2 MB | 741/988 kB | 49/308 kB
Progress (3): 2.8/4.2 MB | 741/988 kB | 49/308 kB
Progress (3): 2.8/4.2 MB | 757/988 kB | 49/308 kB
Progress (3): 2.8/4.2 MB | 757/988 kB | 66/308 kB
Progress (3): 2.8/4.2 MB | 774/988 kB | 66/308 kB
Progress (3): 2.8/4.2 MB | 774/988 kB | 66/308 kB
Progress (3): 2.8/4.2 MB | 790/988 kB | 66/308 kB
Progress (3): 2.8/4.2 MB | 790/988 kB | 66/308 kB
Progress (3): 2.8/4.2 MB | 807/988 kB | 66/308 kB
Progress (3): 2.8/4.2 MB | 823/988 kB | 66/308 kB
Progress (3): 2.8/4.2 MB | 839/988 kB | 66/308 kB
Progress (3): 2.9/4.2 MB | 839/988 kB | 66/308 kB
Progress (3): 2.9/4.2 MB | 839/988 kB | 82/308 kB
Progress (3): 2.9/4.2 MB | 856/988 kB | 82/308 kB
Progress (3): 2.9/4.2 MB | 872/988 kB | 82/308 kB
Progress (3): 2.9/4.2 MB | 872/988 kB | 82/308 kB
Progress (3): 2.9/4.2 MB | 872/988 kB | 98/308 kB
Progress (3): 2.9/4.2 MB | 889/988 kB | 98/308 kB
Progress (3): 2.9/4.2 MB | 889/988 kB | 98/308 kB
Progress (3): 2.9/4.2 MB | 889/988 kB | 115/308 kB
Progress (3): 2.9/4.2 MB | 905/988 kB | 115/308 kB
Progress (3): 2.9/4.2 MB | 905/988 kB | 115/308 kB
Progress (3): 2.9/4.2 MB | 921/988 kB | 115/308 kB
Progress (3): 2.9/4.2 MB | 921/988 kB | 115/308 kB
Progress (3): 2.9/4.2 MB | 921/988 kB | 131/308 kB
Progress (3): 2.9/4.2 MB | 938/988 kB | 131/308 kB
Progress (3): 2.9/4.2 MB | 938/988 kB | 131/308 kB
Progress (3): 2.9/4.2 MB | 938/988 kB | 147/308 kB
Progress (3): 2.9/4.2 MB | 954/988 kB | 147/308 kB
Progress (3): 3.0/4.2 MB | 954/988 kB | 147/308 kB
Progress (3): 3.0/4.2 MB | 970/988 kB | 147/308 kB
Progress (3): 3.0/4.2 MB | 970/988 kB | 164/308 kB
Progress (3): 3.0/4.2 MB | 970/988 kB | 164/308 kB
Progress (3): 3.0/4.2 MB | 987/988 kB | 164/308 kB
Progress (3): 3.0/4.2 MB | 988 kB | 164/308 kB    
Progress (3): 3.0/4.2 MB | 988 kB | 164/308 kB
Progress (3): 3.0/4.2 MB | 988 kB | 180/308 kB
Progress (3): 3.0/4.2 MB | 988 kB | 180/308 kB
Progress (3): 3.0/4.2 MB | 988 kB | 197/308 kB
Progress (3): 3.0/4.2 MB | 988 kB | 197/308 kB
                                              
Downloaded from central: https://repo.maven.apache.org/maven2/org/testng/testng/7.10.2/testng-7.10.2.jar (988 kB at 1.6 MB/s)
Progress (2): 3.0/4.2 MB | 197/308 kB
                                     
Downloading from central: https://repo.maven.apache.org/maven2/io/cucumber/cucumber-gherkin/7.15.0/cucumber-gherkin-7.15.0.jar
Progress (2): 3.0/4.2 MB | 213/308 kB
Progress (2): 3.1/4.2 MB | 213/308 kB
Progress (2): 3.1/4.2 MB | 229/308 kB
Progress (2): 3.1/4.2 MB | 229/308 kB
Progress (2): 3.1/4.2 MB | 229/308 kB
Progress (2): 3.1/4.2 MB | 229/308 kB
Progress (2): 3.1/4.2 MB | 246/308 kB
Progress (2): 3.1/4.2 MB | 246/308 kB
Progress (2): 3.1/4.2 MB | 246/308 kB
Progress (2): 3.1/4.2 MB | 262/308 kB
Progress (2): 3.1/4.2 MB | 279/308 kB
Progress (2): 3.1/4.2 MB | 279/308 kB
Progress (2): 3.1/4.2 MB | 295/308 kB
Progress (2): 3.2/4.2 MB | 295/308 kB
Progress (2): 3.2/4.2 MB | 308 kB    
Progress (2): 3.2/4.2 MB | 308 kB
Progress (2): 3.2/4.2 MB | 308 kB
                                 
Downloaded from central: https://repo.maven.apache.org/maven2/org/webjars/jquery/3.7.1/jquery-3.7.1.jar (308 kB at 490 kB/s)
Progress (1): 3.2/4.2 MB
                        
Downloading from central: https://repo.maven.apache.org/maven2/io/cucumber/cucumber-gherkin-messages/7.15.0/cucumber-gherkin-messages-7.15.0.jar
Progress (1): 3.2/4.2 MB
Progress (1): 3.2/4.2 MB
Progress (1): 3.3/4.2 MB
Progress (1): 3.3/4.2 MB
Progress (1): 3.3/4.2 MB
Progress (1): 3.3/4.2 MB
Progress (1): 3.3/4.2 MB
Progress (1): 3.3/4.2 MB
Progress (1): 3.4/4.2 MB
Progress (1): 3.4/4.2 MB
Progress (1): 3.4/4.2 MB
Progress (1): 3.4/4.2 MB
Progress (1): 3.4/4.2 MB
Progress (2): 3.4/4.2 MB | 7.7/739 kB
Progress (2): 3.4/4.2 MB | 16/739 kB 
Progress (2): 3.4/4.2 MB | 32/739 kB
Progress (2): 3.4/4.2 MB | 48/739 kB
Progress (2): 3.4/4.2 MB | 65/739 kB
Progress (2): 3.4/4.2 MB | 81/739 kB
Progress (2): 3.4/4.2 MB | 97/739 kB
Progress (2): 3.4/4.2 MB | 114/739 kB
Progress (2): 3.4/4.2 MB | 130/739 kB
Progress (2): 3.4/4.2 MB | 147/739 kB
Progress (2): 3.4/4.2 MB | 163/739 kB
Progress (2): 3.4/4.2 MB | 179/739 kB
Progress (2): 3.4/4.2 MB | 196/739 kB
Progress (2): 3.4/4.2 MB | 212/739 kB
Progress (2): 3.4/4.2 MB | 228/739 kB
Progress (2): 3.4/4.2 MB | 245/739 kB
Progress (2): 3.4/4.2 MB | 245/739 kB
Progress (2): 3.5/4.2 MB | 245/739 kB
Progress (3): 3.5/4.2 MB | 245/739 kB | 0/3.0 MB
Progress (3): 3.5/4.2 MB | 245/739 kB | 0/3.0 MB
Progress (3): 3.5/4.2 MB | 245/739 kB | 0/3.0 MB
Progress (3): 3.5/4.2 MB | 245/739 kB | 0/3.0 MB
Progress (3): 3.5/4.2 MB | 245/739 kB | 0/3.0 MB
Progress (3): 3.5/4.2 MB | 245/739 kB | 0/3.0 MB
Progress (3): 3.5/4.2 MB | 245/739 kB | 0/3.0 MB
Progress (3): 3.5/4.2 MB | 245/739 kB | 0/3.0 MB
Progress (3): 3.5/4.2 MB | 245/739 kB | 0/3.0 MB
Progress (3): 3.5/4.2 MB | 245/739 kB | 0.1/3.0 MB
Progress (3): 3.6/4.2 MB | 245/739 kB | 0.1/3.0 MB
Progress (3): 3.6/4.2 MB | 245/739 kB | 0.1/3.0 MB
Progress (3): 3.6/4.2 MB | 245/739 kB | 0.1/3.0 MB
Progress (3): 3.6/4.2 MB | 245/739 kB | 0.1/3.0 MB
Progress (3): 3.6/4.2 MB | 245/739 kB | 0.1/3.0 MB
Progress (3): 3.6/4.2 MB | 245/739 kB | 0.1/3.0 MB
Progress (3): 3.6/4.2 MB | 245/739 kB | 0.1/3.0 MB
Progress (3): 3.6/4.2 MB | 245/739 kB | 0.1/3.0 MB
Progress (3): 3.6/4.2 MB | 245/739 kB | 0.2/3.0 MB
Progress (3): 3.6/4.2 MB | 245/739 kB | 0.2/3.0 MB
Progress (3): 3.6/4.2 MB | 245/739 kB | 0.2/3.0 MB
Progress (3): 3.6/4.2 MB | 245/739 kB | 0.2/3.0 MB
Progress (3): 3.6/4.2 MB | 245/739 kB | 0.2/3.0 MB
Progress (3): 3.6/4.2 MB | 245/739 kB | 0.2/3.0 MB
Progress (3): 3.6/4.2 MB | 245/739 kB | 0.2/3.0 MB
Progress (3): 3.6/4.2 MB | 245/739 kB | 0.3/3.0 MB
Progress (3): 3.6/4.2 MB | 245/739 kB | 0.3/3.0 MB
Progress (3): 3.6/4.2 MB | 245/739 kB | 0.3/3.0 MB
Progress (3): 3.6/4.2 MB | 245/739 kB | 0.3/3.0 MB
Progress (3): 3.7/4.2 MB | 245/739 kB | 0.3/3.0 MB
Progress (3): 3.7/4.2 MB | 245/739 kB | 0.3/3.0 MB
Progress (3): 3.7/4.2 MB | 245/739 kB | 0.3/3.0 MB
Progress (3): 3.7/4.2 MB | 245/739 kB | 0.3/3.0 MB
Progress (3): 3.7/4.2 MB | 245/739 kB | 0.3/3.0 MB
Progress (3): 3.7/4.2 MB | 245/739 kB | 0.3/3.0 MB
Progress (4): 3.7/4.2 MB | 245/739 kB | 0.3/3.0 MB | 7.3 kB
Progress (4): 3.7/4.2 MB | 245/739 kB | 0.3/3.0 MB | 7.3 kB
Progress (5): 3.7/4.2 MB | 245/739 kB | 0.3/3.0 MB | 7.3 kB | 3.2/28 kB
Progress (5): 3.7/4.2 MB | 245/739 kB | 0.3/3.0 MB | 7.3 kB | 20/28 kB 
                                                                      
Downloaded from central: https://repo.maven.apache.org/maven2/io/cucumber/cucumber-gherkin/7.15.0/cucumber-gherkin-7.15.0.jar (7.3 kB at 11 kB/s)
Downloading from central: https://repo.maven.apache.org/maven2/io/cucumber/gherkin/26.2.0/gherkin-26.2.0.jar
Progress (4): 3.7/4.2 MB | 245/739 kB | 0.3/3.0 MB | 28 kB
Progress (4): 3.7/4.2 MB | 245/739 kB | 0.3/3.0 MB | 28 kB
                                                          
Downloaded from central: https://repo.maven.apache.org/maven2/io/cucumber/cucumber-gherkin-messages/7.15.0/cucumber-gherkin-messages-7.15.0.jar (28 kB at 43 kB/s)
Progress (3): 3.7/4.2 MB | 245/739 kB | 0.3/3.0 MB
                                                  
Downloading from central: https://repo.maven.apache.org/maven2/io/cucumber/messages/22.0.0/messages-22.0.0.jar
Progress (3): 3.7/4.2 MB | 245/739 kB | 0.4/3.0 MB
Progress (3): 3.7/4.2 MB | 245/739 kB | 0.4/3.0 MB
Progress (3): 3.7/4.2 MB | 261/739 kB | 0.4/3.0 MB
Progress (3): 3.7/4.2 MB | 261/739 kB | 0.4/3.0 MB
Progress (3): 3.7/4.2 MB | 278/739 kB | 0.4/3.0 MB
Progress (3): 3.7/4.2 MB | 278/739 kB | 0.4/3.0 MB
Progress (3): 3.7/4.2 MB | 278/739 kB | 0.4/3.0 MB
Progress (3): 3.8/4.2 MB | 278/739 kB | 0.4/3.0 MB
Progress (3): 3.8/4.2 MB | 294/739 kB | 0.4/3.0 MB
Progress (3): 3.8/4.2 MB | 294/739 kB | 0.4/3.0 MB
Progress (3): 3.8/4.2 MB | 294/739 kB | 0.4/3.0 MB
Progress (3): 3.8/4.2 MB | 294/739 kB | 0.4/3.0 MB
Progress (3): 3.8/4.2 MB | 310/739 kB | 0.4/3.0 MB
Progress (3): 3.8/4.2 MB | 310/739 kB | 0.4/3.0 MB
Progress (3): 3.8/4.2 MB | 310/739 kB | 0.4/3.0 MB
Progress (3): 3.8/4.2 MB | 310/739 kB | 0.4/3.0 MB
Progress (3): 3.8/4.2 MB | 310/739 kB | 0.5/3.0 MB
Progress (3): 3.8/4.2 MB | 327/739 kB | 0.5/3.0 MB
Progress (3): 3.8/4.2 MB | 327/739 kB | 0.5/3.0 MB
Progress (3): 3.8/4.2 MB | 343/739 kB | 0.5/3.0 MB
Progress (3): 3.8/4.2 MB | 343/739 kB | 0.5/3.0 MB
Progress (3): 3.8/4.2 MB | 343/739 kB | 0.5/3.0 MB
Progress (3): 3.8/4.2 MB | 360/739 kB | 0.5/3.0 MB
Progress (3): 3.8/4.2 MB | 360/739 kB | 0.5/3.0 MB
Progress (3): 3.9/4.2 MB | 360/739 kB | 0.5/3.0 MB
Progress (3): 3.9/4.2 MB | 376/739 kB | 0.5/3.0 MB
Progress (3): 3.9/4.2 MB | 376/739 kB | 0.5/3.0 MB
Progress (3): 3.9/4.2 MB | 376/739 kB | 0.5/3.0 MB
Progress (3): 3.9/4.2 MB | 392/739 kB | 0.5/3.0 MB
Progress (3): 3.9/4.2 MB | 392/739 kB | 0.5/3.0 MB
Progress (3): 3.9/4.2 MB | 392/739 kB | 0.5/3.0 MB
Progress (3): 3.9/4.2 MB | 409/739 kB | 0.5/3.0 MB
Progress (3): 3.9/4.2 MB | 409/739 kB | 0.5/3.0 MB
Progress (3): 3.9/4.2 MB | 409/739 kB | 0.5/3.0 MB
Progress (3): 3.9/4.2 MB | 425/739 kB | 0.5/3.0 MB
Progress (3): 3.9/4.2 MB | 425/739 kB | 0.6/3.0 MB
Progress (3): 3.9/4.2 MB | 425/739 kB | 0.6/3.0 MB
Progress (3): 3.9/4.2 MB | 441/739 kB | 0.6/3.0 MB
Progress (3): 3.9/4.2 MB | 441/739 kB | 0.6/3.0 MB
Progress (3): 3.9/4.2 MB | 441/739 kB | 0.6/3.0 MB
Progress (3): 3.9/4.2 MB | 441/739 kB | 0.6/3.0 MB
Progress (3): 3.9/4.2 MB | 458/739 kB | 0.6/3.0 MB
Progress (3): 3.9/4.2 MB | 458/739 kB | 0.6/3.0 MB
Progress (3): 4.0/4.2 MB | 458/739 kB | 0.6/3.0 MB
Progress (3): 4.0/4.2 MB | 458/739 kB | 0.6/3.0 MB
Progress (3): 4.0/4.2 MB | 474/739 kB | 0.6/3.0 MB
Progress (3): 4.0/4.2 MB | 474/739 kB | 0.6/3.0 MB
Progress (3): 4.0/4.2 MB | 491/739 kB | 0.6/3.0 MB
Progress (3): 4.0/4.2 MB | 491/739 kB | 0.6/3.0 MB
Progress (3): 4.0/4.2 MB | 491/739 kB | 0.6/3.0 MB
Progress (3): 4.0/4.2 MB | 507/739 kB | 0.6/3.0 MB
Progress (3): 4.0/4.2 MB | 507/739 kB | 0.6/3.0 MB
Progress (3): 4.0/4.2 MB | 507/739 kB | 0.7/3.0 MB
Progress (3): 4.0/4.2 MB | 507/739 kB | 0.7/3.0 MB
Progress (3): 4.0/4.2 MB | 507/739 kB | 0.7/3.0 MB
Progress (3): 4.0/4.2 MB | 507/739 kB | 0.7/3.0 MB
Progress (3): 4.0/4.2 MB | 523/739 kB | 0.7/3.0 MB
Progress (3): 4.0/4.2 MB | 523/739 kB | 0.7/3.0 MB
Progress (3): 4.0/4.2 MB | 523/739 kB | 0.7/3.0 MB
Progress (3): 4.0/4.2 MB | 540/739 kB | 0.7/3.0 MB
Progress (3): 4.0/4.2 MB | 540/739 kB | 0.7/3.0 MB
Progress (3): 4.0/4.2 MB | 556/739 kB | 0.7/3.0 MB
Progress (3): 4.0/4.2 MB | 556/739 kB | 0.8/3.0 MB
Progress (3): 4.0/4.2 MB | 556/739 kB | 0.8/3.0 MB
Progress (3): 4.0/4.2 MB | 573/739 kB | 0.8/3.0 MB
Progress (3): 4.0/4.2 MB | 573/739 kB | 0.8/3.0 MB
Progress (3): 4.0/4.2 MB | 589/739 kB | 0.8/3.0 MB
Progress (3): 4.0/4.2 MB | 589/739 kB | 0.8/3.0 MB
Progress (3): 4.0/4.2 MB | 605/739 kB | 0.8/3.0 MB
Progress (3): 4.0/4.2 MB | 605/739 kB | 0.8/3.0 MB
Progress (3): 4.0/4.2 MB | 622/739 kB | 0.8/3.0 MB
Progress (3): 4.0/4.2 MB | 622/739 kB | 0.8/3.0 MB
Progress (3): 4.0/4.2 MB | 622/739 kB | 0.8/3.0 MB
Progress (3): 4.0/4.2 MB | 638/739 kB | 0.8/3.0 MB
Progress (3): 4.0/4.2 MB | 638/739 kB | 0.8/3.0 MB
Progress (3): 4.0/4.2 MB | 638/739 kB | 0.9/3.0 MB
Progress (3): 4.0/4.2 MB | 654/739 kB | 0.9/3.0 MB
Progress (3): 4.0/4.2 MB | 654/739 kB | 0.9/3.0 MB
Progress (3): 4.0/4.2 MB | 654/739 kB | 0.9/3.0 MB
Progress (3): 4.0/4.2 MB | 671/739 kB | 0.9/3.0 MB
Progress (3): 4.0/4.2 MB | 671/739 kB | 0.9/3.0 MB
Progress (3): 4.0/4.2 MB | 687/739 kB | 0.9/3.0 MB
Progress (3): 4.0/4.2 MB | 687/739 kB | 0.9/3.0 MB
Progress (3): 4.1/4.2 MB | 687/739 kB | 0.9/3.0 MB
Progress (3): 4.1/4.2 MB | 704/739 kB | 0.9/3.0 MB
Progress (3): 4.1/4.2 MB | 704/739 kB | 0.9/3.0 MB
Progress (3): 4.1/4.2 MB | 704/739 kB | 0.9/3.0 MB
Progress (3): 4.1/4.2 MB | 720/739 kB | 0.9/3.0 MB
Progress (3): 4.1/4.2 MB | 720/739 kB | 0.9/3.0 MB
Progress (3): 4.1/4.2 MB | 720/739 kB | 0.9/3.0 MB
Progress (3): 4.1/4.2 MB | 736/739 kB | 0.9/3.0 MB
Progress (3): 4.1/4.2 MB | 739 kB | 0.9/3.0 MB    
Progress (3): 4.1/4.2 MB | 739 kB | 0.9/3.0 MB
Progress (3): 4.1/4.2 MB | 739 kB | 0.9/3.0 MB
Progress (3): 4.1/4.2 MB | 739 kB | 1.0/3.0 MB
Progress (3): 4.1/4.2 MB | 739 kB | 1.0/3.0 MB
                                              
Downloaded from central: https://repo.maven.apache.org/maven2/io/cucumber/cucumber-java/7.15.0/cucumber-java-7.15.0.jar (739 kB at 1.1 MB/s)
Progress (2): 4.1/4.2 MB | 1.0/3.0 MB
Progress (2): 4.1/4.2 MB | 1.0/3.0 MB
Progress (2): 4.1/4.2 MB | 1.0/3.0 MB
Progress (2): 4.2/4.2 MB | 1.0/3.0 MB
Progress (2): 4.2/4.2 MB | 1.0/3.0 MB
Progress (2): 4.2/4.2 MB | 1.0/3.0 MB
Progress (2): 4.2/4.2 MB | 1.0/3.0 MB
Progress (2): 4.2/4.2 MB | 1.1/3.0 MB
                                     
Downloading from central: https://repo.maven.apache.org/maven2/io/cucumber/tag-expressions/6.0.0/tag-expressions-6.0.0.jar
Progress (2): 4.2/4.2 MB | 1.1/3.0 MB
Progress (2): 4.2/4.2 MB | 1.1/3.0 MB
Progress (2): 4.2/4.2 MB | 1.1/3.0 MB
Progress (2): 4.2/4.2 MB | 1.1/3.0 MB
Progress (2): 4.2/4.2 MB | 1.1/3.0 MB
Progress (2): 4.2/4.2 MB | 1.1/3.0 MB
Progress (2): 4.2/4.2 MB | 1.1/3.0 MB
Progress (2): 4.2 MB | 1.1/3.0 MB    
Progress (2): 4.2 MB | 1.1/3.0 MB
Progress (2): 4.2 MB | 1.2/3.0 MB
Progress (2): 4.2 MB | 1.2/3.0 MB
                                 
Downloaded from central: https://repo.maven.apache.org/maven2/net/bytebuddy/byte-buddy/1.14.14/byte-buddy-1.14.14.jar (4.2 MB at 6.2 MB/s)
Progress (1): 1.2/3.0 MB
                        
Downloading from central: https://repo.maven.apache.org/maven2/io/cucumber/cucumber-expressions/17.0.1/cucumber-expressions-17.0.1.jar
Progress (1): 1.2/3.0 MB
Progress (1): 1.2/3.0 MB
Progress (1): 1.2/3.0 MB
Progress (1): 1.3/3.0 MB
Progress (1): 1.3/3.0 MB
Progress (1): 1.3/3.0 MB
Progress (1): 1.3/3.0 MB
Progress (1): 1.3/3.0 MB
Progress (1): 1.3/3.0 MB
Progress (1): 1.4/3.0 MB
Progress (1): 1.4/3.0 MB
Progress (1): 1.4/3.0 MB
Progress (1): 1.4/3.0 MB
Progress (1): 1.4/3.0 MB
Progress (1): 1.4/3.0 MB
Progress (1): 1.5/3.0 MB
Progress (1): 1.5/3.0 MB
Progress (1): 1.5/3.0 MB
Progress (1): 1.5/3.0 MB
Progress (1): 1.5/3.0 MB
Progress (1): 1.5/3.0 MB
Progress (1): 1.6/3.0 MB
Progress (1): 1.6/3.0 MB
Progress (1): 1.6/3.0 MB
Progress (1): 1.6/3.0 MB
Progress (1): 1.6/3.0 MB
Progress (1): 1.6/3.0 MB
Progress (1): 1.6/3.0 MB
Progress (2): 1.6/3.0 MB | 3.2/111 kB
Progress (2): 1.7/3.0 MB | 3.2/111 kB
Progress (2): 1.7/3.0 MB | 3.2/111 kB
Progress (2): 1.7/3.0 MB | 20/111 kB 
Progress (2): 1.7/3.0 MB | 20/111 kB
Progress (2): 1.7/3.0 MB | 36/111 kB
Progress (2): 1.7/3.0 MB | 36/111 kB
Progress (2): 1.7/3.0 MB | 52/111 kB
Progress (2): 1.7/3.0 MB | 52/111 kB
Progress (2): 1.7/3.0 MB | 69/111 kB
Progress (2): 1.7/3.0 MB | 69/111 kB
Progress (2): 1.7/3.0 MB | 85/111 kB
Progress (2): 1.8/3.0 MB | 85/111 kB
Progress (2): 1.8/3.0 MB | 101/111 kB
Progress (2): 1.8/3.0 MB | 111 kB    
Progress (2): 1.8/3.0 MB | 111 kB
Progress (2): 1.8/3.0 MB | 111 kB
Progress (2): 1.8/3.0 MB | 111 kB
Progress (2): 1.8/3.0 MB | 111 kB
Progress (2): 1.8/3.0 MB | 111 kB
Progress (2): 1.9/3.0 MB | 111 kB
Progress (2): 1.9/3.0 MB | 111 kB
Progress (3): 1.9/3.0 MB | 111 kB | 7.7/90 kB
Progress (3): 1.9/3.0 MB | 111 kB | 16/90 kB 
Progress (3): 1.9/3.0 MB | 111 kB | 16/90 kB
Progress (3): 1.9/3.0 MB | 111 kB | 16/90 kB
Progress (3): 1.9/3.0 MB | 111 kB | 24/90 kB
Progress (3): 1.9/3.0 MB | 111 kB | 24/90 kB
Progress (3): 1.9/3.0 MB | 111 kB | 40/90 kB
Progress (3): 1.9/3.0 MB | 111 kB | 40/90 kB
                                            
Downloaded from central: https://repo.maven.apache.org/maven2/io/cucumber/gherkin/26.2.0/gherkin-26.2.0.jar (111 kB at 161 kB/s)
Downloading from central: https://repo.maven.apache.org/maven2/io/cucumber/datatable/7.15.0/datatable-7.15.0.jar
Progress (2): 1.9/3.0 MB | 57/90 kB
Progress (2): 1.9/3.0 MB | 73/90 kB
Progress (2): 2.0/3.0 MB | 73/90 kB
Progress (2): 2.0/3.0 MB | 73/90 kB
Progress (2): 2.0/3.0 MB | 90/90 kB
Progress (2): 2.0/3.0 MB | 90 kB   
Progress (2): 2.0/3.0 MB | 90 kB
                                
Downloaded from central: https://repo.maven.apache.org/maven2/io/cucumber/messages/22.0.0/messages-22.0.0.jar (90 kB at 130 kB/s)
Downloading from central: https://repo.maven.apache.org/maven2/io/cucumber/cucumber-plugin/7.15.0/cucumber-plugin-7.15.0.jar
Progress (1): 2.0/3.0 MB
Progress (1): 2.0/3.0 MB
Progress (1): 2.0/3.0 MB
Progress (1): 2.1/3.0 MB
Progress (1): 2.1/3.0 MB
Progress (1): 2.1/3.0 MB
Progress (1): 2.1/3.0 MB
Progress (1): 2.1/3.0 MB
Progress (1): 2.1/3.0 MB
Progress (1): 2.2/3.0 MB
Progress (1): 2.2/3.0 MB
Progress (1): 2.2/3.0 MB
Progress (1): 2.2/3.0 MB
Progress (1): 2.2/3.0 MB
Progress (1): 2.2/3.0 MB
Progress (1): 2.3/3.0 MB
Progress (1): 2.3/3.0 MB
Progress (2): 2.3/3.0 MB | 7.7/13 kB
Progress (2): 2.3/3.0 MB | 11/13 kB 
Progress (2): 2.3/3.0 MB | 11/13 kB
Progress (2): 2.3/3.0 MB | 11/13 kB
Progress (3): 2.3/3.0 MB | 11/13 kB | 7.7/78 kB
Progress (3): 2.3/3.0 MB | 13 kB | 7.7/78 kB   
Progress (3): 2.3/3.0 MB | 13 kB | 16/78 kB 
Progress (3): 2.3/3.0 MB | 13 kB | 24/78 kB
Progress (3): 2.3/3.0 MB | 13 kB | 40/78 kB
                                           
Downloaded from central: https://repo.maven.apache.org/maven2/io/cucumber/tag-expressions/6.0.0/tag-expressions-6.0.0.jar (13 kB at 19 kB/s)
Downloading from central: https://repo.maven.apache.org/maven2/io/cucumber/docstring/7.15.0/docstring-7.15.0.jar
Progress (2): 2.3/3.0 MB | 57/78 kB
Progress (2): 2.3/3.0 MB | 73/78 kB
Progress (2): 2.3/3.0 MB | 78 kB   
                                
Downloaded from central: https://repo.maven.apache.org/maven2/io/cucumber/cucumber-expressions/17.0.1/cucumber-expressions-17.0.1.jar (78 kB at 111 kB/s)
Downloading from central: https://repo.maven.apache.org/maven2/io/cucumber/html-formatter/20.4.0/html-formatter-20.4.0.jar
Progress (1): 2.3/3.0 MB
Progress (1): 2.3/3.0 MB
Progress (1): 2.4/3.0 MB
Progress (1): 2.4/3.0 MB
Progress (1): 2.4/3.0 MB
Progress (1): 2.4/3.0 MB
Progress (1): 2.4/3.0 MB
Progress (1): 2.4/3.0 MB
Progress (1): 2.4/3.0 MB
Progress (1): 2.5/3.0 MB
Progress (1): 2.5/3.0 MB
Progress (1): 2.5/3.0 MB
Progress (1): 2.5/3.0 MB
Progress (1): 2.5/3.0 MB
Progress (1): 2.5/3.0 MB
Progress (1): 2.6/3.0 MB
Progress (1): 2.6/3.0 MB
Progress (1): 2.6/3.0 MB
Progress (1): 2.6/3.0 MB
Progress (1): 2.6/3.0 MB
Progress (1): 2.6/3.0 MB
Progress (1): 2.7/3.0 MB
Progress (1): 2.7/3.0 MB
Progress (2): 2.7/3.0 MB | 7.7/33 kB
Progress (2): 2.7/3.0 MB | 16/33 kB 
Progress (2): 2.7/3.0 MB | 29/33 kB
Progress (2): 2.7/3.0 MB | 33 kB   
Progress (2): 2.7/3.0 MB | 33 kB
                                
Downloaded from central: https://repo.maven.apache.org/maven2/io/cucumber/cucumber-plugin/7.15.0/cucumber-plugin-7.15.0.jar (33 kB at 46 kB/s)
Downloading from central: https://repo.maven.apache.org/maven2/io/cucumber/junit-xml-formatter/0.2.0/junit-xml-formatter-0.2.0.jar
Progress (1): 2.7/3.0 MB
Progress (1): 2.7/3.0 MB
Progress (1): 2.7/3.0 MB
Progress (1): 2.8/3.0 MB
Progress (1): 2.8/3.0 MB
Progress (1): 2.8/3.0 MB
Progress (1): 2.8/3.0 MB
Progress (1): 2.8/3.0 MB
Progress (1): 2.8/3.0 MB
Progress (1): 2.8/3.0 MB
Progress (1): 2.9/3.0 MB
Progress (1): 2.9/3.0 MB
Progress (1): 2.9/3.0 MB
Progress (1): 2.9/3.0 MB
Progress (2): 2.9/3.0 MB | 7.7/108 kB
Progress (2): 2.9/3.0 MB | 7.7/108 kB
Progress (2): 2.9/3.0 MB | 24/108 kB 
Progress (2): 2.9/3.0 MB | 24/108 kB
Progress (2): 2.9/3.0 MB | 40/108 kB
Progress (2): 2.9/3.0 MB | 40/108 kB
Progress (2): 2.9/3.0 MB | 57/108 kB
Progress (2): 3.0/3.0 MB | 57/108 kB
Progress (2): 3.0/3.0 MB | 73/108 kB
Progress (2): 3.0 MB | 73/108 kB    
Progress (2): 3.0 MB | 90/108 kB
Progress (2): 3.0 MB | 106/108 kB
                                 
Downloaded from central: https://repo.maven.apache.org/maven2/io/cucumber/cucumber-core/7.15.0/cucumber-core-7.15.0.jar (3.0 MB at 4.1 MB/s)
Downloading from central: https://repo.maven.apache.org/maven2/io/cucumber/ci-environment/10.0.0/ci-environment-10.0.0.jar
Progress (1): 108 kB
                    
Downloaded from central: https://repo.maven.apache.org/maven2/io/cucumber/datatable/7.15.0/datatable-7.15.0.jar (108 kB at 149 kB/s)
Downloading from central: https://repo.maven.apache.org/maven2/org/apiguardian/apiguardian-api/1.1.2/apiguardian-api-1.1.2.jar
Progress (1): 3.1/12 kB
Progress (1): 12 kB    
                   
Downloaded from central: https://repo.maven.apache.org/maven2/io/cucumber/docstring/7.15.0/docstring-7.15.0.jar (12 kB at 16 kB/s)
Downloading from central: https://repo.maven.apache.org/maven2/io/cucumber/cucumber-testng/7.15.0/cucumber-testng-7.15.0.jar
Progress (1): 7.7/594 kB
Progress (1): 16/594 kB 
Progress (1): 32/594 kB
Progress (1): 49/594 kB
Progress (1): 65/594 kB
Progress (1): 81/594 kB
Progress (1): 98/594 kB
Progress (1): 114/594 kB
Progress (1): 131/594 kB
Progress (1): 147/594 kB
Progress (1): 163/594 kB
Progress (1): 180/594 kB
Progress (1): 196/594 kB
Progress (1): 213/594 kB
Progress (1): 229/594 kB
Progress (1): 245/594 kB
Progress (1): 262/594 kB
Progress (1): 278/594 kB
Progress (1): 294/594 kB
Progress (1): 311/594 kB
Progress (1): 327/594 kB
Progress (1): 344/594 kB
Progress (1): 360/594 kB
Progress (1): 376/594 kB
Progress (1): 393/594 kB
Progress (1): 409/594 kB
Progress (1): 426/594 kB
Progress (1): 442/594 kB
Progress (1): 458/594 kB
Progress (1): 475/594 kB
Progress (1): 491/594 kB
Progress (1): 507/594 kB
Progress (1): 524/594 kB
Progress (1): 540/594 kB
Progress (1): 557/594 kB
Progress (1): 573/594 kB
Progress (1): 589/594 kB
Progress (1): 594 kB    
                    
Downloaded from central: https://repo.maven.apache.org/maven2/io/cucumber/html-formatter/20.4.0/html-formatter-20.4.0.jar (594 kB at 796 kB/s)
Downloading from central: https://repo.maven.apache.org/maven2/io/github/bonigarcia/webdrivermanager/5.6.3/webdrivermanager-5.6.3.jar
Progress (1): 7.7/17 kB
Progress (1): 7.7/17 kB
Progress (1): 17 kB    
                   
Downloaded from central: https://repo.maven.apache.org/maven2/io/cucumber/junit-xml-formatter/0.2.0/junit-xml-formatter-0.2.0.jar (17 kB at 23 kB/s)
Downloading from central: https://repo.maven.apache.org/maven2/com/google/code/gson/gson/2.10.1/gson-2.10.1.jar
Progress (1): 7.7/50 kB
Progress (2): 7.7/50 kB | 6.8 kB
Progress (2): 16/50 kB | 6.8 kB 
Progress (2): 24/50 kB | 6.8 kB
Progress (2): 40/50 kB | 6.8 kB
                               
Downloaded from central: https://repo.maven.apache.org/maven2/org/apiguardian/apiguardian-api/1.1.2/apiguardian-api-1.1.2.jar (6.8 kB at 9.1 kB/s)
Downloading from central: https://repo.maven.apache.org/maven2/com/github/docker-java/docker-java/3.3.4/docker-java-3.3.4.jar
Progress (1): 50 kB
                   
Downloaded from central: https://repo.maven.apache.org/maven2/io/cucumber/ci-environment/10.0.0/ci-environment-10.0.0.jar (50 kB at 66 kB/s)
Downloading from central: https://repo.maven.apache.org/maven2/com/github/docker-java/docker-java-core/3.3.4/docker-java-core-3.3.4.jar
Progress (1): 7.7/21 kB
Progress (1): 15/21 kB 
Progress (1): 21 kB   
                   
Downloaded from central: https://repo.maven.apache.org/maven2/io/cucumber/cucumber-testng/7.15.0/cucumber-testng-7.15.0.jar (21 kB at 28 kB/s)
Downloading from central: https://repo.maven.apache.org/maven2/com/github/docker-java/docker-java-api/3.3.4/docker-java-api-3.3.4.jar
Progress (1): 7.7/283 kB
Progress (1): 7.7/283 kB
Progress (1): 24/283 kB 
Progress (1): 40/283 kB
Progress (1): 57/283 kB
Progress (1): 73/283 kB
Progress (1): 90/283 kB
Progress (1): 106/283 kB
Progress (1): 122/283 kB
Progress (1): 139/283 kB
Progress (1): 155/283 kB
Progress (1): 172/283 kB
Progress (1): 188/283 kB
Progress (1): 204/283 kB
Progress (1): 221/283 kB
Progress (1): 237/283 kB
Progress (1): 253/283 kB
Progress (1): 270/283 kB
Progress (2): 270/283 kB | 7.7/372 kB
Progress (2): 283 kB | 7.7/372 kB    
Progress (3): 283 kB | 7.7/372 kB | 4.5 kB
                                          
Downloaded from central: https://repo.maven.apache.org/maven2/com/github/docker-java/docker-java/3.3.4/docker-java-3.3.4.jar (4.5 kB at 5.8 kB/s)
Progress (2): 283 kB | 16/372 kB
Progress (2): 283 kB | 24/372 kB
                                
Downloaded from central: https://repo.maven.apache.org/maven2/com/google/code/gson/gson/2.10.1/gson-2.10.1.jar (283 kB at 360 kB/s)
Downloading from central: https://repo.maven.apache.org/maven2/com/fasterxml/jackson/core/jackson-annotations/2.10.3/jackson-annotations-2.10.3.jar
Progress (1): 40/372 kB
Progress (1): 57/372 kB
Progress (1): 73/372 kB
Progress (1): 90/372 kB
Progress (2): 90/372 kB | 7.7/894 kB
Progress (2): 106/372 kB | 7.7/894 kB
Progress (2): 106/372 kB | 16/894 kB 
Progress (2): 122/372 kB | 16/894 kB
Progress (2): 122/372 kB | 25/894 kB
Progress (2): 139/372 kB | 25/894 kB
Progress (2): 139/372 kB | 41/894 kB
Progress (2): 155/372 kB | 41/894 kB
Progress (2): 155/372 kB | 57/894 kB
Progress (2): 172/372 kB | 57/894 kB
Progress (2): 172/372 kB | 74/894 kB
Progress (2): 188/372 kB | 74/894 kB
Progress (2): 188/372 kB | 90/894 kB
Progress (2): 204/372 kB | 90/894 kB
Progress (2): 204/372 kB | 106/894 kB
Progress (2): 221/372 kB | 106/894 kB
Progress (2): 237/372 kB | 106/894 kB
Progress (2): 237/372 kB | 123/894 kB
Progress (2): 237/372 kB | 131/894 kB
Progress (2): 253/372 kB | 131/894 kB
Progress (2): 253/372 kB | 147/894 kB
Progress (2): 270/372 kB | 147/894 kB
Progress (2): 270/372 kB | 164/894 kB
Progress (2): 286/372 kB | 164/894 kB
Progress (2): 286/372 kB | 180/894 kB
Progress (2): 303/372 kB | 180/894 kB
Progress (2): 303/372 kB | 197/894 kB
Progress (2): 319/372 kB | 197/894 kB
Progress (2): 319/372 kB | 213/894 kB
                                     
Downloading from central: https://repo.maven.apache.org/maven2/commons-io/commons-io/2.13.0/commons-io-2.13.0.jar
Progress (2): 319/372 kB | 229/894 kB
Progress (2): 319/372 kB | 246/894 kB
Progress (2): 319/372 kB | 262/894 kB
Progress (2): 319/372 kB | 279/894 kB
Progress (3): 319/372 kB | 279/894 kB | 7.7/471 kB
Progress (3): 319/372 kB | 279/894 kB | 16/471 kB 
Progress (3): 319/372 kB | 295/894 kB | 16/471 kB
Progress (3): 319/372 kB | 311/894 kB | 16/471 kB
Progress (3): 319/372 kB | 311/894 kB | 32/471 kB
Progress (3): 319/372 kB | 328/894 kB | 32/471 kB
Progress (3): 319/372 kB | 344/894 kB | 32/471 kB
Progress (3): 319/372 kB | 344/894 kB | 49/471 kB
Progress (3): 319/372 kB | 344/894 kB | 65/471 kB
Progress (3): 319/372 kB | 360/894 kB | 65/471 kB
Progress (3): 319/372 kB | 377/894 kB | 65/471 kB
Progress (3): 319/372 kB | 377/894 kB | 81/471 kB
Progress (3): 319/372 kB | 377/894 kB | 98/471 kB
Progress (3): 319/372 kB | 393/894 kB | 98/471 kB
Progress (3): 319/372 kB | 410/894 kB | 98/471 kB
Progress (3): 319/372 kB | 426/894 kB | 98/471 kB
Progress (3): 335/372 kB | 426/894 kB | 98/471 kB
Progress (3): 335/372 kB | 442/894 kB | 98/471 kB
Progress (3): 340/372 kB | 442/894 kB | 98/471 kB
Progress (3): 356/372 kB | 442/894 kB | 98/471 kB
Progress (3): 356/372 kB | 459/894 kB | 98/471 kB
Progress (3): 372 kB | 459/894 kB | 98/471 kB    
Progress (3): 372 kB | 475/894 kB | 98/471 kB
                                             
Downloaded from central: https://repo.maven.apache.org/maven2/com/github/docker-java/docker-java-core/3.3.4/docker-java-core-3.3.4.jar (372 kB at 468 kB/s)
Downloading from central: https://repo.maven.apache.org/maven2/com/fasterxml/jackson/core/jackson-databind/2.10.3/jackson-databind-2.10.3.jar
Progress (2): 492/894 kB | 98/471 kB
Progress (2): 508/894 kB | 98/471 kB
Progress (2): 508/894 kB | 114/471 kB
Progress (2): 524/894 kB | 114/471 kB
Progress (2): 524/894 kB | 131/471 kB
Progress (2): 541/894 kB | 131/471 kB
Progress (2): 541/894 kB | 147/471 kB
Progress (2): 557/894 kB | 147/471 kB
Progress (2): 557/894 kB | 163/471 kB
Progress (2): 573/894 kB | 163/471 kB
Progress (2): 573/894 kB | 180/471 kB
Progress (2): 590/894 kB | 180/471 kB
Progress (2): 590/894 kB | 196/471 kB
Progress (2): 606/894 kB | 196/471 kB
Progress (2): 606/894 kB | 212/471 kB
Progress (2): 623/894 kB | 212/471 kB
Progress (2): 623/894 kB | 229/471 kB
Progress (2): 623/894 kB | 232/471 kB
Progress (2): 639/894 kB | 232/471 kB
Progress (2): 639/894 kB | 248/471 kB
Progress (2): 655/894 kB | 248/471 kB
Progress (2): 655/894 kB | 265/471 kB
Progress (2): 672/894 kB | 265/471 kB
Progress (2): 672/894 kB | 281/471 kB
Progress (2): 688/894 kB | 281/471 kB
Progress (2): 688/894 kB | 298/471 kB
Progress (2): 705/894 kB | 298/471 kB
Progress (2): 705/894 kB | 314/471 kB
Progress (2): 721/894 kB | 314/471 kB
Progress (2): 737/894 kB | 314/471 kB
Progress (2): 754/894 kB | 314/471 kB
Progress (2): 754/894 kB | 330/471 kB
Progress (2): 770/894 kB | 330/471 kB
Progress (2): 770/894 kB | 347/471 kB
Progress (2): 786/894 kB | 347/471 kB
Progress (2): 786/894 kB | 363/471 kB
Progress (2): 803/894 kB | 363/471 kB
Progress (2): 803/894 kB | 380/471 kB
Progress (2): 819/894 kB | 380/471 kB
Progress (2): 819/894 kB | 396/471 kB
Progress (2): 836/894 kB | 396/471 kB
Progress (2): 836/894 kB | 412/471 kB
Progress (2): 852/894 kB | 412/471 kB
Progress (2): 852/894 kB | 429/471 kB
Progress (2): 868/894 kB | 429/471 kB
Progress (2): 868/894 kB | 445/471 kB
Progress (2): 868/894 kB | 451/471 kB
Progress (2): 885/894 kB | 451/471 kB
Progress (2): 885/894 kB | 468/471 kB
Progress (2): 894 kB | 468/471 kB    
Progress (2): 894 kB | 471 kB    
                             
Downloaded from central: https://repo.maven.apache.org/maven2/io/github/bonigarcia/webdrivermanager/5.6.3/webdrivermanager-5.6.3.jar (894 kB at 1.1 MB/s)
Downloaded from central: https://repo.maven.apache.org/maven2/com/github/docker-java/docker-java-api/3.3.4/docker-java-api-3.3.4.jar (471 kB at 587 kB/s)
Downloading from central: https://repo.maven.apache.org/maven2/com/fasterxml/jackson/core/jackson-core/2.10.3/jackson-core-2.10.3.jar
Downloading from central: https://repo.maven.apache.org/maven2/org/bouncycastle/bcpkix-jdk18on/1.76/bcpkix-jdk18on-1.76.jar
Progress (1): 7.7/484 kB
Progress (1): 7.7/484 kB
Progress (1): 24/484 kB 
Progress (1): 40/484 kB
Progress (1): 57/484 kB
Progress (1): 66/484 kB
Progress (1): 82/484 kB
Progress (1): 98/484 kB
Progress (2): 98/484 kB | 7.7/68 kB
Progress (2): 98/484 kB | 16/68 kB 
Progress (2): 98/484 kB | 28/68 kB
Progress (2): 115/484 kB | 28/68 kB
Progress (2): 131/484 kB | 28/68 kB
Progress (2): 131/484 kB | 44/68 kB
Progress (2): 147/484 kB | 44/68 kB
Progress (2): 147/484 kB | 61/68 kB
Progress (2): 164/484 kB | 61/68 kB
Progress (2): 164/484 kB | 68 kB   
Progress (2): 180/484 kB | 68 kB
Progress (2): 197/484 kB | 68 kB
Progress (2): 213/484 kB | 68 kB
                                
Downloaded from central: https://repo.maven.apache.org/maven2/com/fasterxml/jackson/core/jackson-annotations/2.10.3/jackson-annotations-2.10.3.jar (68 kB at 83 kB/s)
Downloading from central: https://repo.maven.apache.org/maven2/org/bouncycastle/bcprov-jdk18on/1.76/bcprov-jdk18on-1.76.jar
Progress (1): 229/484 kB
Progress (1): 246/484 kB
Progress (1): 262/484 kB
Progress (1): 279/484 kB
Progress (1): 295/484 kB
Progress (1): 311/484 kB
Progress (1): 328/484 kB
Progress (1): 344/484 kB
Progress (1): 360/484 kB
Progress (1): 377/484 kB
Progress (1): 393/484 kB
Progress (1): 410/484 kB
Progress (1): 426/484 kB
Progress (1): 442/484 kB
Progress (2): 442/484 kB | 0/1.4 MB
Progress (2): 442/484 kB | 0/1.4 MB
Progress (2): 459/484 kB | 0/1.4 MB
Progress (2): 475/484 kB | 0/1.4 MB
Progress (2): 475/484 kB | 0/1.4 MB
Progress (2): 484 kB | 0/1.4 MB    
                               
Downloaded from central: https://repo.maven.apache.org/maven2/commons-io/commons-io/2.13.0/commons-io-2.13.0.jar (484 kB at 589 kB/s)
Progress (1): 0/1.4 MB
Progress (1): 0.1/1.4 MB
                        
Downloading from central: https://repo.maven.apache.org/maven2/org/bouncycastle/bcutil-jdk18on/1.76/bcutil-jdk18on-1.76.jar
Progress (1): 0.1/1.4 MB
Progress (1): 0.1/1.4 MB
Progress (1): 0.1/1.4 MB
Progress (1): 0.1/1.4 MB
Progress (1): 0.1/1.4 MB
Progress (1): 0.2/1.4 MB
Progress (1): 0.2/1.4 MB
Progress (1): 0.2/1.4 MB
Progress (1): 0.2/1.4 MB
Progress (1): 0.2/1.4 MB
Progress (1): 0.2/1.4 MB
Progress (1): 0.3/1.4 MB
Progress (1): 0.3/1.4 MB
Progress (1): 0.3/1.4 MB
Progress (1): 0.3/1.4 MB
Progress (1): 0.3/1.4 MB
Progress (1): 0.3/1.4 MB
Progress (1): 0.4/1.4 MB
Progress (1): 0.4/1.4 MB
Progress (1): 0.4/1.4 MB
Progress (1): 0.4/1.4 MB
Progress (1): 0.4/1.4 MB
Progress (1): 0.4/1.4 MB
Progress (2): 0.4/1.4 MB | 0/1.1 MB
Progress (2): 0.4/1.4 MB | 0/1.1 MB
Progress (2): 0.5/1.4 MB | 0/1.1 MB
Progress (2): 0.5/1.4 MB | 0/1.1 MB
Progress (2): 0.5/1.4 MB | 0/1.1 MB
Progress (2): 0.5/1.4 MB | 0/1.1 MB
Progress (2): 0.5/1.4 MB | 0/1.1 MB
Progress (2): 0.5/1.4 MB | 0/1.1 MB
Progress (2): 0.5/1.4 MB | 0.1/1.1 MB
Progress (2): 0.5/1.4 MB | 0.1/1.1 MB
Progress (2): 0.5/1.4 MB | 0.1/1.1 MB
Progress (2): 0.5/1.4 MB | 0.1/1.1 MB
Progress (2): 0.5/1.4 MB | 0.1/1.1 MB
Progress (2): 0.5/1.4 MB | 0.1/1.1 MB
Progress (2): 0.6/1.4 MB | 0.1/1.1 MB
Progress (2): 0.6/1.4 MB | 0.1/1.1 MB
Progress (2): 0.6/1.4 MB | 0.1/1.1 MB
Progress (2): 0.6/1.4 MB | 0.1/1.1 MB
Progress (2): 0.6/1.4 MB | 0.1/1.1 MB
Progress (2): 0.6/1.4 MB | 0.1/1.1 MB
Progress (2): 0.6/1.4 MB | 0.1/1.1 MB
Progress (2): 0.6/1.4 MB | 0.2/1.1 MB
Progress (2): 0.6/1.4 MB | 0.2/1.1 MB
Progress (2): 0.6/1.4 MB | 0.2/1.1 MB
Progress (3): 0.6/1.4 MB | 0.2/1.1 MB | 7.7/349 kB
Progress (3): 0.7/1.4 MB | 0.2/1.1 MB | 7.7/349 kB
Progress (3): 0.7/1.4 MB | 0.2/1.1 MB | 16/349 kB 
Progress (3): 0.7/1.4 MB | 0.2/1.1 MB | 16/349 kB
Progress (3): 0.7/1.4 MB | 0.2/1.1 MB | 32/349 kB
Progress (3): 0.7/1.4 MB | 0.2/1.1 MB | 49/349 kB
Progress (3): 0.7/1.4 MB | 0.2/1.1 MB | 49/349 kB
Progress (3): 0.7/1.4 MB | 0.2/1.1 MB | 65/349 kB
Progress (3): 0.7/1.4 MB | 0.2/1.1 MB | 65/349 kB
Progress (3): 0.7/1.4 MB | 0.2/1.1 MB | 65/349 kB
Progress (3): 0.7/1.4 MB | 0.2/1.1 MB | 81/349 kB
Progress (3): 0.7/1.4 MB | 0.2/1.1 MB | 81/349 kB
Progress (3): 0.7/1.4 MB | 0.2/1.1 MB | 98/349 kB
Progress (3): 0.7/1.4 MB | 0.2/1.1 MB | 98/349 kB
Progress (3): 0.7/1.4 MB | 0.2/1.1 MB | 114/349 kB
Progress (3): 0.8/1.4 MB | 0.2/1.1 MB | 114/349 kB
Progress (3): 0.8/1.4 MB | 0.2/1.1 MB | 131/349 kB
Progress (3): 0.8/1.4 MB | 0.2/1.1 MB | 131/349 kB
Progress (3): 0.8/1.4 MB | 0.2/1.1 MB | 147/349 kB
Progress (3): 0.8/1.4 MB | 0.2/1.1 MB | 147/349 kB
Progress (3): 0.8/1.4 MB | 0.2/1.1 MB | 163/349 kB
Progress (3): 0.8/1.4 MB | 0.2/1.1 MB | 163/349 kB
Progress (3): 0.8/1.4 MB | 0.2/1.1 MB | 180/349 kB
Progress (3): 0.8/1.4 MB | 0.2/1.1 MB | 180/349 kB
Progress (3): 0.8/1.4 MB | 0.2/1.1 MB | 180/349 kB
Progress (3): 0.8/1.4 MB | 0.2/1.1 MB | 196/349 kB
Progress (3): 0.9/1.4 MB | 0.2/1.1 MB | 196/349 kB
Progress (3): 0.9/1.4 MB | 0.2/1.1 MB | 212/349 kB
Progress (3): 0.9/1.4 MB | 0.2/1.1 MB | 212/349 kB
Progress (3): 0.9/1.4 MB | 0.2/1.1 MB | 229/349 kB
Progress (3): 0.9/1.4 MB | 0.2/1.1 MB | 229/349 kB
Progress (3): 0.9/1.4 MB | 0.2/1.1 MB | 245/349 kB
Progress (3): 0.9/1.4 MB | 0.2/1.1 MB | 262/349 kB
Progress (3): 0.9/1.4 MB | 0.2/1.1 MB | 278/349 kB
Progress (3): 0.9/1.4 MB | 0.2/1.1 MB | 278/349 kB
Progress (3): 0.9/1.4 MB | 0.2/1.1 MB | 278/349 kB
Progress (3): 0.9/1.4 MB | 0.2/1.1 MB | 278/349 kB
Progress (3): 0.9/1.4 MB | 0.2/1.1 MB | 278/349 kB
Progress (3): 0.9/1.4 MB | 0.2/1.1 MB | 294/349 kB
Progress (3): 0.9/1.4 MB | 0.2/1.1 MB | 294/349 kB
Progress (3): 0.9/1.4 MB | 0.2/1.1 MB | 294/349 kB
Progress (3): 0.9/1.4 MB | 0.2/1.1 MB | 294/349 kB
Progress (3): 0.9/1.4 MB | 0.2/1.1 MB | 311/349 kB
Progress (3): 0.9/1.4 MB | 0.3/1.1 MB | 311/349 kB
Progress (3): 0.9/1.4 MB | 0.3/1.1 MB | 311/349 kB
Progress (3): 0.9/1.4 MB | 0.3/1.1 MB | 311/349 kB
Progress (3): 0.9/1.4 MB | 0.3/1.1 MB | 327/349 kB
Progress (3): 0.9/1.4 MB | 0.3/1.1 MB | 327/349 kB
Progress (3): 1.0/1.4 MB | 0.3/1.1 MB | 327/349 kB
Progress (3): 1.0/1.4 MB | 0.3/1.1 MB | 327/349 kB
Progress (3): 1.0/1.4 MB | 0.3/1.1 MB | 327/349 kB
Progress (3): 1.0/1.4 MB | 0.3/1.1 MB | 343/349 kB
Progress (3): 1.0/1.4 MB | 0.3/1.1 MB | 343/349 kB
Progress (3): 1.0/1.4 MB | 0.3/1.1 MB | 349 kB    
Progress (3): 1.0/1.4 MB | 0.3/1.1 MB | 349 kB
Progress (3): 1.0/1.4 MB | 0.4/1.1 MB | 349 kB
Progress (3): 1.0/1.4 MB | 0.4/1.1 MB | 349 kB
Progress (3): 1.0/1.4 MB | 0.4/1.1 MB | 349 kB
Progress (3): 1.0/1.4 MB | 0.4/1.1 MB | 349 kB
Progress (3): 1.0/1.4 MB | 0.4/1.1 MB | 349 kB
Progress (3): 1.0/1.4 MB | 0.4/1.1 MB | 349 kB
Progress (4): 1.0/1.4 MB | 0.4/1.1 MB | 349 kB | 0/8.4 MB
Progress (4): 1.0/1.4 MB | 0.4/1.1 MB | 349 kB | 0/8.4 MB
Progress (4): 1.0/1.4 MB | 0.4/1.1 MB | 349 kB | 0/8.4 MB
Progress (4): 1.0/1.4 MB | 0.4/1.1 MB | 349 kB | 0/8.4 MB
Progress (4): 1.0/1.4 MB | 0.4/1.1 MB | 349 kB | 0/8.4 MB
Progress (4): 1.0/1.4 MB | 0.4/1.1 MB | 349 kB | 0/8.4 MB
Progress (4): 1.1/1.4 MB | 0.4/1.1 MB | 349 kB | 0/8.4 MB
Progress (4): 1.1/1.4 MB | 0.4/1.1 MB | 349 kB | 0/8.4 MB
Progress (4): 1.1/1.4 MB | 0.4/1.1 MB | 349 kB | 0/8.4 MB
Progress (4): 1.1/1.4 MB | 0.4/1.1 MB | 349 kB | 0/8.4 MB
Progress (4): 1.1/1.4 MB | 0.4/1.1 MB | 349 kB | 0.1/8.4 MB
                                                           
Downloaded from central: https://repo.maven.apache.org/maven2/com/fasterxml/jackson/core/jackson-core/2.10.3/jackson-core-2.10.3.jar (349 kB at 410 kB/s)
Downloading from central: https://repo.maven.apache.org/maven2/org/slf4j/jcl-over-slf4j/1.7.30/jcl-over-slf4j-1.7.30.jar
Progress (3): 1.1/1.4 MB | 0.4/1.1 MB | 0.1/8.4 MB
Progress (3): 1.1/1.4 MB | 0.4/1.1 MB | 0.1/8.4 MB
Progress (3): 1.2/1.4 MB | 0.4/1.1 MB | 0.1/8.4 MB
Progress (3): 1.2/1.4 MB | 0.4/1.1 MB | 0.1/8.4 MB
Progress (3): 1.2/1.4 MB | 0.4/1.1 MB | 0.1/8.4 MB
Progress (3): 1.2/1.4 MB | 0.4/1.1 MB | 0.1/8.4 MB
Progress (3): 1.2/1.4 MB | 0.4/1.1 MB | 0.1/8.4 MB
Progress (3): 1.2/1.4 MB | 0.4/1.1 MB | 0.1/8.4 MB
Progress (3): 1.3/1.4 MB | 0.4/1.1 MB | 0.1/8.4 MB
Progress (3): 1.3/1.4 MB | 0.4/1.1 MB | 0.1/8.4 MB
Progress (3): 1.3/1.4 MB | 0.4/1.1 MB | 0.1/8.4 MB
Progress (3): 1.3/1.4 MB | 0.4/1.1 MB | 0.1/8.4 MB
Progress (3): 1.3/1.4 MB | 0.4/1.1 MB | 0.1/8.4 MB
Progress (3): 1.3/1.4 MB | 0.4/1.1 MB | 0.1/8.4 MB
Progress (3): 1.3/1.4 MB | 0.4/1.1 MB | 0.1/8.4 MB
Progress (3): 1.3/1.4 MB | 0.4/1.1 MB | 0.1/8.4 MB
Progress (3): 1.4/1.4 MB | 0.4/1.1 MB | 0.1/8.4 MB
Progress (3): 1.4/1.4 MB | 0.4/1.1 MB | 0.1/8.4 MB
Progress (3): 1.4/1.4 MB | 0.4/1.1 MB | 0.1/8.4 MB
Progress (3): 1.4 MB | 0.4/1.1 MB | 0.1/8.4 MB    
Progress (3): 1.4 MB | 0.4/1.1 MB | 0.1/8.4 MB
                                              
Downloaded from central: https://repo.maven.apache.org/maven2/com/fasterxml/jackson/core/jackson-databind/2.10.3/jackson-databind-2.10.3.jar (1.4 MB at 1.6 MB/s)
Downloading from central: https://repo.maven.apache.org/maven2/com/github/docker-java/docker-java-transport-httpclient5/3.3.4/docker-java-transport-httpclient5-3.3.4.jar
Progress (2): 0.4/1.1 MB | 0.1/8.4 MB
Progress (2): 0.4/1.1 MB | 0.1/8.4 MB
Progress (2): 0.4/1.1 MB | 0.1/8.4 MB
Progress (2): 0.4/1.1 MB | 0.1/8.4 MB
Progress (2): 0.4/1.1 MB | 0.1/8.4 MB
Progress (2): 0.4/1.1 MB | 0.1/8.4 MB
Progress (2): 0.4/1.1 MB | 0.2/8.4 MB
Progress (2): 0.4/1.1 MB | 0.2/8.4 MB
Progress (2): 0.4/1.1 MB | 0.2/8.4 MB
Progress (2): 0.4/1.1 MB | 0.2/8.4 MB
Progress (2): 0.4/1.1 MB | 0.2/8.4 MB
Progress (2): 0.4/1.1 MB | 0.2/8.4 MB
Progress (2): 0.4/1.1 MB | 0.3/8.4 MB
Progress (2): 0.4/1.1 MB | 0.3/8.4 MB
Progress (2): 0.5/1.1 MB | 0.3/8.4 MB
Progress (2): 0.5/1.1 MB | 0.3/8.4 MB
Progress (2): 0.5/1.1 MB | 0.3/8.4 MB
Progress (2): 0.5/1.1 MB | 0.3/8.4 MB
Progress (2): 0.5/1.1 MB | 0.3/8.4 MB
Progress (2): 0.5/1.1 MB | 0.3/8.4 MB
Progress (2): 0.5/1.1 MB | 0.3/8.4 MB
Progress (2): 0.5/1.1 MB | 0.3/8.4 MB
Progress (2): 0.5/1.1 MB | 0.3/8.4 MB
Progress (2): 0.6/1.1 MB | 0.3/8.4 MB
Progress (2): 0.6/1.1 MB | 0.3/8.4 MB
Progress (2): 0.6/1.1 MB | 0.3/8.4 MB
Progress (2): 0.6/1.1 MB | 0.3/8.4 MB
Progress (2): 0.6/1.1 MB | 0.3/8.4 MB
Progress (2): 0.6/1.1 MB | 0.3/8.4 MB
Progress (2): 0.6/1.1 MB | 0.3/8.4 MB
Progress (2): 0.6/1.1 MB | 0.3/8.4 MB
Progress (2): 0.6/1.1 MB | 0.4/8.4 MB
Progress (2): 0.6/1.1 MB | 0.4/8.4 MB
Progress (2): 0.6/1.1 MB | 0.4/8.4 MB
Progress (2): 0.6/1.1 MB | 0.4/8.4 MB
Progress (2): 0.6/1.1 MB | 0.4/8.4 MB
Progress (2): 0.6/1.1 MB | 0.4/8.4 MB
Progress (2): 0.6/1.1 MB | 0.5/8.4 MB
Progress (2): 0.6/1.1 MB | 0.5/8.4 MB
Progress (2): 0.6/1.1 MB | 0.5/8.4 MB
Progress (2): 0.6/1.1 MB | 0.5/8.4 MB
Progress (2): 0.6/1.1 MB | 0.5/8.4 MB
Progress (2): 0.6/1.1 MB | 0.5/8.4 MB
Progress (2): 0.7/1.1 MB | 0.5/8.4 MB
Progress (2): 0.7/1.1 MB | 0.5/8.4 MB
Progress (2): 0.7/1.1 MB | 0.6/8.4 MB
Progress (2): 0.7/1.1 MB | 0.6/8.4 MB
Progress (2): 0.7/1.1 MB | 0.6/8.4 MB
Progress (2): 0.7/1.1 MB | 0.6/8.4 MB
Progress (2): 0.7/1.1 MB | 0.6/8.4 MB
Progress (2): 0.7/1.1 MB | 0.6/8.4 MB
Progress (2): 0.7/1.1 MB | 0.6/8.4 MB
Progress (2): 0.7/1.1 MB | 0.6/8.4 MB
Progress (2): 0.7/1.1 MB | 0.7/8.4 MB
Progress (2): 0.7/1.1 MB | 0.7/8.4 MB
Progress (2): 0.7/1.1 MB | 0.7/8.4 MB
Progress (2): 0.7/1.1 MB | 0.7/8.4 MB
Progress (2): 0.7/1.1 MB | 0.7/8.4 MB
Progress (2): 0.7/1.1 MB | 0.7/8.4 MB
Progress (2): 0.7/1.1 MB | 0.8/8.4 MB
Progress (2): 0.7/1.1 MB | 0.8/8.4 MB
Progress (2): 0.7/1.1 MB | 0.8/8.4 MB
Progress (2): 0.7/1.1 MB | 0.8/8.4 MB
Progress (2): 0.7/1.1 MB | 0.8/8.4 MB
Progress (2): 0.7/1.1 MB | 0.8/8.4 MB
Progress (3): 0.7/1.1 MB | 0.8/8.4 MB | 7.7/17 kB
Progress (3): 0.7/1.1 MB | 0.8/8.4 MB | 11/17 kB 
Progress (3): 0.7/1.1 MB | 0.8/8.4 MB | 17 kB   
Progress (3): 0.7/1.1 MB | 0.8/8.4 MB | 17 kB
                                             
Downloaded from central: https://repo.maven.apache.org/maven2/org/slf4j/jcl-over-slf4j/1.7.30/jcl-over-slf4j-1.7.30.jar (17 kB at 19 kB/s)
Downloading from central: https://repo.maven.apache.org/maven2/com/github/docker-java/docker-java-transport/3.3.4/docker-java-transport-3.3.4.jar
Progress (2): 0.8/1.1 MB | 0.8/8.4 MB
Progress (2): 0.8/1.1 MB | 0.8/8.4 MB
Progress (2): 0.8/1.1 MB | 0.8/8.4 MB
Progress (2): 0.8/1.1 MB | 0.8/8.4 MB
Progress (2): 0.8/1.1 MB | 0.8/8.4 MB
Progress (2): 0.8/1.1 MB | 0.8/8.4 MB
Progress (2): 0.9/1.1 MB | 0.8/8.4 MB
Progress (2): 0.9/1.1 MB | 0.8/8.4 MB
Progress (2): 0.9/1.1 MB | 0.8/8.4 MB
Progress (2): 0.9/1.1 MB | 0.8/8.4 MB
Progress (2): 0.9/1.1 MB | 0.8/8.4 MB
Progress (2): 0.9/1.1 MB | 0.8/8.4 MB
Progress (2): 0.9/1.1 MB | 0.8/8.4 MB
Progress (2): 0.9/1.1 MB | 0.8/8.4 MB
Progress (2): 1.0/1.1 MB | 0.8/8.4 MB
Progress (2): 1.0/1.1 MB | 0.8/8.4 MB
Progress (2): 1.0/1.1 MB | 0.8/8.4 MB
Progress (2): 1.0/1.1 MB | 0.9/8.4 MB
Progress (2): 1.0/1.1 MB | 0.9/8.4 MB
Progress (2): 1.0/1.1 MB | 0.9/8.4 MB
Progress (2): 1.0/1.1 MB | 0.9/8.4 MB
Progress (2): 1.0/1.1 MB | 0.9/8.4 MB
Progress (2): 1.0/1.1 MB | 0.9/8.4 MB
Progress (2): 1.0/1.1 MB | 0.9/8.4 MB
Progress (2): 1.0/1.1 MB | 0.9/8.4 MB
Progress (2): 1.0/1.1 MB | 0.9/8.4 MB
Progress (2): 1.1/1.1 MB | 0.9/8.4 MB
Progress (2): 1.1/1.1 MB | 0.9/8.4 MB
Progress (2): 1.1/1.1 MB | 0.9/8.4 MB
Progress (2): 1.1/1.1 MB | 0.9/8.4 MB
Progress (2): 1.1/1.1 MB | 1.0/8.4 MB
Progress (2): 1.1/1.1 MB | 1.0/8.4 MB
Progress (2): 1.1/1.1 MB | 1.0/8.4 MB
Progress (2): 1.1/1.1 MB | 1.0/8.4 MB
Progress (2): 1.1/1.1 MB | 1.0/8.4 MB
Progress (2): 1.1/1.1 MB | 1.0/8.4 MB
Progress (2): 1.1/1.1 MB | 1.1/8.4 MB
Progress (2): 1.1/1.1 MB | 1.1/8.4 MB
Progress (2): 1.1/1.1 MB | 1.1/8.4 MB
Progress (2): 1.1/1.1 MB | 1.1/8.4 MB
Progress (2): 1.1/1.1 MB | 1.1/8.4 MB
Progress (3): 1.1/1.1 MB | 1.1/8.4 MB | 7.7/18 kB
Progress (3): 1.1/1.1 MB | 1.1/8.4 MB | 11/18 kB 
Progress (3): 1.1/1.1 MB | 1.1/8.4 MB | 18 kB   
                                             
Downloaded from central: https://repo.maven.apache.org/maven2/com/github/docker-java/docker-java-transport-httpclient5/3.3.4/docker-java-transport-httpclient5-3.3.4.jar (18 kB at 20 kB/s)
Downloading from central: https://repo.maven.apache.org/maven2/net/java/dev/jna/jna/5.13.0/jna-5.13.0.jar
Progress (2): 1.1/1.1 MB | 1.1/8.4 MB
Progress (2): 1.1/1.1 MB | 1.1/8.4 MB
Progress (2): 1.1 MB | 1.1/8.4 MB    
Progress (3): 1.1 MB | 1.1/8.4 MB | 3.2/677 kB
Progress (3): 1.1 MB | 1.1/8.4 MB | 20/677 kB 
Progress (3): 1.1 MB | 1.1/8.4 MB | 36/677 kB
Progress (3): 1.1 MB | 1.1/8.4 MB | 52/677 kB
Progress (3): 1.1 MB | 1.1/8.4 MB | 66/677 kB
Progress (3): 1.1 MB | 1.1/8.4 MB | 82/677 kB
Progress (3): 1.1 MB | 1.1/8.4 MB | 98/677 kB
Progress (3): 1.1 MB | 1.1/8.4 MB | 115/677 kB
Progress (3): 1.1 MB | 1.1/8.4 MB | 131/677 kB
Progress (3): 1.1 MB | 1.1/8.4 MB | 147/677 kB
Progress (3): 1.1 MB | 1.1/8.4 MB | 164/677 kB
Progress (3): 1.1 MB | 1.1/8.4 MB | 180/677 kB
Progress (3): 1.1 MB | 1.1/8.4 MB | 197/677 kB
Progress (3): 1.1 MB | 1.1/8.4 MB | 213/677 kB
Progress (3): 1.1 MB | 1.1/8.4 MB | 229/677 kB
Progress (3): 1.1 MB | 1.1/8.4 MB | 246/677 kB
Progress (3): 1.1 MB | 1.1/8.4 MB | 262/677 kB
Progress (3): 1.1 MB | 1.1/8.4 MB | 279/677 kB
Progress (3): 1.1 MB | 1.1/8.4 MB | 295/677 kB
Progress (3): 1.1 MB | 1.1/8.4 MB | 311/677 kB
Progress (3): 1.1 MB | 1.1/8.4 MB | 328/677 kB
Progress (3): 1.1 MB | 1.1/8.4 MB | 344/677 kB
Progress (3): 1.1 MB | 1.1/8.4 MB | 360/677 kB
Progress (3): 1.1 MB | 1.1/8.4 MB | 377/677 kB
Progress (3): 1.1 MB | 1.1/8.4 MB | 393/677 kB
Progress (3): 1.1 MB | 1.1/8.4 MB | 410/677 kB
Progress (3): 1.1 MB | 1.1/8.4 MB | 426/677 kB
Progress (3): 1.1 MB | 1.1/8.4 MB | 442/677 kB
Progress (3): 1.1 MB | 1.1/8.4 MB | 459/677 kB
Progress (3): 1.1 MB | 1.1/8.4 MB | 475/677 kB
Progress (3): 1.1 MB | 1.1/8.4 MB | 492/677 kB
Progress (3): 1.1 MB | 1.1/8.4 MB | 508/677 kB
Progress (3): 1.1 MB | 1.1/8.4 MB | 524/677 kB
Progress (3): 1.1 MB | 1.1/8.4 MB | 541/677 kB
Progress (3): 1.1 MB | 1.1/8.4 MB | 541/677 kB
Progress (3): 1.1 MB | 1.1/8.4 MB | 541/677 kB
Progress (3): 1.1 MB | 1.2/8.4 MB | 541/677 kB
Progress (3): 1.1 MB | 1.2/8.4 MB | 541/677 kB
Progress (3): 1.1 MB | 1.2/8.4 MB | 541/677 kB
Progress (3): 1.1 MB | 1.2/8.4 MB | 541/677 kB
Progress (3): 1.1 MB | 1.2/8.4 MB | 541/677 kB
Progress (3): 1.1 MB | 1.2/8.4 MB | 541/677 kB
Progress (3): 1.1 MB | 1.2/8.4 MB | 541/677 kB
Progress (3): 1.1 MB | 1.3/8.4 MB | 541/677 kB
Progress (3): 1.1 MB | 1.3/8.4 MB | 541/677 kB
Progress (3): 1.1 MB | 1.3/8.4 MB | 541/677 kB
Progress (3): 1.1 MB | 1.3/8.4 MB | 541/677 kB
Progress (3): 1.1 MB | 1.3/8.4 MB | 557/677 kB
Progress (3): 1.1 MB | 1.3/8.4 MB | 573/677 kB
Progress (3): 1.1 MB | 1.3/8.4 MB | 573/677 kB
Progress (3): 1.1 MB | 1.3/8.4 MB | 590/677 kB
Progress (3): 1.1 MB | 1.3/8.4 MB | 606/677 kB
Progress (3): 1.1 MB | 1.3/8.4 MB | 623/677 kB
Progress (3): 1.1 MB | 1.3/8.4 MB | 639/677 kB
Progress (3): 1.1 MB | 1.3/8.4 MB | 639/677 kB
Progress (3): 1.1 MB | 1.4/8.4 MB | 639/677 kB
Progress (3): 1.1 MB | 1.4/8.4 MB | 655/677 kB
Progress (3): 1.1 MB | 1.4/8.4 MB | 672/677 kB
Progress (3): 1.1 MB | 1.4/8.4 MB | 677 kB    
Progress (3): 1.1 MB | 1.4/8.4 MB | 677 kB
Progress (3): 1.1 MB | 1.4/8.4 MB | 677 kB
Progress (3): 1.1 MB | 1.4/8.4 MB | 677 kB
Progress (3): 1.1 MB | 1.4/8.4 MB | 677 kB
Progress (3): 1.1 MB | 1.4/8.4 MB | 677 kB
Progress (3): 1.1 MB | 1.5/8.4 MB | 677 kB
                                          
Downloaded from central: https://repo.maven.apache.org/maven2/org/bouncycastle/bcpkix-jdk18on/1.76/bcpkix-jdk18on-1.76.jar (1.1 MB at 1.2 MB/s)
Downloading from central: https://repo.maven.apache.org/maven2/org/brotli/dec/0.1.2/dec-0.1.2.jar
Downloaded from central: https://repo.maven.apache.org/maven2/org/bouncycastle/bcutil-jdk18on/1.76/bcutil-jdk18on-1.76.jar (677 kB at 743 kB/s)
Downloading from central: https://repo.maven.apache.org/maven2/org/apache/commons/commons-lang3/3.14.0/commons-lang3-3.14.0.jar
Progress (2): 1.5/8.4 MB | 7.7/38 kB
Progress (2): 1.5/8.4 MB | 16/38 kB 
Progress (2): 1.5/8.4 MB | 24/38 kB
Progress (2): 1.5/8.4 MB | 38 kB   
                                
Downloaded from central: https://repo.maven.apache.org/maven2/com/github/docker-java/docker-java-transport/3.3.4/docker-java-transport-3.3.4.jar (38 kB at 41 kB/s)
Downloading from central: https://repo.maven.apache.org/maven2/org/apache/commons/commons-compress/1.25.0/commons-compress-1.25.0.jar
Progress (1): 1.5/8.4 MB
Progress (1): 1.5/8.4 MB
Progress (1): 1.5/8.4 MB
Progress (1): 1.5/8.4 MB
Progress (1): 1.5/8.4 MB
Progress (1): 1.6/8.4 MB
Progress (1): 1.6/8.4 MB
Progress (1): 1.6/8.4 MB
Progress (1): 1.6/8.4 MB
Progress (1): 1.6/8.4 MB
Progress (1): 1.6/8.4 MB
Progress (1): 1.6/8.4 MB
Progress (1): 1.7/8.4 MB
Progress (1): 1.7/8.4 MB
Progress (1): 1.7/8.4 MB
Progress (1): 1.7/8.4 MB
Progress (1): 1.7/8.4 MB
Progress (1): 1.7/8.4 MB
Progress (1): 1.8/8.4 MB
Progress (1): 1.8/8.4 MB
Progress (1): 1.8/8.4 MB
Progress (1): 1.8/8.4 MB
Progress (1): 1.8/8.4 MB
Progress (1): 1.8/8.4 MB
Progress (1): 1.9/8.4 MB
Progress (1): 1.9/8.4 MB
Progress (1): 1.9/8.4 MB
Progress (1): 1.9/8.4 MB
Progress (1): 1.9/8.4 MB
Progress (1): 1.9/8.4 MB
Progress (1): 2.0/8.4 MB
Progress (1): 2.0/8.4 MB
Progress (1): 2.0/8.4 MB
Progress (1): 2.0/8.4 MB
Progress (2): 2.0/8.4 MB | 0/1.9 MB
Progress (2): 2.0/8.4 MB | 0/1.9 MB
Progress (2): 2.0/8.4 MB | 0/1.9 MB
Progress (2): 2.0/8.4 MB | 0/1.9 MB
Progress (2): 2.0/8.4 MB | 0.1/1.9 MB
Progress (2): 2.0/8.4 MB | 0.1/1.9 MB
Progress (2): 2.0/8.4 MB | 0.1/1.9 MB
Progress (2): 2.0/8.4 MB | 0.1/1.9 MB
Progress (2): 2.0/8.4 MB | 0.1/1.9 MB
Progress (2): 2.0/8.4 MB | 0.1/1.9 MB
Progress (2): 2.0/8.4 MB | 0.1/1.9 MB
Progress (2): 2.1/8.4 MB | 0.1/1.9 MB
Progress (2): 2.1/8.4 MB | 0.1/1.9 MB
Progress (2): 2.1/8.4 MB | 0.1/1.9 MB
Progress (2): 2.1/8.4 MB | 0.1/1.9 MB
Progress (2): 2.1/8.4 MB | 0.2/1.9 MB
Progress (2): 2.1/8.4 MB | 0.2/1.9 MB
Progress (2): 2.1/8.4 MB | 0.2/1.9 MB
Progress (2): 2.1/8.4 MB | 0.2/1.9 MB
Progress (2): 2.2/8.4 MB | 0.2/1.9 MB
Progress (2): 2.2/8.4 MB | 0.2/1.9 MB
Progress (2): 2.2/8.4 MB | 0.2/1.9 MB
Progress (2): 2.2/8.4 MB | 0.2/1.9 MB
Progress (2): 2.2/8.4 MB | 0.2/1.9 MB
Progress (2): 2.2/8.4 MB | 0.2/1.9 MB
Progress (2): 2.2/8.4 MB | 0.2/1.9 MB
Progress (2): 2.3/8.4 MB | 0.2/1.9 MB
Progress (2): 2.3/8.4 MB | 0.2/1.9 MB
Progress (2): 2.3/8.4 MB | 0.2/1.9 MB
Progress (2): 2.3/8.4 MB | 0.2/1.9 MB
Progress (2): 2.3/8.4 MB | 0.2/1.9 MB
Progress (2): 2.3/8.4 MB | 0.2/1.9 MB
Progress (2): 2.3/8.4 MB | 0.2/1.9 MB
Progress (2): 2.4/8.4 MB | 0.2/1.9 MB
Progress (2): 2.4/8.4 MB | 0.2/1.9 MB
Progress (2): 2.4/8.4 MB | 0.2/1.9 MB
Progress (2): 2.4/8.4 MB | 0.2/1.9 MB
Progress (2): 2.4/8.4 MB | 0.2/1.9 MB
Progress (2): 2.4/8.4 MB | 0.2/1.9 MB
Progress (2): 2.4/8.4 MB | 0.2/1.9 MB
Progress (2): 2.4/8.4 MB | 0.2/1.9 MB
Progress (2): 2.4/8.4 MB | 0.2/1.9 MB
Progress (2): 2.5/8.4 MB | 0.2/1.9 MB
Progress (2): 2.5/8.4 MB | 0.2/1.9 MB
Progress (2): 2.5/8.4 MB | 0.2/1.9 MB
Progress (2): 2.5/8.4 MB | 0.2/1.9 MB
Progress (2): 2.5/8.4 MB | 0.2/1.9 MB
Progress (2): 2.5/8.4 MB | 0.2/1.9 MB
Progress (2): 2.5/8.4 MB | 0.2/1.9 MB
Progress (2): 2.5/8.4 MB | 0.3/1.9 MB
Progress (2): 2.5/8.4 MB | 0.3/1.9 MB
Progress (2): 2.5/8.4 MB | 0.3/1.9 MB
Progress (2): 2.6/8.4 MB | 0.3/1.9 MB
Progress (2): 2.6/8.4 MB | 0.3/1.9 MB
Progress (2): 2.6/8.4 MB | 0.3/1.9 MB
Progress (2): 2.6/8.4 MB | 0.3/1.9 MB
Progress (2): 2.6/8.4 MB | 0.3/1.9 MB
Progress (2): 2.6/8.4 MB | 0.3/1.9 MB
Progress (2): 2.6/8.4 MB | 0.3/1.9 MB
Progress (2): 2.6/8.4 MB | 0.3/1.9 MB
Progress (2): 2.6/8.4 MB | 0.3/1.9 MB
Progress (2): 2.6/8.4 MB | 0.4/1.9 MB
Progress (2): 2.6/8.4 MB | 0.4/1.9 MB
Progress (2): 2.6/8.4 MB | 0.4/1.9 MB
Progress (2): 2.7/8.4 MB | 0.4/1.9 MB
Progress (2): 2.7/8.4 MB | 0.4/1.9 MB
Progress (2): 2.7/8.4 MB | 0.4/1.9 MB
Progress (2): 2.7/8.4 MB | 0.4/1.9 MB
Progress (2): 2.7/8.4 MB | 0.4/1.9 MB
Progress (2): 2.7/8.4 MB | 0.4/1.9 MB
Progress (2): 2.7/8.4 MB | 0.4/1.9 MB
Progress (2): 2.7/8.4 MB | 0.4/1.9 MB
Progress (2): 2.7/8.4 MB | 0.5/1.9 MB
Progress (2): 2.7/8.4 MB | 0.5/1.9 MB
Progress (2): 2.7/8.4 MB | 0.5/1.9 MB
Progress (2): 2.7/8.4 MB | 0.5/1.9 MB
Progress (2): 2.7/8.4 MB | 0.5/1.9 MB
Progress (2): 2.8/8.4 MB | 0.5/1.9 MB
Progress (2): 2.8/8.4 MB | 0.5/1.9 MB
Progress (2): 2.8/8.4 MB | 0.5/1.9 MB
Progress (2): 2.8/8.4 MB | 0.5/1.9 MB
Progress (2): 2.8/8.4 MB | 0.5/1.9 MB
Progress (2): 2.8/8.4 MB | 0.5/1.9 MB
Progress (2): 2.8/8.4 MB | 0.6/1.9 MB
Progress (2): 2.8/8.4 MB | 0.6/1.9 MB
Progress (2): 2.8/8.4 MB | 0.6/1.9 MB
Progress (2): 2.8/8.4 MB | 0.6/1.9 MB
Progress (2): 2.8/8.4 MB | 0.6/1.9 MB
Progress (2): 2.8/8.4 MB | 0.6/1.9 MB
Progress (2): 2.8/8.4 MB | 0.6/1.9 MB
Progress (2): 2.8/8.4 MB | 0.6/1.9 MB
Progress (2): 2.8/8.4 MB | 0.6/1.9 MB
Progress (2): 2.9/8.4 MB | 0.6/1.9 MB
Progress (2): 2.9/8.4 MB | 0.6/1.9 MB
Progress (2): 2.9/8.4 MB | 0.6/1.9 MB
Progress (2): 2.9/8.4 MB | 0.6/1.9 MB
Progress (2): 2.9/8.4 MB | 0.7/1.9 MB
Progress (2): 2.9/8.4 MB | 0.7/1.9 MB
Progress (2): 2.9/8.4 MB | 0.7/1.9 MB
Progress (2): 2.9/8.4 MB | 0.7/1.9 MB
Progress (2): 2.9/8.4 MB | 0.7/1.9 MB
Progress (2): 2.9/8.4 MB | 0.7/1.9 MB
Progress (2): 3.0/8.4 MB | 0.7/1.9 MB
Progress (2): 3.0/8.4 MB | 0.7/1.9 MB
Progress (2): 3.0/8.4 MB | 0.7/1.9 MB
Progress (2): 3.0/8.4 MB | 0.7/1.9 MB
Progress (2): 3.0/8.4 MB | 0.7/1.9 MB
Progress (2): 3.0/8.4 MB | 0.7/1.9 MB
Progress (2): 3.0/8.4 MB | 0.7/1.9 MB
Progress (2): 3.0/8.4 MB | 0.7/1.9 MB
Progress (2): 3.0/8.4 MB | 0.7/1.9 MB
Progress (2): 3.0/8.4 MB | 0.7/1.9 MB
Progress (2): 3.0/8.4 MB | 0.8/1.9 MB
Progress (2): 3.1/8.4 MB | 0.8/1.9 MB
Progress (2): 3.1/8.4 MB | 0.8/1.9 MB
Progress (2): 3.1/8.4 MB | 0.8/1.9 MB
Progress (2): 3.1/8.4 MB | 0.8/1.9 MB
Progress (2): 3.1/8.4 MB | 0.8/1.9 MB
Progress (2): 3.1/8.4 MB | 0.8/1.9 MB
Progress (2): 3.1/8.4 MB | 0.8/1.9 MB
Progress (2): 3.1/8.4 MB | 0.8/1.9 MB
Progress (2): 3.1/8.4 MB | 0.8/1.9 MB
Progress (2): 3.2/8.4 MB | 0.8/1.9 MB
Progress (2): 3.2/8.4 MB | 0.8/1.9 MB
Progress (2): 3.2/8.4 MB | 0.8/1.9 MB
Progress (2): 3.2/8.4 MB | 0.8/1.9 MB
Progress (2): 3.2/8.4 MB | 0.8/1.9 MB
Progress (2): 3.2/8.4 MB | 0.8/1.9 MB
Progress (2): 3.2/8.4 MB | 0.9/1.9 MB
Progress (2): 3.2/8.4 MB | 0.9/1.9 MB
Progress (2): 3.2/8.4 MB | 0.9/1.9 MB
Progress (2): 3.2/8.4 MB | 0.9/1.9 MB
Progress (2): 3.3/8.4 MB | 0.9/1.9 MB
Progress (2): 3.3/8.4 MB | 0.9/1.9 MB
Progress (2): 3.3/8.4 MB | 0.9/1.9 MB
Progress (2): 3.3/8.4 MB | 0.9/1.9 MB
Progress (2): 3.3/8.4 MB | 0.9/1.9 MB
Progress (2): 3.3/8.4 MB | 0.9/1.9 MB
Progress (2): 3.3/8.4 MB | 0.9/1.9 MB
Progress (2): 3.3/8.4 MB | 1.0/1.9 MB
Progress (2): 3.3/8.4 MB | 1.0/1.9 MB
Progress (2): 3.3/8.4 MB | 1.0/1.9 MB
Progress (2): 3.3/8.4 MB | 1.0/1.9 MB
Progress (2): 3.3/8.4 MB | 1.0/1.9 MB
Progress (2): 3.3/8.4 MB | 1.0/1.9 MB
Progress (2): 3.3/8.4 MB | 1.0/1.9 MB
Progress (2): 3.4/8.4 MB | 1.0/1.9 MB
Progress (2): 3.4/8.4 MB | 1.0/1.9 MB
Progress (2): 3.4/8.4 MB | 1.0/1.9 MB
Progress (2): 3.4/8.4 MB | 1.0/1.9 MB
Progress (2): 3.4/8.4 MB | 1.0/1.9 MB
Progress (2): 3.4/8.4 MB | 1.0/1.9 MB
Progress (2): 3.4/8.4 MB | 1.0/1.9 MB
Progress (2): 3.4/8.4 MB | 1.0/1.9 MB
Progress (2): 3.4/8.4 MB | 1.1/1.9 MB
Progress (2): 3.4/8.4 MB | 1.1/1.9 MB
Progress (2): 3.4/8.4 MB | 1.1/1.9 MB
Progress (2): 3.5/8.4 MB | 1.1/1.9 MB
Progress (2): 3.5/8.4 MB | 1.1/1.9 MB
Progress (2): 3.5/8.4 MB | 1.1/1.9 MB
Progress (2): 3.5/8.4 MB | 1.1/1.9 MB
Progress (2): 3.5/8.4 MB | 1.1/1.9 MB
Progress (2): 3.5/8.4 MB | 1.1/1.9 MB
Progress (2): 3.5/8.4 MB | 1.1/1.9 MB
Progress (2): 3.5/8.4 MB | 1.1/1.9 MB
Progress (2): 3.5/8.4 MB | 1.1/1.9 MB
Progress (3): 3.5/8.4 MB | 1.1/1.9 MB | 7.7/658 kB
Progress (3): 3.5/8.4 MB | 1.1/1.9 MB | 7.7/658 kB
Progress (3): 3.5/8.4 MB | 1.1/1.9 MB | 7.7/658 kB
Progress (3): 3.6/8.4 MB | 1.1/1.9 MB | 7.7/658 kB
Progress (4): 3.6/8.4 MB | 1.1/1.9 MB | 7.7/658 kB | 0/1.1 MB
Progress (4): 3.6/8.4 MB | 1.1/1.9 MB | 7.7/658 kB | 0/1.1 MB
Progress (4): 3.6/8.4 MB | 1.1/1.9 MB | 7.7/658 kB | 0/1.1 MB
Progress (4): 3.6/8.4 MB | 1.1/1.9 MB | 7.7/658 kB | 0/1.1 MB
Progress (4): 3.6/8.4 MB | 1.1/1.9 MB | 7.7/658 kB | 0/1.1 MB
Progress (4): 3.6/8.4 MB | 1.1/1.9 MB | 7.7/658 kB | 0/1.1 MB
Progress (4): 3.6/8.4 MB | 1.1/1.9 MB | 7.7/658 kB | 0/1.1 MB
Progress (4): 3.6/8.4 MB | 1.1/1.9 MB | 7.7/658 kB | 0/1.1 MB
Progress (4): 3.6/8.4 MB | 1.1/1.9 MB | 7.7/658 kB | 0/1.1 MB
Progress (4): 3.6/8.4 MB | 1.2/1.9 MB | 7.7/658 kB | 0/1.1 MB
Progress (4): 3.6/8.4 MB | 1.2/1.9 MB | 7.7/658 kB | 0/1.1 MB
Progress (4): 3.6/8.4 MB | 1.2/1.9 MB | 7.7/658 kB | 0/1.1 MB
Progress (4): 3.7/8.4 MB | 1.2/1.9 MB | 7.7/658 kB | 0/1.1 MB
Progress (4): 3.7/8.4 MB | 1.2/1.9 MB | 7.7/658 kB | 0/1.1 MB
Progress (4): 3.7/8.4 MB | 1.2/1.9 MB | 7.7/658 kB | 0/1.1 MB
Progress (4): 3.7/8.4 MB | 1.2/1.9 MB | 7.7/658 kB | 0/1.1 MB
Progress (4): 3.7/8.4 MB | 1.2/1.9 MB | 7.7/658 kB | 0/1.1 MB
Progress (4): 3.7/8.4 MB | 1.2/1.9 MB | 7.7/658 kB | 0/1.1 MB
Progress (4): 3.7/8.4 MB | 1.2/1.9 MB | 7.7/658 kB | 0/1.1 MB
Progress (4): 3.7/8.4 MB | 1.2/1.9 MB | 7.7/658 kB | 0/1.1 MB
Progress (4): 3.7/8.4 MB | 1.2/1.9 MB | 7.7/658 kB | 0/1.1 MB
Progress (4): 3.7/8.4 MB | 1.2/1.9 MB | 7.7/658 kB | 0/1.1 MB
Progress (4): 3.8/8.4 MB | 1.2/1.9 MB | 7.7/658 kB | 0/1.1 MB
Progress (4): 3.8/8.4 MB | 1.3/1.9 MB | 7.7/658 kB | 0/1.1 MB
Progress (4): 3.8/8.4 MB | 1.3/1.9 MB | 7.7/658 kB | 0/1.1 MB
Progress (4): 3.8/8.4 MB | 1.3/1.9 MB | 7.7/658 kB | 0/1.1 MB
Progress (4): 3.8/8.4 MB | 1.3/1.9 MB | 7.7/658 kB | 0/1.1 MB
Progress (4): 3.8/8.4 MB | 1.3/1.9 MB | 7.7/658 kB | 0/1.1 MB
Progress (4): 3.8/8.4 MB | 1.3/1.9 MB | 7.7/658 kB | 0/1.1 MB
Progress (4): 3.8/8.4 MB | 1.3/1.9 MB | 7.7/658 kB | 0/1.1 MB
Progress (4): 3.8/8.4 MB | 1.3/1.9 MB | 7.7/658 kB | 0/1.1 MB
Progress (4): 3.8/8.4 MB | 1.3/1.9 MB | 7.7/658 kB | 0/1.1 MB
Progress (4): 3.8/8.4 MB | 1.4/1.9 MB | 7.7/658 kB | 0/1.1 MB
Progress (4): 3.8/8.4 MB | 1.4/1.9 MB | 7.7/658 kB | 0/1.1 MB
Progress (4): 3.8/8.4 MB | 1.4/1.9 MB | 7.7/658 kB | 0/1.1 MB
Progress (4): 3.8/8.4 MB | 1.4/1.9 MB | 7.7/658 kB | 0/1.1 MB
Progress (4): 3.9/8.4 MB | 1.4/1.9 MB | 7.7/658 kB | 0/1.1 MB
Progress (4): 3.9/8.4 MB | 1.4/1.9 MB | 7.7/658 kB | 0/1.1 MB
Progress (4): 3.9/8.4 MB | 1.4/1.9 MB | 7.7/658 kB | 0/1.1 MB
Progress (4): 3.9/8.4 MB | 1.4/1.9 MB | 7.7/658 kB | 0/1.1 MB
Progress (4): 3.9/8.4 MB | 1.4/1.9 MB | 24/658 kB | 0/1.1 MB 
Progress (4): 3.9/8.4 MB | 1.4/1.9 MB | 24/658 kB | 0/1.1 MB
Progress (4): 3.9/8.4 MB | 1.4/1.9 MB | 24/658 kB | 0/1.1 MB
Progress (4): 3.9/8.4 MB | 1.4/1.9 MB | 24/658 kB | 0/1.1 MB
Progress (4): 3.9/8.4 MB | 1.4/1.9 MB | 24/658 kB | 0/1.1 MB
Progress (4): 3.9/8.4 MB | 1.4/1.9 MB | 24/658 kB | 0/1.1 MB
Progress (4): 3.9/8.4 MB | 1.4/1.9 MB | 24/658 kB | 0/1.1 MB
Progress (4): 3.9/8.4 MB | 1.5/1.9 MB | 24/658 kB | 0/1.1 MB
Progress (4): 4.0/8.4 MB | 1.5/1.9 MB | 24/658 kB | 0/1.1 MB
Progress (4): 4.0/8.4 MB | 1.5/1.9 MB | 24/658 kB | 0/1.1 MB
Progress (4): 4.0/8.4 MB | 1.5/1.9 MB | 24/658 kB | 0/1.1 MB
Progress (4): 4.0/8.4 MB | 1.5/1.9 MB | 24/658 kB | 0/1.1 MB
Progress (4): 4.0/8.4 MB | 1.5/1.9 MB | 24/658 kB | 0/1.1 MB
Progress (4): 4.0/8.4 MB | 1.5/1.9 MB | 24/658 kB | 0/1.1 MB
Progress (4): 4.0/8.4 MB | 1.5/1.9 MB | 40/658 kB | 0/1.1 MB
Progress (4): 4.1/8.4 MB | 1.5/1.9 MB | 40/658 kB | 0/1.1 MB
Progress (4): 4.1/8.4 MB | 1.5/1.9 MB | 57/658 kB | 0/1.1 MB
Progress (4): 4.1/8.4 MB | 1.5/1.9 MB | 57/658 kB | 0/1.1 MB
Progress (4): 4.1/8.4 MB | 1.5/1.9 MB | 57/658 kB | 0.1/1.1 MB
Progress (4): 4.1/8.4 MB | 1.5/1.9 MB | 57/658 kB | 0.1/1.1 MB
Progress (4): 4.1/8.4 MB | 1.5/1.9 MB | 57/658 kB | 0.1/1.1 MB
Progress (4): 4.1/8.4 MB | 1.5/1.9 MB | 57/658 kB | 0.1/1.1 MB
Progress (4): 4.1/8.4 MB | 1.5/1.9 MB | 57/658 kB | 0.1/1.1 MB
Progress (4): 4.1/8.4 MB | 1.5/1.9 MB | 57/658 kB | 0.1/1.1 MB
Progress (4): 4.1/8.4 MB | 1.5/1.9 MB | 57/658 kB | 0.1/1.1 MB
Progress (4): 4.1/8.4 MB | 1.5/1.9 MB | 57/658 kB | 0.1/1.1 MB
Progress (4): 4.1/8.4 MB | 1.5/1.9 MB | 57/658 kB | 0.1/1.1 MB
Progress (4): 4.1/8.4 MB | 1.5/1.9 MB | 57/658 kB | 0.1/1.1 MB
Progress (4): 4.2/8.4 MB | 1.5/1.9 MB | 57/658 kB | 0.1/1.1 MB
Progress (4): 4.2/8.4 MB | 1.5/1.9 MB | 57/658 kB | 0.1/1.1 MB
Progress (4): 4.2/8.4 MB | 1.5/1.9 MB | 57/658 kB | 0.1/1.1 MB
Progress (4): 4.2/8.4 MB | 1.5/1.9 MB | 57/658 kB | 0.1/1.1 MB
Progress (4): 4.2/8.4 MB | 1.5/1.9 MB | 57/658 kB | 0.1/1.1 MB
Progress (4): 4.2/8.4 MB | 1.5/1.9 MB | 57/658 kB | 0.1/1.1 MB
Progress (4): 4.2/8.4 MB | 1.5/1.9 MB | 57/658 kB | 0.1/1.1 MB
Progress (4): 4.2/8.4 MB | 1.5/1.9 MB | 57/658 kB | 0.1/1.1 MB
Progress (4): 4.2/8.4 MB | 1.5/1.9 MB | 57/658 kB | 0.1/1.1 MB
Progress (4): 4.2/8.4 MB | 1.5/1.9 MB | 57/658 kB | 0.1/1.1 MB
Progress (4): 4.3/8.4 MB | 1.5/1.9 MB | 57/658 kB | 0.1/1.1 MB
Progress (4): 4.3/8.4 MB | 1.5/1.9 MB | 57/658 kB | 0.1/1.1 MB
Progress (4): 4.3/8.4 MB | 1.6/1.9 MB | 57/658 kB | 0.1/1.1 MB
Progress (4): 4.3/8.4 MB | 1.6/1.9 MB | 57/658 kB | 0.1/1.1 MB
Progress (4): 4.3/8.4 MB | 1.6/1.9 MB | 57/658 kB | 0.1/1.1 MB
Progress (4): 4.3/8.4 MB | 1.6/1.9 MB | 57/658 kB | 0.1/1.1 MB
Progress (4): 4.3/8.4 MB | 1.6/1.9 MB | 57/658 kB | 0.1/1.1 MB
Progress (4): 4.3/8.4 MB | 1.6/1.9 MB | 57/658 kB | 0.1/1.1 MB
Progress (4): 4.3/8.4 MB | 1.6/1.9 MB | 57/658 kB | 0.1/1.1 MB
Progress (4): 4.3/8.4 MB | 1.6/1.9 MB | 57/658 kB | 0.1/1.1 MB
Progress (4): 4.3/8.4 MB | 1.6/1.9 MB | 57/658 kB | 0.1/1.1 MB
Progress (4): 4.3/8.4 MB | 1.6/1.9 MB | 57/658 kB | 0.1/1.1 MB
Progress (4): 4.3/8.4 MB | 1.7/1.9 MB | 57/658 kB | 0.1/1.1 MB
Progress (4): 4.3/8.4 MB | 1.7/1.9 MB | 57/658 kB | 0.1/1.1 MB
Progress (4): 4.3/8.4 MB | 1.7/1.9 MB | 57/658 kB | 0.1/1.1 MB
Progress (4): 4.4/8.4 MB | 1.7/1.9 MB | 57/658 kB | 0.1/1.1 MB
Progress (4): 4.4/8.4 MB | 1.7/1.9 MB | 57/658 kB | 0.1/1.1 MB
Progress (4): 4.4/8.4 MB | 1.7/1.9 MB | 57/658 kB | 0.1/1.1 MB
Progress (4): 4.4/8.4 MB | 1.7/1.9 MB | 57/658 kB | 0.1/1.1 MB
Progress (4): 4.4/8.4 MB | 1.7/1.9 MB | 57/658 kB | 0.1/1.1 MB
Progress (4): 4.4/8.4 MB | 1.7/1.9 MB | 57/658 kB | 0.1/1.1 MB
Progress (4): 4.4/8.4 MB | 1.7/1.9 MB | 57/658 kB | 0.1/1.1 MB
Progress (4): 4.4/8.4 MB | 1.7/1.9 MB | 57/658 kB | 0.1/1.1 MB
Progress (4): 4.4/8.4 MB | 1.7/1.9 MB | 57/658 kB | 0.1/1.1 MB
Progress (4): 4.4/8.4 MB | 1.7/1.9 MB | 57/658 kB | 0.1/1.1 MB
Progress (4): 4.4/8.4 MB | 1.8/1.9 MB | 57/658 kB | 0.1/1.1 MB
Progress (4): 4.5/8.4 MB | 1.8/1.9 MB | 57/658 kB | 0.1/1.1 MB
Progress (4): 4.5/8.4 MB | 1.8/1.9 MB | 57/658 kB | 0.1/1.1 MB
Progress (4): 4.5/8.4 MB | 1.8/1.9 MB | 57/658 kB | 0.1/1.1 MB
Progress (4): 4.5/8.4 MB | 1.8/1.9 MB | 57/658 kB | 0.1/1.1 MB
Progress (4): 4.5/8.4 MB | 1.8/1.9 MB | 57/658 kB | 0.1/1.1 MB
Progress (4): 4.5/8.4 MB | 1.8/1.9 MB | 57/658 kB | 0.1/1.1 MB
Progress (4): 4.5/8.4 MB | 1.8/1.9 MB | 57/658 kB | 0.1/1.1 MB
Progress (4): 4.5/8.4 MB | 1.8/1.9 MB | 57/658 kB | 0.1/1.1 MB
Progress (4): 4.5/8.4 MB | 1.8/1.9 MB | 57/658 kB | 0.1/1.1 MB
Progress (4): 4.5/8.4 MB | 1.8/1.9 MB | 57/658 kB | 0.1/1.1 MB
Progress (4): 4.5/8.4 MB | 1.8/1.9 MB | 57/658 kB | 0.1/1.1 MB
Progress (4): 4.5/8.4 MB | 1.9/1.9 MB | 57/658 kB | 0.1/1.1 MB
Progress (4): 4.5/8.4 MB | 1.9/1.9 MB | 57/658 kB | 0.1/1.1 MB
Progress (4): 4.5/8.4 MB | 1.9/1.9 MB | 57/658 kB | 0.1/1.1 MB
Progress (4): 4.5/8.4 MB | 1.9 MB | 57/658 kB | 0.1/1.1 MB    
Progress (4): 4.6/8.4 MB | 1.9 MB | 57/658 kB | 0.1/1.1 MB
Progress (4): 4.6/8.4 MB | 1.9 MB | 57/658 kB | 0.1/1.1 MB
Progress (4): 4.6/8.4 MB | 1.9 MB | 57/658 kB | 0.1/1.1 MB
Progress (4): 4.6/8.4 MB | 1.9 MB | 57/658 kB | 0.1/1.1 MB
Progress (4): 4.6/8.4 MB | 1.9 MB | 57/658 kB | 0.1/1.1 MB
                                                          
Downloaded from central: https://repo.maven.apache.org/maven2/net/java/dev/jna/jna/5.13.0/jna-5.13.0.jar (1.9 MB at 1.9 MB/s)
Progress (3): 4.6/8.4 MB | 57/658 kB | 0.1/1.1 MB
Progress (3): 4.7/8.4 MB | 57/658 kB | 0.1/1.1 MB
Progress (3): 4.7/8.4 MB | 57/658 kB | 0.1/1.1 MB
Progress (3): 4.7/8.4 MB | 57/658 kB | 0.2/1.1 MB
Progress (3): 4.7/8.4 MB | 57/658 kB | 0.2/1.1 MB
Progress (3): 4.7/8.4 MB | 57/658 kB | 0.2/1.1 MB
Progress (3): 4.7/8.4 MB | 73/658 kB | 0.2/1.1 MB
Progress (3): 4.7/8.4 MB | 73/658 kB | 0.2/1.1 MB
Progress (3): 4.7/8.4 MB | 73/658 kB | 0.2/1.1 MB
Progress (3): 4.7/8.4 MB | 90/658 kB | 0.2/1.1 MB
Progress (3): 4.7/8.4 MB | 90/658 kB | 0.2/1.1 MB
Progress (3): 4.7/8.4 MB | 90/658 kB | 0.2/1.1 MB
Progress (3): 4.8/8.4 MB | 90/658 kB | 0.2/1.1 MB
Progress (3): 4.8/8.4 MB | 90/658 kB | 0.2/1.1 MB
Progress (3): 4.8/8.4 MB | 90/658 kB | 0.2/1.1 MB
Progress (3): 4.8/8.4 MB | 90/658 kB | 0.2/1.1 MB
                                                 
Downloading from central: https://repo.maven.apache.org/maven2/org/apache/httpcomponents/client5/httpclient5/5.2.1/httpclient5-5.2.1.jar
Progress (3): 4.8/8.4 MB | 90/658 kB | 0.2/1.1 MB
Progress (3): 4.8/8.4 MB | 90/658 kB | 0.2/1.1 MB
Progress (3): 4.8/8.4 MB | 90/658 kB | 0.2/1.1 MB
Progress (3): 4.8/8.4 MB | 90/658 kB | 0.2/1.1 MB
Progress (3): 4.9/8.4 MB | 90/658 kB | 0.2/1.1 MB
Progress (3): 4.9/8.4 MB | 90/658 kB | 0.2/1.1 MB
Progress (3): 4.9/8.4 MB | 90/658 kB | 0.2/1.1 MB
Progress (3): 4.9/8.4 MB | 90/658 kB | 0.2/1.1 MB
Progress (3): 4.9/8.4 MB | 90/658 kB | 0.2/1.1 MB
Progress (3): 4.9/8.4 MB | 90/658 kB | 0.2/1.1 MB
Progress (3): 4.9/8.4 MB | 90/658 kB | 0.2/1.1 MB
Progress (3): 5.0/8.4 MB | 90/658 kB | 0.2/1.1 MB
Progress (3): 5.0/8.4 MB | 90/658 kB | 0.3/1.1 MB
Progress (3): 5.0/8.4 MB | 90/658 kB | 0.3/1.1 MB
Progress (3): 5.0/8.4 MB | 90/658 kB | 0.3/1.1 MB
Progress (3): 5.0/8.4 MB | 90/658 kB | 0.3/1.1 MB
Progress (3): 5.0/8.4 MB | 90/658 kB | 0.3/1.1 MB
Progress (3): 5.0/8.4 MB | 90/658 kB | 0.3/1.1 MB
Progress (3): 5.1/8.4 MB | 90/658 kB | 0.3/1.1 MB
Progress (3): 5.1/8.4 MB | 90/658 kB | 0.3/1.1 MB
Progress (3): 5.1/8.4 MB | 90/658 kB | 0.3/1.1 MB
Progress (3): 5.1/8.4 MB | 90/658 kB | 0.3/1.1 MB
Progress (3): 5.1/8.4 MB | 90/658 kB | 0.3/1.1 MB
Progress (3): 5.1/8.4 MB | 90/658 kB | 0.3/1.1 MB
Progress (3): 5.1/8.4 MB | 90/658 kB | 0.3/1.1 MB
Progress (3): 5.2/8.4 MB | 90/658 kB | 0.3/1.1 MB
Progress (3): 5.2/8.4 MB | 90/658 kB | 0.3/1.1 MB
Progress (3): 5.2/8.4 MB | 90/658 kB | 0.3/1.1 MB
Progress (3): 5.2/8.4 MB | 90/658 kB | 0.3/1.1 MB
Progress (3): 5.2/8.4 MB | 90/658 kB | 0.3/1.1 MB
Progress (3): 5.2/8.4 MB | 90/658 kB | 0.3/1.1 MB
Progress (3): 5.2/8.4 MB | 90/658 kB | 0.3/1.1 MB
Progress (3): 5.3/8.4 MB | 90/658 kB | 0.3/1.1 MB
Progress (3): 5.3/8.4 MB | 90/658 kB | 0.3/1.1 MB
Progress (3): 5.3/8.4 MB | 90/658 kB | 0.3/1.1 MB
Progress (3): 5.3/8.4 MB | 90/658 kB | 0.3/1.1 MB
Progress (3): 5.3/8.4 MB | 90/658 kB | 0.3/1.1 MB
Progress (3): 5.3/8.4 MB | 90/658 kB | 0.3/1.1 MB
Progress (3): 5.3/8.4 MB | 90/658 kB | 0.3/1.1 MB
Progress (3): 5.4/8.4 MB | 90/658 kB | 0.3/1.1 MB
Progress (3): 5.4/8.4 MB | 90/658 kB | 0.3/1.1 MB
Progress (3): 5.4/8.4 MB | 90/658 kB | 0.3/1.1 MB
Progress (3): 5.4/8.4 MB | 90/658 kB | 0.3/1.1 MB
Progress (3): 5.4/8.4 MB | 90/658 kB | 0.3/1.1 MB
Progress (3): 5.4/8.4 MB | 90/658 kB | 0.3/1.1 MB
Progress (3): 5.5/8.4 MB | 90/658 kB | 0.3/1.1 MB
Progress (3): 5.5/8.4 MB | 90/658 kB | 0.3/1.1 MB
Progress (3): 5.5/8.4 MB | 90/658 kB | 0.3/1.1 MB
Progress (3): 5.5/8.4 MB | 90/658 kB | 0.3/1.1 MB
Progress (3): 5.5/8.4 MB | 90/658 kB | 0.3/1.1 MB
Progress (3): 5.5/8.4 MB | 90/658 kB | 0.3/1.1 MB
Progress (3): 5.5/8.4 MB | 90/658 kB | 0.3/1.1 MB
Progress (3): 5.6/8.4 MB | 90/658 kB | 0.3/1.1 MB
Progress (3): 5.6/8.4 MB | 90/658 kB | 0.3/1.1 MB
Progress (3): 5.6/8.4 MB | 90/658 kB | 0.3/1.1 MB
Progress (3): 5.6/8.4 MB | 90/658 kB | 0.3/1.1 MB
Progress (3): 5.6/8.4 MB | 90/658 kB | 0.3/1.1 MB
Progress (3): 5.6/8.4 MB | 90/658 kB | 0.3/1.1 MB
Progress (3): 5.7/8.4 MB | 90/658 kB | 0.3/1.1 MB
Progress (3): 5.7/8.4 MB | 90/658 kB | 0.3/1.1 MB
Progress (3): 5.7/8.4 MB | 90/658 kB | 0.3/1.1 MB
Progress (3): 5.7/8.4 MB | 90/658 kB | 0.3/1.1 MB
Progress (3): 5.7/8.4 MB | 90/658 kB | 0.3/1.1 MB
Progress (3): 5.7/8.4 MB | 90/658 kB | 0.3/1.1 MB
Progress (3): 5.7/8.4 MB | 90/658 kB | 0.3/1.1 MB
Progress (3): 5.8/8.4 MB | 90/658 kB | 0.3/1.1 MB
Progress (3): 5.8/8.4 MB | 90/658 kB | 0.3/1.1 MB
Progress (3): 5.8/8.4 MB | 90/658 kB | 0.3/1.1 MB
Progress (3): 5.8/8.4 MB | 90/658 kB | 0.3/1.1 MB
Progress (3): 5.8/8.4 MB | 90/658 kB | 0.3/1.1 MB
Progress (3): 5.8/8.4 MB | 90/658 kB | 0.3/1.1 MB
Progress (3): 5.8/8.4 MB | 90/658 kB | 0.3/1.1 MB
Progress (3): 5.9/8.4 MB | 90/658 kB | 0.3/1.1 MB
Progress (3): 5.9/8.4 MB | 90/658 kB | 0.3/1.1 MB
Progress (3): 5.9/8.4 MB | 90/658 kB | 0.3/1.1 MB
Progress (3): 5.9/8.4 MB | 90/658 kB | 0.3/1.1 MB
Progress (3): 5.9/8.4 MB | 90/658 kB | 0.3/1.1 MB
Progress (3): 5.9/8.4 MB | 90/658 kB | 0.3/1.1 MB
Progress (3): 5.9/8.4 MB | 90/658 kB | 0.3/1.1 MB
Progress (3): 5.9/8.4 MB | 106/658 kB | 0.3/1.1 MB
Progress (3): 6.0/8.4 MB | 106/658 kB | 0.3/1.1 MB
Progress (3): 6.0/8.4 MB | 106/658 kB | 0.3/1.1 MB
Progress (3): 6.0/8.4 MB | 122/658 kB | 0.3/1.1 MB
Progress (3): 6.0/8.4 MB | 122/658 kB | 0.3/1.1 MB
Progress (3): 6.0/8.4 MB | 122/658 kB | 0.3/1.1 MB
Progress (3): 6.0/8.4 MB | 122/658 kB | 0.3/1.1 MB
Progress (3): 6.0/8.4 MB | 122/658 kB | 0.3/1.1 MB
Progress (3): 6.0/8.4 MB | 122/658 kB | 0.3/1.1 MB
Progress (3): 6.0/8.4 MB | 122/658 kB | 0.3/1.1 MB
Progress (3): 6.1/8.4 MB | 122/658 kB | 0.3/1.1 MB
Progress (3): 6.1/8.4 MB | 122/658 kB | 0.3/1.1 MB
Progress (3): 6.1/8.4 MB | 122/658 kB | 0.3/1.1 MB
Progress (3): 6.1/8.4 MB | 122/658 kB | 0.3/1.1 MB
Progress (3): 6.1/8.4 MB | 122/658 kB | 0.3/1.1 MB
Progress (3): 6.1/8.4 MB | 122/658 kB | 0.3/1.1 MB
Progress (3): 6.2/8.4 MB | 122/658 kB | 0.3/1.1 MB
Progress (3): 6.2/8.4 MB | 122/658 kB | 0.3/1.1 MB
Progress (3): 6.2/8.4 MB | 122/658 kB | 0.3/1.1 MB
Progress (3): 6.2/8.4 MB | 122/658 kB | 0.3/1.1 MB
Progress (3): 6.2/8.4 MB | 122/658 kB | 0.3/1.1 MB
Progress (3): 6.2/8.4 MB | 122/658 kB | 0.3/1.1 MB
Progress (3): 6.3/8.4 MB | 122/658 kB | 0.3/1.1 MB
Progress (3): 6.3/8.4 MB | 122/658 kB | 0.3/1.1 MB
Progress (3): 6.3/8.4 MB | 122/658 kB | 0.3/1.1 MB
Progress (3): 6.3/8.4 MB | 122/658 kB | 0.3/1.1 MB
Progress (3): 6.3/8.4 MB | 122/658 kB | 0.3/1.1 MB
Progress (3): 6.3/8.4 MB | 122/658 kB | 0.3/1.1 MB
Progress (3): 6.4/8.4 MB | 122/658 kB | 0.3/1.1 MB
Progress (3): 6.4/8.4 MB | 122/658 kB | 0.3/1.1 MB
Progress (3): 6.4/8.4 MB | 122/658 kB | 0.3/1.1 MB
Progress (3): 6.4/8.4 MB | 122/658 kB | 0.3/1.1 MB
Progress (3): 6.4/8.4 MB | 122/658 kB | 0.3/1.1 MB
Progress (3): 6.4/8.4 MB | 122/658 kB | 0.3/1.1 MB
Progress (3): 6.5/8.4 MB | 122/658 kB | 0.3/1.1 MB
Progress (3): 6.5/8.4 MB | 122/658 kB | 0.3/1.1 MB
Progress (3): 6.5/8.4 MB | 122/658 kB | 0.3/1.1 MB
Progress (3): 6.5/8.4 MB | 139/658 kB | 0.3/1.1 MB
Progress (3): 6.5/8.4 MB | 139/658 kB | 0.3/1.1 MB
Progress (3): 6.5/8.4 MB | 155/658 kB | 0.3/1.1 MB
Progress (3): 6.5/8.4 MB | 155/658 kB | 0.3/1.1 MB
Progress (3): 6.5/8.4 MB | 155/658 kB | 0.3/1.1 MB
Progress (4): 6.5/8.4 MB | 155/658 kB | 0.3/1.1 MB | 7.7/98 kB
Progress (4): 6.5/8.4 MB | 155/658 kB | 0.3/1.1 MB | 7.7/98 kB
Progress (4): 6.5/8.4 MB | 155/658 kB | 0.3/1.1 MB | 16/98 kB 
Progress (4): 6.6/8.4 MB | 155/658 kB | 0.3/1.1 MB | 16/98 kB
Progress (4): 6.6/8.4 MB | 155/658 kB | 0.4/1.1 MB | 16/98 kB
Progress (4): 6.6/8.4 MB | 155/658 kB | 0.4/1.1 MB | 16/98 kB
Progress (4): 6.6/8.4 MB | 155/658 kB | 0.4/1.1 MB | 16/98 kB
Progress (4): 6.6/8.4 MB | 155/658 kB | 0.4/1.1 MB | 16/98 kB
Progress (4): 6.6/8.4 MB | 155/658 kB | 0.4/1.1 MB | 16/98 kB
Progress (4): 6.6/8.4 MB | 155/658 kB | 0.4/1.1 MB | 16/98 kB
Progress (4): 6.6/8.4 MB | 155/658 kB | 0.4/1.1 MB | 16/98 kB
Progress (4): 6.6/8.4 MB | 155/658 kB | 0.4/1.1 MB | 16/98 kB
Progress (4): 6.6/8.4 MB | 155/658 kB | 0.4/1.1 MB | 16/98 kB
Progress (4): 6.6/8.4 MB | 155/658 kB | 0.4/1.1 MB | 16/98 kB
Progress (4): 6.7/8.4 MB | 155/658 kB | 0.4/1.1 MB | 16/98 kB
Progress (4): 6.7/8.4 MB | 172/658 kB | 0.4/1.1 MB | 16/98 kB
Progress (4): 6.7/8.4 MB | 172/658 kB | 0.4/1.1 MB | 16/98 kB
Progress (4): 6.7/8.4 MB | 188/658 kB | 0.4/1.1 MB | 16/98 kB
Progress (4): 6.7/8.4 MB | 188/658 kB | 0.4/1.1 MB | 16/98 kB
Progress (4): 6.7/8.4 MB | 204/658 kB | 0.4/1.1 MB | 16/98 kB
Progress (4): 6.7/8.4 MB | 204/658 kB | 0.4/1.1 MB | 16/98 kB
Progress (4): 6.7/8.4 MB | 221/658 kB | 0.4/1.1 MB | 16/98 kB
Progress (4): 6.7/8.4 MB | 221/658 kB | 0.4/1.1 MB | 16/98 kB
Progress (4): 6.7/8.4 MB | 230/658 kB | 0.4/1.1 MB | 16/98 kB
Progress (4): 6.7/8.4 MB | 230/658 kB | 0.4/1.1 MB | 16/98 kB
Progress (4): 6.8/8.4 MB | 230/658 kB | 0.4/1.1 MB | 16/98 kB
Progress (4): 6.8/8.4 MB | 230/658 kB | 0.4/1.1 MB | 16/98 kB
Progress (4): 6.8/8.4 MB | 230/658 kB | 0.4/1.1 MB | 16/98 kB
Progress (4): 6.8/8.4 MB | 230/658 kB | 0.4/1.1 MB | 16/98 kB
Progress (4): 6.8/8.4 MB | 230/658 kB | 0.4/1.1 MB | 16/98 kB
Progress (5): 6.8/8.4 MB | 230/658 kB | 0.4/1.1 MB | 16/98 kB | 7.7/840 kB
Progress (5): 6.8/8.4 MB | 230/658 kB | 0.4/1.1 MB | 16/98 kB | 15/840 kB 
Progress (5): 6.8/8.4 MB | 230/658 kB | 0.4/1.1 MB | 16/98 kB | 15/840 kB
Progress (5): 6.9/8.4 MB | 230/658 kB | 0.4/1.1 MB | 16/98 kB | 15/840 kB
Progress (5): 6.9/8.4 MB | 230/658 kB | 0.4/1.1 MB | 16/98 kB | 32/840 kB
Progress (5): 6.9/8.4 MB | 230/658 kB | 0.4/1.1 MB | 16/98 kB | 32/840 kB
Progress (5): 6.9/8.4 MB | 230/658 kB | 0.4/1.1 MB | 16/98 kB | 48/840 kB
Progress (5): 6.9/8.4 MB | 230/658 kB | 0.4/1.1 MB | 16/98 kB | 48/840 kB
Progress (5): 6.9/8.4 MB | 230/658 kB | 0.4/1.1 MB | 16/98 kB | 65/840 kB
Progress (5): 6.9/8.4 MB | 230/658 kB | 0.4/1.1 MB | 16/98 kB | 65/840 kB
Progress (5): 6.9/8.4 MB | 230/658 kB | 0.4/1.1 MB | 16/98 kB | 81/840 kB
Progress (5): 6.9/8.4 MB | 230/658 kB | 0.4/1.1 MB | 16/98 kB | 81/840 kB
Progress (5): 6.9/8.4 MB | 230/658 kB | 0.4/1.1 MB | 16/98 kB | 97/840 kB
Progress (5): 6.9/8.4 MB | 230/658 kB | 0.4/1.1 MB | 16/98 kB | 97/840 kB
Progress (5): 6.9/8.4 MB | 230/658 kB | 0.4/1.1 MB | 16/98 kB | 114/840 kB
Progress (5): 7.0/8.4 MB | 230/658 kB | 0.4/1.1 MB | 16/98 kB | 114/840 kB
Progress (5): 7.0/8.4 MB | 230/658 kB | 0.4/1.1 MB | 16/98 kB | 114/840 kB
Progress (5): 7.0/8.4 MB | 230/658 kB | 0.4/1.1 MB | 16/98 kB | 130/840 kB
Progress (5): 7.0/8.4 MB | 230/658 kB | 0.4/1.1 MB | 16/98 kB | 130/840 kB
Progress (5): 7.0/8.4 MB | 230/658 kB | 0.4/1.1 MB | 16/98 kB | 147/840 kB
Progress (5): 7.0/8.4 MB | 230/658 kB | 0.4/1.1 MB | 16/98 kB | 163/840 kB
Progress (5): 7.0/8.4 MB | 230/658 kB | 0.4/1.1 MB | 16/98 kB | 163/840 kB
Progress (5): 7.0/8.4 MB | 230/658 kB | 0.4/1.1 MB | 16/98 kB | 179/840 kB
Progress (5): 7.0/8.4 MB | 230/658 kB | 0.4/1.1 MB | 16/98 kB | 179/840 kB
Progress (5): 7.0/8.4 MB | 230/658 kB | 0.4/1.1 MB | 16/98 kB | 196/840 kB
Progress (5): 7.0/8.4 MB | 230/658 kB | 0.4/1.1 MB | 16/98 kB | 196/840 kB
Progress (5): 7.0/8.4 MB | 230/658 kB | 0.4/1.1 MB | 16/98 kB | 212/840 kB
Progress (5): 7.1/8.4 MB | 230/658 kB | 0.4/1.1 MB | 16/98 kB | 212/840 kB
Progress (5): 7.1/8.4 MB | 230/658 kB | 0.4/1.1 MB | 16/98 kB | 228/840 kB
Progress (5): 7.1/8.4 MB | 230/658 kB | 0.4/1.1 MB | 16/98 kB | 228/840 kB
Progress (5): 7.1/8.4 MB | 230/658 kB | 0.4/1.1 MB | 16/98 kB | 241/840 kB
Progress (5): 7.1/8.4 MB | 230/658 kB | 0.4/1.1 MB | 16/98 kB | 257/840 kB
Progress (5): 7.1/8.4 MB | 230/658 kB | 0.4/1.1 MB | 16/98 kB | 257/840 kB
Progress (5): 7.1/8.4 MB | 230/658 kB | 0.4/1.1 MB | 16/98 kB | 273/840 kB
Progress (5): 7.1/8.4 MB | 230/658 kB | 0.4/1.1 MB | 16/98 kB | 273/840 kB
Progress (5): 7.1/8.4 MB | 230/658 kB | 0.4/1.1 MB | 16/98 kB | 290/840 kB
Progress (5): 7.1/8.4 MB | 230/658 kB | 0.4/1.1 MB | 16/98 kB | 306/840 kB
Progress (5): 7.1/8.4 MB | 230/658 kB | 0.4/1.1 MB | 16/98 kB | 306/840 kB
Progress (5): 7.1/8.4 MB | 230/658 kB | 0.4/1.1 MB | 16/98 kB | 306/840 kB
Progress (5): 7.1/8.4 MB | 230/658 kB | 0.4/1.1 MB | 16/98 kB | 323/840 kB
Progress (5): 7.2/8.4 MB | 230/658 kB | 0.4/1.1 MB | 16/98 kB | 323/840 kB
Progress (5): 7.2/8.4 MB | 230/658 kB | 0.4/1.1 MB | 16/98 kB | 339/840 kB
Progress (5): 7.2/8.4 MB | 230/658 kB | 0.4/1.1 MB | 16/98 kB | 339/840 kB
Progress (5): 7.2/8.4 MB | 230/658 kB | 0.4/1.1 MB | 16/98 kB | 339/840 kB
Progress (5): 7.2/8.4 MB | 230/658 kB | 0.4/1.1 MB | 16/98 kB | 355/840 kB
Progress (5): 7.2/8.4 MB | 230/658 kB | 0.4/1.1 MB | 16/98 kB | 355/840 kB
Progress (5): 7.2/8.4 MB | 230/658 kB | 0.4/1.1 MB | 16/98 kB | 372/840 kB
Progress (5): 7.2/8.4 MB | 230/658 kB | 0.4/1.1 MB | 16/98 kB | 372/840 kB
Progress (5): 7.2/8.4 MB | 230/658 kB | 0.4/1.1 MB | 16/98 kB | 388/840 kB
Progress (5): 7.2/8.4 MB | 230/658 kB | 0.4/1.1 MB | 16/98 kB | 388/840 kB
Progress (5): 7.2/8.4 MB | 230/658 kB | 0.4/1.1 MB | 16/98 kB | 405/840 kB
Progress (5): 7.3/8.4 MB | 230/658 kB | 0.4/1.1 MB | 16/98 kB | 405/840 kB
Progress (5): 7.3/8.4 MB | 230/658 kB | 0.4/1.1 MB | 16/98 kB | 421/840 kB
Progress (5): 7.3/8.4 MB | 230/658 kB | 0.4/1.1 MB | 16/98 kB | 421/840 kB
Progress (5): 7.3/8.4 MB | 230/658 kB | 0.4/1.1 MB | 16/98 kB | 437/840 kB
Progress (5): 7.3/8.4 MB | 230/658 kB | 0.4/1.1 MB | 16/98 kB | 437/840 kB
Progress (5): 7.3/8.4 MB | 230/658 kB | 0.4/1.1 MB | 16/98 kB | 454/840 kB
Progress (5): 7.3/8.4 MB | 230/658 kB | 0.4/1.1 MB | 16/98 kB | 470/840 kB
Progress (5): 7.3/8.4 MB | 230/658 kB | 0.4/1.1 MB | 16/98 kB | 470/840 kB
Progress (5): 7.3/8.4 MB | 230/658 kB | 0.4/1.1 MB | 16/98 kB | 470/840 kB
Progress (5): 7.3/8.4 MB | 230/658 kB | 0.4/1.1 MB | 16/98 kB | 486/840 kB
Progress (5): 7.3/8.4 MB | 230/658 kB | 0.4/1.1 MB | 16/98 kB | 486/840 kB
Progress (5): 7.3/8.4 MB | 230/658 kB | 0.4/1.1 MB | 16/98 kB | 495/840 kB
Progress (5): 7.3/8.4 MB | 230/658 kB | 0.4/1.1 MB | 16/98 kB | 512/840 kB
Progress (5): 7.3/8.4 MB | 230/658 kB | 0.4/1.1 MB | 16/98 kB | 512/840 kB
Progress (5): 7.3/8.4 MB | 230/658 kB | 0.4/1.1 MB | 16/98 kB | 528/840 kB
Progress (5): 7.3/8.4 MB | 230/658 kB | 0.4/1.1 MB | 32/98 kB | 528/840 kB
Progress (5): 7.3/8.4 MB | 230/658 kB | 0.4/1.1 MB | 49/98 kB | 528/840 kB
Progress (5): 7.4/8.4 MB | 230/658 kB | 0.4/1.1 MB | 49/98 kB | 528/840 kB
Progress (5): 7.4/8.4 MB | 230/658 kB | 0.4/1.1 MB | 49/98 kB | 528/840 kB
Progress (5): 7.4/8.4 MB | 230/658 kB | 0.4/1.1 MB | 49/98 kB | 528/840 kB
Progress (5): 7.4/8.4 MB | 230/658 kB | 0.4/1.1 MB | 49/98 kB | 528/840 kB
Progress (5): 7.4/8.4 MB | 230/658 kB | 0.4/1.1 MB | 49/98 kB | 528/840 kB
Progress (5): 7.4/8.4 MB | 230/658 kB | 0.4/1.1 MB | 49/98 kB | 528/840 kB
Progress (5): 7.4/8.4 MB | 246/658 kB | 0.4/1.1 MB | 49/98 kB | 528/840 kB
Progress (5): 7.4/8.4 MB | 263/658 kB | 0.4/1.1 MB | 49/98 kB | 528/840 kB
Progress (5): 7.5/8.4 MB | 263/658 kB | 0.4/1.1 MB | 49/98 kB | 528/840 kB
Progress (5): 7.5/8.4 MB | 263/658 kB | 0.4/1.1 MB | 49/98 kB | 528/840 kB
Progress (5): 7.5/8.4 MB | 263/658 kB | 0.4/1.1 MB | 49/98 kB | 528/840 kB
Progress (5): 7.5/8.4 MB | 263/658 kB | 0.4/1.1 MB | 49/98 kB | 528/840 kB
Progress (5): 7.5/8.4 MB | 263/658 kB | 0.5/1.1 MB | 49/98 kB | 528/840 kB
Progress (5): 7.5/8.4 MB | 263/658 kB | 0.5/1.1 MB | 49/98 kB | 528/840 kB
Progress (5): 7.5/8.4 MB | 263/658 kB | 0.5/1.1 MB | 49/98 kB | 528/840 kB
Progress (5): 7.5/8.4 MB | 263/658 kB | 0.5/1.1 MB | 49/98 kB | 528/840 kB
Progress (5): 7.5/8.4 MB | 263/658 kB | 0.5/1.1 MB | 49/98 kB | 528/840 kB
Progress (5): 7.5/8.4 MB | 263/658 kB | 0.5/1.1 MB | 49/98 kB | 528/840 kB
Progress (5): 7.5/8.4 MB | 263/658 kB | 0.5/1.1 MB | 49/98 kB | 528/840 kB
Progress (5): 7.6/8.4 MB | 263/658 kB | 0.5/1.1 MB | 49/98 kB | 528/840 kB
Progress (5): 7.6/8.4 MB | 263/658 kB | 0.5/1.1 MB | 49/98 kB | 528/840 kB
Progress (5): 7.6/8.4 MB | 263/658 kB | 0.5/1.1 MB | 49/98 kB | 528/840 kB
Progress (5): 7.6/8.4 MB | 263/658 kB | 0.5/1.1 MB | 49/98 kB | 528/840 kB
Progress (5): 7.6/8.4 MB | 263/658 kB | 0.5/1.1 MB | 49/98 kB | 528/840 kB
Progress (5): 7.6/8.4 MB | 263/658 kB | 0.5/1.1 MB | 49/98 kB | 528/840 kB
Progress (5): 7.6/8.4 MB | 263/658 kB | 0.6/1.1 MB | 49/98 kB | 528/840 kB
Progress (5): 7.6/8.4 MB | 263/658 kB | 0.6/1.1 MB | 49/98 kB | 528/840 kB
Progress (5): 7.6/8.4 MB | 263/658 kB | 0.6/1.1 MB | 49/98 kB | 528/840 kB
Progress (5): 7.6/8.4 MB | 263/658 kB | 0.6/1.1 MB | 49/98 kB | 528/840 kB
Progress (5): 7.6/8.4 MB | 263/658 kB | 0.6/1.1 MB | 49/98 kB | 528/840 kB
Progress (5): 7.7/8.4 MB | 263/658 kB | 0.6/1.1 MB | 49/98 kB | 528/840 kB
Progress (5): 7.7/8.4 MB | 263/658 kB | 0.6/1.1 MB | 49/98 kB | 528/840 kB
Progress (5): 7.7/8.4 MB | 263/658 kB | 0.6/1.1 MB | 65/98 kB | 528/840 kB
Progress (5): 7.7/8.4 MB | 263/658 kB | 0.6/1.1 MB | 65/98 kB | 528/840 kB
Progress (5): 7.7/8.4 MB | 263/658 kB | 0.6/1.1 MB | 65/98 kB | 528/840 kB
Progress (5): 7.7/8.4 MB | 263/658 kB | 0.6/1.1 MB | 65/98 kB | 528/840 kB
Progress (5): 7.7/8.4 MB | 263/658 kB | 0.6/1.1 MB | 65/98 kB | 544/840 kB
Progress (5): 7.7/8.4 MB | 263/658 kB | 0.6/1.1 MB | 65/98 kB | 544/840 kB
Progress (5): 7.7/8.4 MB | 263/658 kB | 0.6/1.1 MB | 65/98 kB | 561/840 kB
Progress (5): 7.8/8.4 MB | 263/658 kB | 0.6/1.1 MB | 65/98 kB | 561/840 kB
Progress (5): 7.8/8.4 MB | 263/658 kB | 0.6/1.1 MB | 65/98 kB | 577/840 kB
Progress (5): 7.8/8.4 MB | 263/658 kB | 0.6/1.1 MB | 65/98 kB | 577/840 kB
Progress (5): 7.8/8.4 MB | 263/658 kB | 0.6/1.1 MB | 65/98 kB | 594/840 kB
Progress (5): 7.8/8.4 MB | 263/658 kB | 0.6/1.1 MB | 65/98 kB | 594/840 kB
Progress (5): 7.8/8.4 MB | 263/658 kB | 0.6/1.1 MB | 65/98 kB | 610/840 kB
Progress (5): 7.8/8.4 MB | 263/658 kB | 0.6/1.1 MB | 65/98 kB | 610/840 kB
Progress (5): 7.8/8.4 MB | 263/658 kB | 0.6/1.1 MB | 65/98 kB | 626/840 kB
Progress (5): 7.8/8.4 MB | 263/658 kB | 0.6/1.1 MB | 65/98 kB | 626/840 kB
Progress (5): 7.8/8.4 MB | 263/658 kB | 0.6/1.1 MB | 65/98 kB | 643/840 kB
Progress (5): 7.8/8.4 MB | 263/658 kB | 0.6/1.1 MB | 65/98 kB | 643/840 kB
Progress (5): 7.8/8.4 MB | 263/658 kB | 0.6/1.1 MB | 65/98 kB | 659/840 kB
Progress (5): 7.8/8.4 MB | 263/658 kB | 0.6/1.1 MB | 65/98 kB | 659/840 kB
Progress (5): 7.8/8.4 MB | 263/658 kB | 0.6/1.1 MB | 65/98 kB | 676/840 kB
Progress (5): 7.9/8.4 MB | 263/658 kB | 0.6/1.1 MB | 65/98 kB | 676/840 kB
Progress (5): 7.9/8.4 MB | 263/658 kB | 0.6/1.1 MB | 65/98 kB | 692/840 kB
Progress (5): 7.9/8.4 MB | 263/658 kB | 0.6/1.1 MB | 65/98 kB | 692/840 kB
Progress (5): 7.9/8.4 MB | 263/658 kB | 0.6/1.1 MB | 65/98 kB | 708/840 kB
Progress (5): 7.9/8.4 MB | 263/658 kB | 0.6/1.1 MB | 65/98 kB | 708/840 kB
Progress (5): 7.9/8.4 MB | 263/658 kB | 0.6/1.1 MB | 65/98 kB | 725/840 kB
Progress (5): 7.9/8.4 MB | 263/658 kB | 0.6/1.1 MB | 65/98 kB | 725/840 kB
Progress (5): 7.9/8.4 MB | 263/658 kB | 0.6/1.1 MB | 65/98 kB | 741/840 kB
Progress (5): 7.9/8.4 MB | 263/658 kB | 0.6/1.1 MB | 65/98 kB | 757/840 kB
Progress (5): 7.9/8.4 MB | 263/658 kB | 0.6/1.1 MB | 65/98 kB | 757/840 kB
Progress (5): 7.9/8.4 MB | 263/658 kB | 0.6/1.1 MB | 65/98 kB | 774/840 kB
Progress (5): 7.9/8.4 MB | 263/658 kB | 0.6/1.1 MB | 65/98 kB | 774/840 kB
Progress (5): 7.9/8.4 MB | 263/658 kB | 0.6/1.1 MB | 65/98 kB | 790/840 kB
Progress (5): 8.0/8.4 MB | 263/658 kB | 0.6/1.1 MB | 65/98 kB | 790/840 kB
Progress (5): 8.0/8.4 MB | 263/658 kB | 0.6/1.1 MB | 65/98 kB | 790/840 kB
Progress (5): 8.0/8.4 MB | 263/658 kB | 0.6/1.1 MB | 65/98 kB | 790/840 kB
Progress (5): 8.0/8.4 MB | 263/658 kB | 0.6/1.1 MB | 65/98 kB | 790/840 kB
Progress (5): 8.0/8.4 MB | 263/658 kB | 0.6/1.1 MB | 65/98 kB | 790/840 kB
Progress (5): 8.0/8.4 MB | 279/658 kB | 0.6/1.1 MB | 65/98 kB | 790/840 kB
Progress (5): 8.0/8.4 MB | 279/658 kB | 0.6/1.1 MB | 65/98 kB | 790/840 kB
Progress (5): 8.0/8.4 MB | 296/658 kB | 0.6/1.1 MB | 65/98 kB | 790/840 kB
Progress (5): 8.1/8.4 MB | 296/658 kB | 0.6/1.1 MB | 65/98 kB | 790/840 kB
Progress (5): 8.1/8.4 MB | 296/658 kB | 0.6/1.1 MB | 65/98 kB | 807/840 kB
Progress (5): 8.1/8.4 MB | 296/658 kB | 0.6/1.1 MB | 65/98 kB | 807/840 kB
Progress (5): 8.1/8.4 MB | 296/658 kB | 0.6/1.1 MB | 65/98 kB | 807/840 kB
Progress (5): 8.1/8.4 MB | 296/658 kB | 0.6/1.1 MB | 81/98 kB | 807/840 kB
Progress (5): 8.1/8.4 MB | 296/658 kB | 0.6/1.1 MB | 81/98 kB | 807/840 kB
Progress (5): 8.1/8.4 MB | 296/658 kB | 0.6/1.1 MB | 81/98 kB | 807/840 kB
Progress (5): 8.1/8.4 MB | 296/658 kB | 0.6/1.1 MB | 98/98 kB | 807/840 kB
Progress (5): 8.1/8.4 MB | 296/658 kB | 0.6/1.1 MB | 98 kB | 807/840 kB   
Progress (5): 8.1/8.4 MB | 296/658 kB | 0.6/1.1 MB | 98 kB | 807/840 kB
Progress (5): 8.2/8.4 MB | 296/658 kB | 0.6/1.1 MB | 98 kB | 807/840 kB
Progress (5): 8.2/8.4 MB | 296/658 kB | 0.6/1.1 MB | 98 kB | 807/840 kB
Progress (5): 8.2/8.4 MB | 296/658 kB | 0.6/1.1 MB | 98 kB | 807/840 kB
Progress (5): 8.2/8.4 MB | 296/658 kB | 0.6/1.1 MB | 98 kB | 807/840 kB
Progress (5): 8.2/8.4 MB | 296/658 kB | 0.6/1.1 MB | 98 kB | 807/840 kB
                                                                       
Downloaded from central: https://repo.maven.apache.org/maven2/org/brotli/dec/0.1.2/dec-0.1.2.jar (98 kB at 96 kB/s)
Progress (4): 8.2/8.4 MB | 296/658 kB | 0.6/1.1 MB | 807/840 kB
Progress (4): 8.2/8.4 MB | 312/658 kB | 0.6/1.1 MB | 807/840 kB
Progress (4): 8.2/8.4 MB | 312/658 kB | 0.6/1.1 MB | 807/840 kB
                                                               
Downloading from central: https://repo.maven.apache.org/maven2/org/apache/httpcomponents/core5/httpcore5/5.2/httpcore5-5.2.jar
Progress (4): 8.3/8.4 MB | 312/658 kB | 0.6/1.1 MB | 807/840 kB
Progress (4): 8.3/8.4 MB | 312/658 kB | 0.6/1.1 MB | 807/840 kB
Progress (4): 8.3/8.4 MB | 312/658 kB | 0.6/1.1 MB | 807/840 kB
Progress (4): 8.3/8.4 MB | 312/658 kB | 0.6/1.1 MB | 807/840 kB
Progress (4): 8.3/8.4 MB | 312/658 kB | 0.6/1.1 MB | 807/840 kB
Progress (4): 8.3/8.4 MB | 312/658 kB | 0.6/1.1 MB | 807/840 kB
Progress (4): 8.4/8.4 MB | 312/658 kB | 0.6/1.1 MB | 807/840 kB
Progress (4): 8.4 MB | 312/658 kB | 0.6/1.1 MB | 807/840 kB    
Progress (4): 8.4 MB | 328/658 kB | 0.6/1.1 MB | 807/840 kB
Progress (4): 8.4 MB | 328/658 kB | 0.6/1.1 MB | 823/840 kB
Progress (4): 8.4 MB | 328/658 kB | 0.6/1.1 MB | 839/840 kB
Progress (4): 8.4 MB | 328/658 kB | 0.6/1.1 MB | 840 kB    
                                                       
Downloaded from central: https://repo.maven.apache.org/maven2/org/apache/httpcomponents/client5/httpclient5/5.2.1/httpclient5-5.2.1.jar (840 kB at 823 kB/s)
Downloading from central: https://repo.maven.apache.org/maven2/org/apache/httpcomponents/core5/httpcore5-h2/5.2/httpcore5-h2-5.2.jar
Downloaded from central: https://repo.maven.apache.org/maven2/org/bouncycastle/bcprov-jdk18on/1.76/bcprov-jdk18on-1.76.jar (8.4 MB at 8.2 MB/s)
Progress (2): 345/658 kB | 0.6/1.1 MB
Progress (2): 345/658 kB | 0.6/1.1 MB
Progress (2): 345/658 kB | 0.6/1.1 MB
Progress (2): 345/658 kB | 0.6/1.1 MB
Progress (2): 345/658 kB | 0.7/1.1 MB
Progress (2): 345/658 kB | 0.7/1.1 MB
Progress (2): 345/658 kB | 0.7/1.1 MB
Progress (2): 361/658 kB | 0.7/1.1 MB
Progress (2): 361/658 kB | 0.7/1.1 MB
Progress (2): 361/658 kB | 0.7/1.1 MB
Progress (2): 361/658 kB | 0.7/1.1 MB
Progress (2): 361/658 kB | 0.7/1.1 MB
Progress (2): 361/658 kB | 0.8/1.1 MB
Progress (2): 361/658 kB | 0.8/1.1 MB
Progress (2): 361/658 kB | 0.8/1.1 MB
Progress (2): 361/658 kB | 0.8/1.1 MB
Progress (2): 378/658 kB | 0.8/1.1 MB
Progress (2): 378/658 kB | 0.8/1.1 MB
Progress (2): 378/658 kB | 0.8/1.1 MB
Progress (2): 378/658 kB | 0.9/1.1 MB
Progress (2): 378/658 kB | 0.9/1.1 MB
Progress (2): 378/658 kB | 0.9/1.1 MB
Progress (2): 378/658 kB | 0.9/1.1 MB
Progress (2): 378/658 kB | 0.9/1.1 MB
Progress (2): 378/658 kB | 0.9/1.1 MB
Progress (2): 378/658 kB | 0.9/1.1 MB
Progress (2): 378/658 kB | 1.0/1.1 MB
Progress (2): 378/658 kB | 1.0/1.1 MB
Progress (2): 378/658 kB | 1.0/1.1 MB
Progress (2): 378/658 kB | 1.0/1.1 MB
Progress (2): 378/658 kB | 1.0/1.1 MB
Progress (2): 378/658 kB | 1.0/1.1 MB
Progress (2): 378/658 kB | 1.1/1.1 MB
Progress (2): 378/658 kB | 1.1/1.1 MB
Progress (2): 378/658 kB | 1.1 MB    
                                 
Downloaded from central: https://repo.maven.apache.org/maven2/org/apache/commons/commons-compress/1.25.0/commons-compress-1.25.0.jar (1.1 MB at 1.1 MB/s)
Progress (1): 394/658 kB
Progress (1): 410/658 kB
Progress (1): 427/658 kB
Progress (1): 443/658 kB
Progress (1): 459/658 kB
Progress (1): 476/658 kB
Progress (1): 492/658 kB
Progress (1): 509/658 kB
Progress (1): 525/658 kB
Progress (1): 541/658 kB
Progress (1): 558/658 kB
Progress (1): 574/658 kB
Progress (1): 591/658 kB
Progress (1): 607/658 kB
Progress (2): 607/658 kB | 3.1/853 kB
Progress (3): 607/658 kB | 3.1/853 kB | 7.7/237 kB
Progress (3): 623/658 kB | 3.1/853 kB | 7.7/237 kB
Progress (3): 623/658 kB | 20/853 kB | 7.7/237 kB 
Progress (3): 623/658 kB | 36/853 kB | 7.7/237 kB
Progress (3): 623/658 kB | 52/853 kB | 7.7/237 kB
Progress (3): 623/658 kB | 69/853 kB | 7.7/237 kB
Progress (3): 623/658 kB | 69/853 kB | 16/237 kB 
Progress (3): 623/658 kB | 85/853 kB | 16/237 kB
Progress (3): 623/658 kB | 101/853 kB | 16/237 kB
Progress (3): 623/658 kB | 118/853 kB | 16/237 kB
Progress (3): 623/658 kB | 126/853 kB | 16/237 kB
Progress (3): 623/658 kB | 142/853 kB | 16/237 kB
Progress (3): 623/658 kB | 159/853 kB | 16/237 kB
Progress (3): 623/658 kB | 175/853 kB | 16/237 kB
Progress (3): 623/658 kB | 192/853 kB | 16/237 kB
Progress (3): 623/658 kB | 208/853 kB | 16/237 kB
Progress (3): 623/658 kB | 217/853 kB | 16/237 kB
Progress (3): 623/658 kB | 233/853 kB | 16/237 kB
Progress (3): 623/658 kB | 250/853 kB | 16/237 kB
Progress (3): 623/658 kB | 266/853 kB | 16/237 kB
Progress (3): 623/658 kB | 282/853 kB | 16/237 kB
Progress (3): 623/658 kB | 299/853 kB | 16/237 kB
Progress (3): 623/658 kB | 315/853 kB | 16/237 kB
Progress (3): 623/658 kB | 331/853 kB | 16/237 kB
Progress (3): 623/658 kB | 348/853 kB | 16/237 kB
Progress (3): 623/658 kB | 364/853 kB | 16/237 kB
Progress (3): 623/658 kB | 381/853 kB | 16/237 kB
Progress (3): 623/658 kB | 381/853 kB | 32/237 kB
Progress (3): 623/658 kB | 397/853 kB | 32/237 kB
Progress (3): 623/658 kB | 397/853 kB | 48/237 kB
Progress (3): 623/658 kB | 413/853 kB | 48/237 kB
Progress (3): 623/658 kB | 430/853 kB | 48/237 kB
Progress (3): 623/658 kB | 430/853 kB | 65/237 kB
Progress (3): 623/658 kB | 446/853 kB | 65/237 kB
Progress (3): 623/658 kB | 446/853 kB | 81/237 kB
Progress (3): 623/658 kB | 446/853 kB | 97/237 kB
Progress (3): 623/658 kB | 463/853 kB | 97/237 kB
Progress (3): 623/658 kB | 479/853 kB | 97/237 kB
Progress (3): 623/658 kB | 495/853 kB | 97/237 kB
Progress (3): 623/658 kB | 512/853 kB | 97/237 kB
Progress (3): 623/658 kB | 528/853 kB | 97/237 kB
Progress (3): 623/658 kB | 544/853 kB | 97/237 kB
Progress (3): 623/658 kB | 561/853 kB | 97/237 kB
Progress (3): 623/658 kB | 561/853 kB | 114/237 kB
Progress (3): 623/658 kB | 577/853 kB | 114/237 kB
Progress (3): 623/658 kB | 594/853 kB | 114/237 kB
Progress (3): 623/658 kB | 610/853 kB | 114/237 kB
Progress (3): 623/658 kB | 610/853 kB | 130/237 kB
Progress (3): 623/658 kB | 626/853 kB | 130/237 kB
Progress (3): 623/658 kB | 643/853 kB | 130/237 kB
Progress (3): 623/658 kB | 659/853 kB | 130/237 kB
Progress (3): 623/658 kB | 659/853 kB | 147/237 kB
Progress (3): 640/658 kB | 659/853 kB | 147/237 kB
Progress (3): 640/658 kB | 676/853 kB | 147/237 kB
Progress (3): 640/658 kB | 692/853 kB | 147/237 kB
Progress (3): 640/658 kB | 708/853 kB | 147/237 kB
Progress (3): 656/658 kB | 708/853 kB | 147/237 kB
Progress (3): 658 kB | 708/853 kB | 147/237 kB    
Progress (3): 658 kB | 725/853 kB | 147/237 kB
Progress (3): 658 kB | 741/853 kB | 147/237 kB
Progress (3): 658 kB | 757/853 kB | 147/237 kB
Progress (3): 658 kB | 774/853 kB | 147/237 kB
Progress (3): 658 kB | 790/853 kB | 147/237 kB
                                              
Downloaded from central: https://repo.maven.apache.org/maven2/org/apache/commons/commons-lang3/3.14.0/commons-lang3-3.14.0.jar (658 kB at 621 kB/s)
Progress (2): 807/853 kB | 147/237 kB
Progress (2): 807/853 kB | 163/237 kB
Progress (2): 823/853 kB | 163/237 kB
Progress (2): 823/853 kB | 179/237 kB
Progress (2): 839/853 kB | 179/237 kB
Progress (2): 839/853 kB | 196/237 kB
Progress (2): 853 kB | 196/237 kB    
Progress (2): 853 kB | 212/237 kB
Progress (2): 853 kB | 228/237 kB
Progress (2): 853 kB | 237 kB    
                             
Downloaded from central: https://repo.maven.apache.org/maven2/org/apache/httpcomponents/core5/httpcore5/5.2/httpcore5-5.2.jar (853 kB at 805 kB/s)
Downloaded from central: https://repo.maven.apache.org/maven2/org/apache/httpcomponents/core5/httpcore5-h2/5.2/httpcore5-h2-5.2.jar (237 kB at 223 kB/s)
[INFO] 
[INFO] --- resources:3.3.1:resources (default-resources) @ selenium-cucumber ---
Downloading from central: https://repo.maven.apache.org/maven2/org/codehaus/plexus/plexus-interpolation/1.26/plexus-interpolation-1.26.pom
Progress (1): 1.4 kB
Progress (1): 2.7 kB
                    
Downloaded from central: https://repo.maven.apache.org/maven2/org/codehaus/plexus/plexus-interpolation/1.26/plexus-interpolation-1.26.pom (2.7 kB at 102 kB/s)
Downloading from central: https://repo.maven.apache.org/maven2/org/codehaus/plexus/plexus/5.1/plexus-5.1.pom
Progress (1): 700 B
Progress (1): 2.7 kB
Progress (1): 6.5 kB
Progress (1): 9.1 kB
Progress (1): 12 kB 
Progress (1): 16 kB
Progress (1): 21 kB
Progress (1): 23 kB
                   
Downloaded from central: https://repo.maven.apache.org/maven2/org/codehaus/plexus/plexus/5.1/plexus-5.1.pom (23 kB at 750 kB/s)
Downloading from central: https://repo.maven.apache.org/maven2/org/codehaus/plexus/plexus-utils/3.5.1/plexus-utils-3.5.1.pom
Progress (1): 726 B
Progress (1): 2.4 kB
Progress (1): 4.4 kB
Progress (1): 8.6 kB
Progress (1): 8.8 kB
                    
Downloaded from central: https://repo.maven.apache.org/maven2/org/codehaus/plexus/plexus-utils/3.5.1/plexus-utils-3.5.1.pom (8.8 kB at 302 kB/s)
Downloading from central: https://repo.maven.apache.org/maven2/org/codehaus/plexus/plexus/10/plexus-10.pom
Progress (1): 696 B
Progress (1): 2.7 kB
Progress (1): 6.4 kB
Progress (1): 9.2 kB
Progress (1): 11 kB 
Progress (1): 16 kB
Progress (1): 20 kB
Progress (1): 24 kB
Progress (1): 25 kB
                   
Downloaded from central: https://repo.maven.apache.org/maven2/org/codehaus/plexus/plexus/10/plexus-10.pom (25 kB at 907 kB/s)
Downloading from central: https://repo.maven.apache.org/maven2/org/apache/maven/shared/maven-filtering/3.3.1/maven-filtering-3.3.1.pom
Progress (1): 793 B
Progress (1): 2.3 kB
Progress (1): 5.6 kB
Progress (1): 6.0 kB
                    
Downloaded from central: https://repo.maven.apache.org/maven2/org/apache/maven/shared/maven-filtering/3.3.1/maven-filtering-3.3.1.pom (6.0 kB at 195 kB/s)
Downloading from central: https://repo.maven.apache.org/maven2/org/apache/maven/shared/maven-shared-components/39/maven-shared-components-39.pom
Progress (1): 812 B
Progress (1): 2.2 kB
Progress (1): 3.2 kB
                    
Downloaded from central: https://repo.maven.apache.org/maven2/org/apache/maven/shared/maven-shared-components/39/maven-shared-components-39.pom (3.2 kB at 107 kB/s)
Downloading from central: https://repo.maven.apache.org/maven2/javax/inject/javax.inject/1/javax.inject-1.pom
Progress (1): 612 B
                   
Downloaded from central: https://repo.maven.apache.org/maven2/javax/inject/javax.inject/1/javax.inject-1.pom (612 B at 22 kB/s)
Downloading from central: https://repo.maven.apache.org/maven2/org/sonatype/plexus/plexus-build-api/0.0.7/plexus-build-api-0.0.7.pom
Progress (1): 910 B
Progress (1): 3.2 kB
                    
Downloaded from central: https://repo.maven.apache.org/maven2/org/sonatype/plexus/plexus-build-api/0.0.7/plexus-build-api-0.0.7.pom (3.2 kB at 119 kB/s)
Downloading from central: https://repo.maven.apache.org/maven2/org/sonatype/spice/spice-parent/15/spice-parent-15.pom
Progress (1): 1.2 kB
Progress (1): 3.7 kB
Progress (1): 7.3 kB
Progress (1): 8.4 kB
                    
Downloaded from central: https://repo.maven.apache.org/maven2/org/sonatype/spice/spice-parent/15/spice-parent-15.pom (8.4 kB at 288 kB/s)
Downloading from central: https://repo.maven.apache.org/maven2/org/sonatype/forge/forge-parent/5/forge-parent-5.pom
Progress (1): 1.3 kB
Progress (1): 5.5 kB
Progress (1): 8.4 kB
                    
Downloaded from central: https://repo.maven.apache.org/maven2/org/sonatype/forge/forge-parent/5/forge-parent-5.pom (8.4 kB at 288 kB/s)
Downloading from central: https://repo.maven.apache.org/maven2/org/codehaus/plexus/plexus-utils/3.5.0/plexus-utils-3.5.0.pom
Progress (1): 725 B
Progress (1): 2.4 kB
Progress (1): 4.5 kB
Progress (1): 8.0 kB
                    
Downloaded from central: https://repo.maven.apache.org/maven2/org/codehaus/plexus/plexus-utils/3.5.0/plexus-utils-3.5.0.pom (8.0 kB at 297 kB/s)
Downloading from central: https://repo.maven.apache.org/maven2/commons-io/commons-io/2.11.0/commons-io-2.11.0.pom
Progress (1): 764 B
Progress (1): 2.1 kB
Progress (1): 5.2 kB
Progress (1): 7.8 kB
Progress (1): 10 kB 
Progress (1): 12 kB
Progress (1): 15 kB
Progress (1): 18 kB
Progress (1): 20 kB
                   
Downloaded from central: https://repo.maven.apache.org/maven2/commons-io/commons-io/2.11.0/commons-io-2.11.0.pom (20 kB at 759 kB/s)
Downloading from central: https://repo.maven.apache.org/maven2/org/junit/junit-bom/5.7.2/junit-bom-5.7.2.pom
Progress (1): 912 B
Progress (1): 4.1 kB
Progress (1): 5.1 kB
                    
Downloaded from central: https://repo.maven.apache.org/maven2/org/junit/junit-bom/5.7.2/junit-bom-5.7.2.pom (5.1 kB at 182 kB/s)
Downloading from central: https://repo.maven.apache.org/maven2/org/codehaus/plexus/plexus-interpolation/1.26/plexus-interpolation-1.26.jar
Progress (1): 7.7/85 kB
Progress (1): 16/85 kB 
Progress (1): 24/85 kB
Progress (1): 40/85 kB
Progress (1): 57/85 kB
Progress (1): 73/85 kB
Progress (1): 85 kB   
                   
Downloaded from central: https://repo.maven.apache.org/maven2/org/codehaus/plexus/plexus-interpolation/1.26/plexus-interpolation-1.26.jar (85 kB at 3.2 MB/s)
Downloading from central: https://repo.maven.apache.org/maven2/org/codehaus/plexus/plexus-utils/3.5.1/plexus-utils-3.5.1.jar
Downloading from central: https://repo.maven.apache.org/maven2/javax/inject/javax.inject/1/javax.inject-1.jar
Downloading from central: https://repo.maven.apache.org/maven2/org/apache/maven/shared/maven-filtering/3.3.1/maven-filtering-3.3.1.jar
Downloading from central: https://repo.maven.apache.org/maven2/org/sonatype/plexus/plexus-build-api/0.0.7/plexus-build-api-0.0.7.jar
Downloading from central: https://repo.maven.apache.org/maven2/commons-io/commons-io/2.11.0/commons-io-2.11.0.jar
Progress (1): 2.5 kB
                    
Downloaded from central: https://repo.maven.apache.org/maven2/javax/inject/javax.inject/1/javax.inject-1.jar (2.5 kB at 89 kB/s)
Downloading from central: https://repo.maven.apache.org/maven2/org/apache/commons/commons-lang3/3.12.0/commons-lang3-3.12.0.jar
Progress (1): 7.7/269 kB
Progress (1): 7.7/269 kB
Progress (1): 16/269 kB 
Progress (1): 33/269 kB
Progress (1): 49/269 kB
Progress (1): 66/269 kB
Progress (1): 82/269 kB
Progress (1): 98/269 kB
Progress (1): 115/269 kB
Progress (1): 131/269 kB
Progress (2): 131/269 kB | 7.7/327 kB
Progress (2): 131/269 kB | 16/327 kB 
Progress (2): 147/269 kB | 16/327 kB
Progress (2): 147/269 kB | 32/327 kB
Progress (2): 147/269 kB | 49/327 kB
Progress (2): 147/269 kB | 65/327 kB
Progress (2): 147/269 kB | 81/327 kB
Progress (2): 164/269 kB | 81/327 kB
Progress (2): 164/269 kB | 98/327 kB
Progress (2): 180/269 kB | 98/327 kB
Progress (2): 180/269 kB | 114/327 kB
Progress (2): 197/269 kB | 114/327 kB
Progress (2): 197/269 kB | 131/327 kB
Progress (2): 213/269 kB | 131/327 kB
Progress (2): 213/269 kB | 147/327 kB
Progress (2): 213/269 kB | 163/327 kB
Progress (2): 213/269 kB | 180/327 kB
Progress (2): 229/269 kB | 180/327 kB
Progress (2): 246/269 kB | 180/327 kB
Progress (2): 262/269 kB | 180/327 kB
Progress (2): 269 kB | 180/327 kB    
                                 
Downloaded from central: https://repo.maven.apache.org/maven2/org/codehaus/plexus/plexus-utils/3.5.1/plexus-utils-3.5.1.jar (269 kB at 6.7 MB/s)
Progress (1): 196/327 kB
Progress (1): 212/327 kB
Progress (1): 229/327 kB
Progress (1): 236/327 kB
Progress (1): 252/327 kB
Progress (1): 268/327 kB
Progress (1): 285/327 kB
Progress (1): 301/327 kB
Progress (1): 318/327 kB
Progress (1): 327 kB    
Progress (2): 327 kB | 7.7/55 kB
Progress (2): 327 kB | 15/55 kB 
Progress (2): 327 kB | 32/55 kB
Progress (2): 327 kB | 48/55 kB
Progress (2): 327 kB | 55 kB   
                            
Downloaded from central: https://repo.maven.apache.org/maven2/commons-io/commons-io/2.11.0/commons-io-2.11.0.jar (327 kB at 8.8 MB/s)
Downloaded from central: https://repo.maven.apache.org/maven2/org/apache/maven/shared/maven-filtering/3.3.1/maven-filtering-3.3.1.jar (55 kB at 1.4 MB/s)
Progress (1): 7.7/8.5 kB
Progress (1): 7.7/8.5 kB
Progress (1): 8.5 kB    
                    
Downloaded from central: https://repo.maven.apache.org/maven2/org/sonatype/plexus/plexus-build-api/0.0.7/plexus-build-api-0.0.7.jar (8.5 kB at 157 kB/s)
Progress (1): 8.2/587 kB
Progress (1): 16/587 kB 
Progress (1): 33/587 kB
Progress (1): 49/587 kB
Progress (1): 66/587 kB
Progress (1): 82/587 kB
Progress (1): 98/587 kB
Progress (1): 115/587 kB
Progress (1): 131/587 kB
Progress (1): 147/587 kB
Progress (1): 164/587 kB
Progress (1): 180/587 kB
Progress (1): 197/587 kB
Progress (1): 213/587 kB
Progress (1): 229/587 kB
Progress (1): 246/587 kB
Progress (1): 262/587 kB
Progress (1): 279/587 kB
Progress (1): 295/587 kB
Progress (1): 311/587 kB
Progress (1): 328/587 kB
Progress (1): 344/587 kB
Progress (1): 360/587 kB
Progress (1): 377/587 kB
Progress (1): 393/587 kB
Progress (1): 410/587 kB
Progress (1): 426/587 kB
Progress (1): 442/587 kB
Progress (1): 459/587 kB
Progress (1): 475/587 kB
Progress (1): 492/587 kB
Progress (1): 508/587 kB
Progress (1): 524/587 kB
Progress (1): 541/587 kB
Progress (1): 557/587 kB
Progress (1): 573/587 kB
Progress (1): 587 kB    
                    
Downloaded from central: https://repo.maven.apache.org/maven2/org/apache/commons/commons-lang3/3.12.0/commons-lang3-3.12.0.jar (587 kB at 8.4 MB/s)
[INFO] skip non existing resourceDirectory /tmp/qbric-codegen/exec-6e3fc2dfbbe34c52b09423adf09aca98-heal/src/main/resources
[INFO] 
[INFO] --- compiler:3.13.0:compile (default-compile) @ selenium-cucumber ---
Downloading from central: https://repo.maven.apache.org/maven2/org/apache/maven/shared/maven-shared-utils/3.4.2/maven-shared-utils-3.4.2.pom
Progress (1): 793 B
Progress (1): 2.3 kB
Progress (1): 4.3 kB
Progress (1): 5.9 kB
                    
Downloaded from central: https://repo.maven.apache.org/maven2/org/apache/maven/shared/maven-shared-utils/3.4.2/maven-shared-utils-3.4.2.pom (5.9 kB at 246 kB/s)
Downloading from central: https://repo.maven.apache.org/maven2/org/apache/maven/shared/maven-shared-incremental/1.1/maven-shared-incremental-1.1.pom
Progress (1): 806 B
Progress (1): 2.3 kB
Progress (1): 4.7 kB
                    
Downloaded from central: https://repo.maven.apache.org/maven2/org/apache/maven/shared/maven-shared-incremental/1.1/maven-shared-incremental-1.1.pom (4.7 kB at 164 kB/s)
Downloading from central: https://repo.maven.apache.org/maven2/org/apache/maven/shared/maven-shared-components/19/maven-shared-components-19.pom
Progress (1): 773 B
Progress (1): 2.4 kB
Progress (1): 4.2 kB
Progress (1): 6.4 kB
                    
Downloaded from central: https://repo.maven.apache.org/maven2/org/apache/maven/shared/maven-shared-components/19/maven-shared-components-19.pom (6.4 kB at 227 kB/s)
Downloading from central: https://repo.maven.apache.org/maven2/org/apache/maven/maven-parent/23/maven-parent-23.pom
Progress (1): 726 B
Progress (1): 2.0 kB
Progress (1): 5.9 kB
Progress (1): 10 kB 
Progress (1): 15 kB
Progress (1): 19 kB
Progress (1): 22 kB
Progress (1): 25 kB
Progress (1): 27 kB
Progress (1): 31 kB
Progress (1): 33 kB
                   
Downloaded from central: https://repo.maven.apache.org/maven2/org/apache/maven/maven-parent/23/maven-parent-23.pom (33 kB at 1.1 MB/s)
Downloading from central: https://repo.maven.apache.org/maven2/org/apache/apache/13/apache-13.pom
Progress (1): 814 B
Progress (1): 2.3 kB
Progress (1): 3.2 kB
Progress (1): 5.7 kB
Progress (1): 10 kB 
Progress (1): 13 kB
Progress (1): 14 kB
                   
Downloaded from central: https://repo.maven.apache.org/maven2/org/apache/apache/13/apache-13.pom (14 kB at 518 kB/s)
Downloading from central: https://repo.maven.apache.org/maven2/org/codehaus/plexus/plexus-java/1.2.0/plexus-java-1.2.0.pom
Progress (1): 1.9 kB
Progress (1): 4.3 kB
                    
Downloaded from central: https://repo.maven.apache.org/maven2/org/codehaus/plexus/plexus-java/1.2.0/plexus-java-1.2.0.pom (4.3 kB at 158 kB/s)
Downloading from central: https://repo.maven.apache.org/maven2/org/codehaus/plexus/plexus-languages/1.2.0/plexus-languages-1.2.0.pom
Progress (1): 1.3 kB
Progress (1): 3.2 kB
                    
Downloaded from central: https://repo.maven.apache.org/maven2/org/codehaus/plexus/plexus-languages/1.2.0/plexus-languages-1.2.0.pom (3.2 kB at 106 kB/s)
Downloading from central: https://repo.maven.apache.org/maven2/org/codehaus/plexus/plexus/15/plexus-15.pom
Progress (1): 827 B
Progress (1): 2.9 kB
Progress (1): 3.2 kB
Progress (1): 6.6 kB
Progress (1): 8.9 kB
Progress (1): 11 kB 
Progress (1): 14 kB
Progress (1): 19 kB
Progress (1): 21 kB
Progress (1): 25 kB
Progress (1): 28 kB
                   
Downloaded from central: https://repo.maven.apache.org/maven2/org/codehaus/plexus/plexus/15/plexus-15.pom (28 kB at 1.0 MB/s)
Downloading from central: https://repo.maven.apache.org/maven2/org/ow2/asm/asm/9.6/asm-9.6.pom
Progress (1): 1.3 kB
Progress (1): 2.4 kB
                    
Downloaded from central: https://repo.maven.apache.org/maven2/org/ow2/asm/asm/9.6/asm-9.6.pom (2.4 kB at 91 kB/s)
Downloading from central: https://repo.maven.apache.org/maven2/org/ow2/ow2/1.5.1/ow2-1.5.1.pom
Progress (1): 709 B
Progress (1): 2.1 kB
Progress (1): 3.6 kB
Progress (1): 5.7 kB
Progress (1): 8.1 kB
Progress (1): 11 kB 
                   
Downloaded from central: https://repo.maven.apache.org/maven2/org/ow2/ow2/1.5.1/ow2-1.5.1.pom (11 kB at 403 kB/s)
Downloading from central: https://repo.maven.apache.org/maven2/com/thoughtworks/qdox/qdox/2.0.3/qdox-2.0.3.pom
Progress (1): 872 B
Progress (1): 3.4 kB
Progress (1): 6.6 kB
Progress (1): 11 kB 
Progress (1): 13 kB
Progress (1): 17 kB
                   
Downloaded from central: https://repo.maven.apache.org/maven2/com/thoughtworks/qdox/qdox/2.0.3/qdox-2.0.3.pom (17 kB at 638 kB/s)
Downloading from central: https://repo.maven.apache.org/maven2/org/codehaus/plexus/plexus-compiler-api/2.15.0/plexus-compiler-api-2.15.0.pom
Progress (1): 1.4 kB
                    
Downloaded from central: https://repo.maven.apache.org/maven2/org/codehaus/plexus/plexus-compiler-api/2.15.0/plexus-compiler-api-2.15.0.pom (1.4 kB at 49 kB/s)
Downloading from central: https://repo.maven.apache.org/maven2/org/codehaus/plexus/plexus-compiler/2.15.0/plexus-compiler-2.15.0.pom
Progress (1): 1.2 kB
Progress (1): 4.5 kB
Progress (1): 7.6 kB
Progress (1): 7.6 kB
                    
Downloaded from central: https://repo.maven.apache.org/maven2/org/codehaus/plexus/plexus-compiler/2.15.0/plexus-compiler-2.15.0.pom (7.6 kB at 304 kB/s)
Downloading from central: https://repo.maven.apache.org/maven2/org/codehaus/plexus/plexus/17/plexus-17.pom
Progress (1): 691 B
Progress (1): 2.5 kB
Progress (1): 6.4 kB
Progress (1): 8.9 kB
Progress (1): 11 kB 
Progress (1): 14 kB
Progress (1): 19 kB
Progress (1): 21 kB
Progress (1): 25 kB
Progress (1): 28 kB
                   
Downloaded from central: https://repo.maven.apache.org/maven2/org/codehaus/plexus/plexus/17/plexus-17.pom (28 kB at 972 kB/s)
Downloading from central: https://repo.maven.apache.org/maven2/org/junit/junit-bom/5.10.2/junit-bom-5.10.2.pom
Progress (1): 908 B
Progress (1): 4.1 kB
Progress (1): 5.6 kB
                    
Downloaded from central: https://repo.maven.apache.org/maven2/org/junit/junit-bom/5.10.2/junit-bom-5.10.2.pom (5.6 kB at 209 kB/s)
Downloading from central: https://repo.maven.apache.org/maven2/org/codehaus/plexus/plexus-utils/4.0.0/plexus-utils-4.0.0.pom
Progress (1): 724 B
Progress (1): 2.3 kB
Progress (1): 4.5 kB
Progress (1): 8.7 kB
                    
Downloaded from central: https://repo.maven.apache.org/maven2/org/codehaus/plexus/plexus-utils/4.0.0/plexus-utils-4.0.0.pom (8.7 kB at 298 kB/s)
Downloading from central: https://repo.maven.apache.org/maven2/org/codehaus/plexus/plexus/13/plexus-13.pom
Progress (1): 693 B
Progress (1): 2.5 kB
Progress (1): 6.4 kB
Progress (1): 8.9 kB
Progress (1): 11 kB 
Progress (1): 14 kB
Progress (1): 18 kB
Progress (1): 21 kB
Progress (1): 26 kB
Progress (1): 27 kB
                   
Downloaded from central: https://repo.maven.apache.org/maven2/org/codehaus/plexus/plexus/13/plexus-13.pom (27 kB at 1.0 MB/s)
Downloading from central: https://repo.maven.apache.org/maven2/org/codehaus/plexus/plexus-compiler-manager/2.15.0/plexus-compiler-manager-2.15.0.pom
Progress (1): 1.3 kB
                    
Downloaded from central: https://repo.maven.apache.org/maven2/org/codehaus/plexus/plexus-compiler-manager/2.15.0/plexus-compiler-manager-2.15.0.pom (1.3 kB at 56 kB/s)
Downloading from central: https://repo.maven.apache.org/maven2/org/codehaus/plexus/plexus-xml/3.0.0/plexus-xml-3.0.0.pom
Progress (1): 815 B
Progress (1): 2.7 kB
Progress (1): 3.7 kB
                    
Downloaded from central: https://repo.maven.apache.org/maven2/org/codehaus/plexus/plexus-xml/3.0.0/plexus-xml-3.0.0.pom (3.7 kB at 150 kB/s)
Downloading from central: https://repo.maven.apache.org/maven2/org/codehaus/plexus/plexus-compiler-javac/2.15.0/plexus-compiler-javac-2.15.0.pom
Progress (1): 1.3 kB
                    
Downloaded from central: https://repo.maven.apache.org/maven2/org/codehaus/plexus/plexus-compiler-javac/2.15.0/plexus-compiler-javac-2.15.0.pom (1.3 kB at 37 kB/s)
Downloading from central: https://repo.maven.apache.org/maven2/org/codehaus/plexus/plexus-compilers/2.15.0/plexus-compilers-2.15.0.pom
Progress (1): 1.6 kB
Progress (1): 1.6 kB
                    
Downloaded from central: https://repo.maven.apache.org/maven2/org/codehaus/plexus/plexus-compilers/2.15.0/plexus-compilers-2.15.0.pom (1.6 kB at 49 kB/s)
Downloading from central: https://repo.maven.apache.org/maven2/org/apache/maven/shared/maven-shared-utils/3.4.2/maven-shared-utils-3.4.2.jar
Progress (1): 7.7/151 kB
Progress (1): 16/151 kB 
Progress (1): 24/151 kB
Progress (1): 40/151 kB
Progress (1): 57/151 kB
Progress (1): 73/151 kB
Progress (1): 90/151 kB
Progress (1): 106/151 kB
Progress (1): 122/151 kB
Progress (1): 139/151 kB
Progress (1): 151 kB    
                    
Downloaded from central: https://repo.maven.apache.org/maven2/org/apache/maven/shared/maven-shared-utils/3.4.2/maven-shared-utils-3.4.2.jar (151 kB at 5.6 MB/s)
Downloading from central: https://repo.maven.apache.org/maven2/org/apache/maven/shared/maven-shared-incremental/1.1/maven-shared-incremental-1.1.jar
Downloading from central: https://repo.maven.apache.org/maven2/org/codehaus/plexus/plexus-java/1.2.0/plexus-java-1.2.0.jar
Downloading from central: https://repo.maven.apache.org/maven2/org/ow2/asm/asm/9.6/asm-9.6.jar
Downloading from central: https://repo.maven.apache.org/maven2/org/codehaus/plexus/plexus-compiler-api/2.15.0/plexus-compiler-api-2.15.0.jar
Downloading from central: https://repo.maven.apache.org/maven2/com/thoughtworks/qdox/qdox/2.0.3/qdox-2.0.3.jar
Progress (1): 7.7/14 kB
Progress (1): 14 kB    
                   
Downloaded from central: https://repo.maven.apache.org/maven2/org/apache/maven/shared/maven-shared-incremental/1.1/maven-shared-incremental-1.1.jar (14 kB at 521 kB/s)
Downloading from central: https://repo.maven.apache.org/maven2/org/codehaus/plexus/plexus-compiler-manager/2.15.0/plexus-compiler-manager-2.15.0.jar
Progress (1): 7.7/29 kB
Progress (1): 16/29 kB 
Progress (1): 24/29 kB
Progress (1): 29 kB   
                   
Downloaded from central: https://repo.maven.apache.org/maven2/org/codehaus/plexus/plexus-compiler-api/2.15.0/plexus-compiler-api-2.15.0.jar (29 kB at 1.1 MB/s)
Downloading from central: https://repo.maven.apache.org/maven2/org/codehaus/plexus/plexus-xml/3.0.0/plexus-xml-3.0.0.jar
Progress (1): 7.7/334 kB
Progress (1): 16/334 kB 
Progress (1): 32/334 kB
Progress (1): 49/334 kB
Progress (1): 61/334 kB
Progress (1): 77/334 kB
Progress (1): 93/334 kB
Progress (1): 110/334 kB
Progress (1): 126/334 kB
Progress (1): 142/334 kB
Progress (1): 159/334 kB
Progress (1): 175/334 kB
Progress (1): 192/334 kB
Progress (1): 208/334 kB
Progress (1): 224/334 kB
Progress (1): 241/334 kB
Progress (1): 257/334 kB
Progress (1): 274/334 kB
Progress (1): 290/334 kB
Progress (1): 302/334 kB
Progress (1): 319/334 kB
Progress (1): 334 kB    
                    
Downloaded from central: https://repo.maven.apache.org/maven2/com/thoughtworks/qdox/qdox/2.0.3/qdox-2.0.3.jar (334 kB at 11 MB/s)
Downloading from central: https://repo.maven.apache.org/maven2/org/codehaus/plexus/plexus-compiler-javac/2.15.0/plexus-compiler-javac-2.15.0.jar
Progress (1): 7.7/124 kB
Progress (1): 16/124 kB 
Progress (1): 24/124 kB
Progress (1): 33/124 kB
Progress (1): 49/124 kB
Progress (1): 66/124 kB
Progress (1): 82/124 kB
Progress (1): 98/124 kB
Progress (1): 102/124 kB
Progress (1): 115/124 kB
Progress (1): 124 kB    
                    
Downloaded from central: https://repo.maven.apache.org/maven2/org/ow2/asm/asm/9.6/asm-9.6.jar (124 kB at 2.6 MB/s)
Downloading from central: https://repo.maven.apache.org/maven2/org/codehaus/plexus/plexus-utils/4.0.0/plexus-utils-4.0.0.jar
Progress (1): 5.2 kB
                    
Downloaded from central: https://repo.maven.apache.org/maven2/org/codehaus/plexus/plexus-compiler-manager/2.15.0/plexus-compiler-manager-2.15.0.jar (5.2 kB at 107 kB/s)
Progress (1): 7.7/58 kB
Progress (1): 7.7/58 kB
Progress (1): 24/58 kB 
Progress (1): 40/58 kB
Progress (1): 57/58 kB
Progress (1): 58 kB   
Progress (2): 58 kB | 7.7/93 kB
Progress (2): 58 kB | 7.7/93 kB
Progress (2): 58 kB | 24/93 kB 
Progress (2): 58 kB | 40/93 kB
                              
Downloaded from central: https://repo.maven.apache.org/maven2/org/codehaus/plexus/plexus-java/1.2.0/plexus-java-1.2.0.jar (58 kB at 1.0 MB/s)
Progress (1): 57/93 kB
Progress (1): 73/93 kB
Progress (1): 90/93 kB
Progress (1): 93 kB   
                   
Downloaded from central: https://repo.maven.apache.org/maven2/org/codehaus/plexus/plexus-xml/3.0.0/plexus-xml-3.0.0.jar (93 kB at 1.8 MB/s)
Progress (1): 7.7/26 kB
Progress (1): 12/26 kB 
Progress (1): 26 kB   
                   
Downloaded from central: https://repo.maven.apache.org/maven2/org/codehaus/plexus/plexus-compiler-javac/2.15.0/plexus-compiler-javac-2.15.0.jar (26 kB at 443 kB/s)
Progress (1): 3.1/192 kB
Progress (1): 20/192 kB 
Progress (1): 36/192 kB
Progress (1): 52/192 kB
Progress (1): 60/192 kB
Progress (1): 77/192 kB
Progress (1): 93/192 kB
Progress (1): 110/192 kB
Progress (1): 126/192 kB
Progress (1): 142/192 kB
Progress (1): 159/192 kB
Progress (1): 163/192 kB
Progress (1): 179/192 kB
Progress (1): 192 kB    
                    
Downloaded from central: https://repo.maven.apache.org/maven2/org/codehaus/plexus/plexus-utils/4.0.0/plexus-utils-4.0.0.jar (192 kB at 2.1 MB/s)
[INFO] No sources to compile
[INFO] 
[INFO] --- resources:3.3.1:testResources (default-testResources) @ selenium-cucumber ---
[INFO] Copying 4 resources from src/test/resources to target/test-classes
[INFO] 
[INFO] --- compiler:3.13.0:testCompile (default-testCompile) @ selenium-cucumber ---
[INFO] Recompiling the module because of changed source code.
[INFO] Compiling 11 source files with javac [debug release 17] to target/test-classes
[INFO] 
[INFO] --- surefire:3.2.5:test (default-test) @ selenium-cucumber ---
Downloading from central: https://repo.maven.apache.org/maven2/org/apache/maven/surefire/maven-surefire-common/3.2.5/maven-surefire-common-3.2.5.pom
Progress (1): 834 B
Progress (1): 3.3 kB
Progress (1): 6.2 kB
Progress (1): 6.2 kB
                    
Downloaded from central: https://repo.maven.apache.org/maven2/org/apache/maven/surefire/maven-surefire-common/3.2.5/maven-surefire-common-3.2.5.pom (6.2 kB at 195 kB/s)
Downloading from central: https://repo.maven.apache.org/maven2/org/apache/maven/surefire/surefire-api/3.2.5/surefire-api-3.2.5.pom
Progress (1): 843 B
Progress (1): 2.7 kB
Progress (1): 3.5 kB
                    
Downloaded from central: https://repo.maven.apache.org/maven2/org/apache/maven/surefire/surefire-api/3.2.5/surefire-api-3.2.5.pom (3.5 kB at 114 kB/s)
Downloading from central: https://repo.maven.apache.org/maven2/org/apache/maven/surefire/surefire-logger-api/3.2.5/surefire-logger-api-3.2.5.pom
Progress (1): 834 B
Progress (1): 2.3 kB
Progress (1): 3.3 kB
                    
Downloaded from central: https://repo.maven.apache.org/maven2/org/apache/maven/surefire/surefire-logger-api/3.2.5/surefire-logger-api-3.2.5.pom (3.3 kB at 102 kB/s)
Downloading from central: https://repo.maven.apache.org/maven2/org/apache/maven/surefire/surefire-shared-utils/3.2.5/surefire-shared-utils-3.2.5.pom
Progress (1): 1.1 kB
Progress (1): 4.1 kB
                    
Downloaded from central: https://repo.maven.apache.org/maven2/org/apache/maven/surefire/surefire-shared-utils/3.2.5/surefire-shared-utils-3.2.5.pom (4.1 kB at 123 kB/s)
Downloading from central: https://repo.maven.apache.org/maven2/org/apache/maven/surefire/surefire-extensions-api/3.2.5/surefire-extensions-api-3.2.5.pom
Progress (1): 842 B
Progress (1): 2.8 kB
Progress (1): 3.3 kB
                    
Downloaded from central: https://repo.maven.apache.org/maven2/org/apache/maven/surefire/surefire-extensions-api/3.2.5/surefire-extensions-api-3.2.5.pom (3.3 kB at 85 kB/s)
Downloading from central: https://repo.maven.apache.org/maven2/org/apache/maven/surefire/surefire-booter/3.2.5/surefire-booter-3.2.5.pom
Progress (1): 834 B
Progress (1): 3.0 kB
Progress (1): 4.5 kB
                    
Downloaded from central: https://repo.maven.apache.org/maven2/org/apache/maven/surefire/surefire-booter/3.2.5/surefire-booter-3.2.5.pom (4.5 kB at 87 kB/s)
Downloading from central: https://repo.maven.apache.org/maven2/org/apache/maven/surefire/surefire-extensions-spi/3.2.5/surefire-extensions-spi-3.2.5.pom
Progress (1): 878 B
Progress (1): 1.8 kB
                    
Downloaded from central: https://repo.maven.apache.org/maven2/org/apache/maven/surefire/surefire-extensions-spi/3.2.5/surefire-extensions-spi-3.2.5.pom (1.8 kB at 59 kB/s)
Downloading from central: https://repo.maven.apache.org/maven2/org/eclipse/aether/aether-util/1.0.0.v20140518/aether-util-1.0.0.v20140518.pom
Progress (1): 937 B
Progress (1): 2.2 kB
                    
Downloaded from central: https://repo.maven.apache.org/maven2/org/eclipse/aether/aether-util/1.0.0.v20140518/aether-util-1.0.0.v20140518.pom (2.2 kB at 56 kB/s)
Downloading from central: https://repo.maven.apache.org/maven2/org/eclipse/aether/aether/1.0.0.v20140518/aether-1.0.0.v20140518.pom
Progress (1): 884 B
Progress (1): 3.2 kB
Progress (1): 4.8 kB
Progress (1): 8.8 kB
Progress (1): 12 kB 
Progress (1): 16 kB
Progress (1): 20 kB
Progress (1): 22 kB
Progress (1): 27 kB
Progress (1): 30 kB
                   
Downloaded from central: https://repo.maven.apache.org/maven2/org/eclipse/aether/aether/1.0.0.v20140518/aether-1.0.0.v20140518.pom (30 kB at 1.0 MB/s)
Downloading from central: https://repo.maven.apache.org/maven2/org/eclipse/aether/aether-api/1.0.0.v20140518/aether-api-1.0.0.v20140518.pom
Progress (1): 938 B
Progress (1): 1.9 kB
                    
Downloaded from central: https://repo.maven.apache.org/maven2/org/eclipse/aether/aether-api/1.0.0.v20140518/aether-api-1.0.0.v20140518.pom (1.9 kB at 65 kB/s)
Downloading from central: https://repo.maven.apache.org/maven2/org/apache/maven/shared/maven-common-artifact-filters/3.1.1/maven-common-artifact-filters-3.1.1.pom
Progress (1): 798 B
Progress (1): 2.3 kB
Progress (1): 5.7 kB
Progress (1): 5.8 kB
                    
Downloaded from central: https://repo.maven.apache.org/maven2/org/apache/maven/shared/maven-common-artifact-filters/3.1.1/maven-common-artifact-filters-3.1.1.pom (5.8 kB at 187 kB/s)
Downloading from central: https://repo.maven.apache.org/maven2/org/apache/maven/shared/maven-shared-components/34/maven-shared-components-34.pom
Progress (1): 781 B
Progress (1): 2.3 kB
Progress (1): 4.6 kB
Progress (1): 5.1 kB
                    
Downloaded from central: https://repo.maven.apache.org/maven2/org/apache/maven/shared/maven-shared-components/34/maven-shared-components-34.pom (5.1 kB at 176 kB/s)
Downloading from central: https://repo.maven.apache.org/maven2/org/apache/maven/maven-parent/34/maven-parent-34.pom
Progress (1): 727 B
Progress (1): 1.9 kB
Progress (1): 5.4 kB
Progress (1): 9.8 kB
Progress (1): 14 kB 
Progress (1): 19 kB
Progress (1): 23 kB
Progress (1): 26 kB
Progress (1): 27 kB
Progress (1): 30 kB
Progress (1): 34 kB
Progress (1): 37 kB
Progress (1): 41 kB
Progress (1): 43 kB
                   
Downloaded from central: https://repo.maven.apache.org/maven2/org/apache/maven/maven-parent/34/maven-parent-34.pom (43 kB at 1.5 MB/s)
Downloading from central: https://repo.maven.apache.org/maven2/org/apache/maven/maven-artifact/3.2.5/maven-artifact-3.2.5.pom
Progress (1): 843 B
Progress (1): 2.3 kB
                    
Downloaded from central: https://repo.maven.apache.org/maven2/org/apache/maven/maven-artifact/3.2.5/maven-artifact-3.2.5.pom (2.3 kB at 73 kB/s)
Downloading from central: https://repo.maven.apache.org/maven2/org/apache/maven/maven/3.2.5/maven-3.2.5.pom
Progress (1): 759 B
Progress (1): 1.9 kB
Progress (1): 3.4 kB
Progress (1): 5.3 kB
Progress (1): 11 kB 
Progress (1): 15 kB
Progress (1): 18 kB
Progress (1): 21 kB
Progress (1): 22 kB
                   
Downloaded from central: https://repo.maven.apache.org/maven2/org/apache/maven/maven/3.2.5/maven-3.2.5.pom (22 kB at 699 kB/s)
Downloading from central: https://repo.maven.apache.org/maven2/org/apache/maven/maven-parent/25/maven-parent-25.pom
Progress (1): 730 B
Progress (1): 2.0 kB
Progress (1): 6.0 kB
Progress (1): 11 kB 
Progress (1): 15 kB
Progress (1): 19 kB
Progress (1): 23 kB
Progress (1): 24 kB
Progress (1): 27 kB
Progress (1): 30 kB
Progress (1): 32 kB
Progress (1): 37 kB
Progress (1): 37 kB
                   
Downloaded from central: https://repo.maven.apache.org/maven2/org/apache/maven/maven-parent/25/maven-parent-25.pom (37 kB at 1.3 MB/s)
Downloading from central: https://repo.maven.apache.org/maven2/org/apache/apache/15/apache-15.pom
Progress (1): 754 B
Progress (1): 2.1 kB
Progress (1): 3.9 kB
Progress (1): 7.9 kB
Progress (1): 11 kB 
Progress (1): 14 kB
Progress (1): 15 kB
                   
Downloaded from central: https://repo.maven.apache.org/maven2/org/apache/apache/15/apache-15.pom (15 kB at 435 kB/s)
Downloading from central: https://repo.maven.apache.org/maven2/org/apache/maven/maven-core/3.2.5/maven-core-3.2.5.pom
Progress (1): 838 B
Progress (1): 2.4 kB
Progress (1): 5.2 kB
Progress (1): 8.0 kB
Progress (1): 8.1 kB
                    
Downloaded from central: https://repo.maven.apache.org/maven2/org/apache/maven/maven-core/3.2.5/maven-core-3.2.5.pom (8.1 kB at 252 kB/s)
Downloading from central: https://repo.maven.apache.org/maven2/org/apache/maven/maven-settings/3.2.5/maven-settings-3.2.5.pom
Progress (1): 823 B
Progress (1): 2.2 kB
                    
Downloaded from central: https://repo.maven.apache.org/maven2/org/apache/maven/maven-settings/3.2.5/maven-settings-3.2.5.pom (2.2 kB at 75 kB/s)
Downloading from central: https://repo.maven.apache.org/maven2/org/apache/maven/maven-settings-builder/3.2.5/maven-settings-builder-3.2.5.pom
Progress (1): 823 B
Progress (1): 2.6 kB
                    
Downloaded from central: https://repo.maven.apache.org/maven2/org/apache/maven/maven-settings-builder/3.2.5/maven-settings-builder-3.2.5.pom (2.6 kB at 87 kB/s)
Downloading from central: https://repo.maven.apache.org/maven2/org/codehaus/plexus/plexus-interpolation/1.21/plexus-interpolation-1.21.pom
Progress (1): 1.3 kB
Progress (1): 1.5 kB
                    
Downloaded from central: https://repo.maven.apache.org/maven2/org/codehaus/plexus/plexus-interpolation/1.21/plexus-interpolation-1.21.pom (1.5 kB at 53 kB/s)
Downloading from central: https://repo.maven.apache.org/maven2/org/codehaus/plexus/plexus-components/1.3.1/plexus-components-1.3.1.pom
Progress (1): 1.3 kB
Progress (1): 3.1 kB
                    
Downloaded from central: https://repo.maven.apache.org/maven2/org/codehaus/plexus/plexus-components/1.3.1/plexus-components-1.3.1.pom (3.1 kB at 102 kB/s)
Downloading from central: https://repo.maven.apache.org/maven2/org/codehaus/plexus/plexus/3.3.1/plexus-3.3.1.pom
Progress (1): 829 B
Progress (1): 2.9 kB
Progress (1): 6.0 kB
Progress (1): 8.6 kB
Progress (1): 11 kB 
Progress (1): 16 kB
Progress (1): 20 kB
Progress (1): 20 kB
                   
Downloaded from central: https://repo.maven.apache.org/maven2/org/codehaus/plexus/plexus/3.3.1/plexus-3.3.1.pom (20 kB at 730 kB/s)
Downloading from central: https://repo.maven.apache.org/maven2/org/sonatype/spice/spice-parent/17/spice-parent-17.pom
Progress (1): 1.2 kB
Progress (1): 3.4 kB
Progress (1): 6.7 kB
Progress (1): 6.8 kB
                    
Downloaded from central: https://repo.maven.apache.org/maven2/org/sonatype/spice/spice-parent/17/spice-parent-17.pom (6.8 kB at 225 kB/s)
Downloading from central: https://repo.maven.apache.org/maven2/org/sonatype/forge/forge-parent/10/forge-parent-10.pom
Progress (1): 735 B
Progress (1): 2.6 kB
Progress (1): 8.6 kB
Progress (1): 12 kB 
Progress (1): 14 kB
                   
Downloaded from central: https://repo.maven.apache.org/maven2/org/sonatype/forge/forge-parent/10/forge-parent-10.pom (14 kB at 502 kB/s)
Downloading from central: https://repo.maven.apache.org/maven2/org/codehaus/plexus/plexus-component-annotations/1.5.5/plexus-component-annotations-1.5.5.pom
Progress (1): 815 B
                   
Downloaded from central: https://repo.maven.apache.org/maven2/org/codehaus/plexus/plexus-component-annotations/1.5.5/plexus-component-annotations-1.5.5.pom (815 B at 31 kB/s)
Downloading from central: https://repo.maven.apache.org/maven2/org/codehaus/plexus/plexus-containers/1.5.5/plexus-containers-1.5.5.pom
Progress (1): 1.3 kB
Progress (1): 4.2 kB
                    
Downloaded from central: https://repo.maven.apache.org/maven2/org/codehaus/plexus/plexus-containers/1.5.5/plexus-containers-1.5.5.pom (4.2 kB at 141 kB/s)
Downloading from central: https://repo.maven.apache.org/maven2/org/codehaus/plexus/plexus/2.0.7/plexus-2.0.7.pom
Progress (1): 711 B
Progress (1): 2.8 kB
Progress (1): 6.4 kB
Progress (1): 9.1 kB
Progress (1): 13 kB 
Progress (1): 17 kB
                   
Downloaded from central: https://repo.maven.apache.org/maven2/org/codehaus/plexus/plexus/2.0.7/plexus-2.0.7.pom (17 kB at 576 kB/s)
Downloading from central: https://repo.maven.apache.org/maven2/org/sonatype/plexus/plexus-sec-dispatcher/1.3/plexus-sec-dispatcher-1.3.pom
Progress (1): 1.3 kB
Progress (1): 3.0 kB
                    
Downloaded from central: https://repo.maven.apache.org/maven2/org/sonatype/plexus/plexus-sec-dispatcher/1.3/plexus-sec-dispatcher-1.3.pom (3.0 kB at 106 kB/s)
Downloading from central: https://repo.maven.apache.org/maven2/org/sonatype/spice/spice-parent/12/spice-parent-12.pom
Progress (1): 1.2 kB
Progress (1): 4.2 kB
Progress (1): 6.8 kB
                    
Downloaded from central: https://repo.maven.apache.org/maven2/org/sonatype/spice/spice-parent/12/spice-parent-12.pom (6.8 kB at 252 kB/s)
Downloading from central: https://repo.maven.apache.org/maven2/org/sonatype/forge/forge-parent/4/forge-parent-4.pom
Progress (1): 1.5 kB
Progress (1): 5.5 kB
Progress (1): 8.4 kB
                    
Downloaded from central: https://repo.maven.apache.org/maven2/org/sonatype/forge/forge-parent/4/forge-parent-4.pom (8.4 kB at 271 kB/s)
Downloading from central: https://repo.maven.apache.org/maven2/org/sonatype/plexus/plexus-cipher/1.4/plexus-cipher-1.4.pom
Progress (1): 1.4 kB
Progress (1): 2.1 kB
                    
Downloaded from central: https://repo.maven.apache.org/maven2/org/sonatype/plexus/plexus-cipher/1.4/plexus-cipher-1.4.pom (2.1 kB at 61 kB/s)
Downloading from central: https://repo.maven.apache.org/maven2/org/apache/maven/maven-repository-metadata/3.2.5/maven-repository-metadata-3.2.5.pom
Progress (1): 823 B
Progress (1): 2.2 kB
                    
Downloaded from central: https://repo.maven.apache.org/maven2/org/apache/maven/maven-repository-metadata/3.2.5/maven-repository-metadata-3.2.5.pom (2.2 kB at 77 kB/s)
Downloading from central: https://repo.maven.apache.org/maven2/org/apache/maven/maven-plugin-api/3.2.5/maven-plugin-api-3.2.5.pom
Progress (1): 816 B
Progress (1): 2.5 kB
Progress (1): 3.0 kB
                    
Downloaded from central: https://repo.maven.apache.org/maven2/org/apache/maven/maven-plugin-api/3.2.5/maven-plugin-api-3.2.5.pom (3.0 kB at 112 kB/s)
Downloading from central: https://repo.maven.apache.org/maven2/org/eclipse/sisu/org.eclipse.sisu.plexus/0.9.0.M2/org.eclipse.sisu.plexus-0.9.0.M2.pom
Progress (1): 827 B
Progress (1): 3.5 kB
Progress (1): 8.7 kB
Progress (1): 15 kB 
Progress (1): 15 kB
                   
Downloaded from central: https://repo.maven.apache.org/maven2/org/eclipse/sisu/org.eclipse.sisu.plexus/0.9.0.M2/org.eclipse.sisu.plexus-0.9.0.M2.pom (15 kB at 428 kB/s)
Downloading from central: https://repo.maven.apache.org/maven2/org/eclipse/sisu/sisu-plexus/0.9.0.M2/sisu-plexus-0.9.0.M2.pom
Progress (1): 811 B
Progress (1): 2.8 kB
Progress (1): 4.9 kB
Progress (1): 8.5 kB
Progress (1): 12 kB 
Progress (1): 15 kB
                   
Downloaded from central: https://repo.maven.apache.org/maven2/org/eclipse/sisu/sisu-plexus/0.9.0.M2/sisu-plexus-0.9.0.M2.pom (15 kB at 363 kB/s)
Downloading from central: https://repo.maven.apache.org/maven2/javax/annotation/javax.annotation-api/1.2/javax.annotation-api-1.2.pom
Progress (1): 702 B
Progress (1): 2.0 kB
Progress (1): 3.5 kB
Progress (1): 5.5 kB
Progress (1): 8.7 kB
Progress (1): 12 kB 
Progress (1): 13 kB
                   
Downloaded from central: https://repo.maven.apache.org/maven2/javax/annotation/javax.annotation-api/1.2/javax.annotation-api-1.2.pom (13 kB at 420 kB/s)
Downloading from central: https://repo.maven.apache.org/maven2/net/java/jvnet-parent/3/jvnet-parent-3.pom
Progress (1): 838 B
Progress (1): 2.5 kB
Progress (1): 4.8 kB
                    
Downloaded from central: https://repo.maven.apache.org/maven2/net/java/jvnet-parent/3/jvnet-parent-3.pom (4.8 kB at 165 kB/s)
Downloading from central: https://repo.maven.apache.org/maven2/javax/enterprise/cdi-api/1.2/cdi-api-1.2.pom
Progress (1): 1.0 kB
Progress (1): 3.3 kB
Progress (1): 5.8 kB
Progress (1): 6.3 kB
                    
Downloaded from central: https://repo.maven.apache.org/maven2/javax/enterprise/cdi-api/1.2/cdi-api-1.2.pom (6.3 kB at 209 kB/s)
Downloading from central: https://repo.maven.apache.org/maven2/org/jboss/weld/weld-parent/26/weld-parent-26.pom
Progress (1): 1.0 kB
Progress (1): 2.9 kB
Progress (1): 6.3 kB
Progress (1): 11 kB 
Progress (1): 16 kB
Progress (1): 19 kB
Progress (1): 22 kB
Progress (1): 26 kB
Progress (1): 31 kB
Progress (1): 32 kB
                   
Downloaded from central: https://repo.maven.apache.org/maven2/org/jboss/weld/weld-parent/26/weld-parent-26.pom (32 kB at 1.0 MB/s)
Downloading from central: https://repo.maven.apache.org/maven2/org/eclipse/sisu/org.eclipse.sisu.inject/0.9.0.M2/org.eclipse.sisu.inject-0.9.0.M2.pom
Progress (1): 804 B
Progress (1): 4.1 kB
Progress (1): 10 kB 
Progress (1): 16 kB
Progress (1): 17 kB
                   
Downloaded from central: https://repo.maven.apache.org/maven2/org/eclipse/sisu/org.eclipse.sisu.inject/0.9.0.M2/org.eclipse.sisu.inject-0.9.0.M2.pom (17 kB at 525 kB/s)
Downloading from central: https://repo.maven.apache.org/maven2/org/eclipse/sisu/sisu-inject/0.9.0.M2/sisu-inject-0.9.0.M2.pom
Progress (1): 819 B
Progress (1): 2.8 kB
Progress (1): 4.9 kB
Progress (1): 8.5 kB
Progress (1): 12 kB 
Progress (1): 15 kB
                   
Downloaded from central: https://repo.maven.apache.org/maven2/org/eclipse/sisu/sisu-inject/0.9.0.M2/sisu-inject-0.9.0.M2.pom (15 kB at 462 kB/s)
Downloading from central: https://repo.maven.apache.org/maven2/org/codehaus/plexus/plexus-component-annotations/2.1.0/plexus-component-annotations-2.1.0.pom
Progress (1): 750 B
                   
Downloaded from central: https://repo.maven.apache.org/maven2/org/codehaus/plexus/plexus-component-annotations/2.1.0/plexus-component-annotations-2.1.0.pom (750 B at 26 kB/s)
Downloading from central: https://repo.maven.apache.org/maven2/org/codehaus/plexus/plexus-containers/2.1.0/plexus-containers-2.1.0.pom
Progress (1): 1.3 kB
Progress (1): 4.7 kB
Progress (1): 4.8 kB
                    
Downloaded from central: https://repo.maven.apache.org/maven2/org/codehaus/plexus/plexus-containers/2.1.0/plexus-containers-2.1.0.pom (4.8 kB at 160 kB/s)
Downloading from central: https://repo.maven.apache.org/maven2/org/codehaus/plexus/plexus-classworlds/2.6.0/plexus-classworlds-2.6.0.pom
Progress (1): 932 B
Progress (1): 2.6 kB
Progress (1): 5.5 kB
Progress (1): 7.9 kB
                    
Downloaded from central: https://repo.maven.apache.org/maven2/org/codehaus/plexus/plexus-classworlds/2.6.0/plexus-classworlds-2.6.0.pom (7.9 kB at 240 kB/s)
Downloading from central: https://repo.maven.apache.org/maven2/org/apache/maven/maven-model-builder/3.2.5/maven-model-builder-3.2.5.pom
Progress (1): 836 B
Progress (1): 2.7 kB
Progress (1): 3.0 kB
                    
Downloaded from central: https://repo.maven.apache.org/maven2/org/apache/maven/maven-model-builder/3.2.5/maven-model-builder-3.2.5.pom (3.0 kB at 91 kB/s)
Downloading from central: https://repo.maven.apache.org/maven2/org/apache/maven/maven-aether-provider/3.2.5/maven-aether-provider-3.2.5.pom
Progress (1): 811 B
Progress (1): 3.0 kB
Progress (1): 4.2 kB
                    
Downloaded from central: https://repo.maven.apache.org/maven2/org/apache/maven/maven-aether-provider/3.2.5/maven-aether-provider-3.2.5.pom (4.2 kB at 147 kB/s)
Downloading from central: https://repo.maven.apache.org/maven2/org/eclipse/aether/aether-spi/1.0.0.v20140518/aether-spi-1.0.0.v20140518.pom
Progress (1): 934 B
Progress (1): 2.1 kB
                    
Downloaded from central: https://repo.maven.apache.org/maven2/org/eclipse/aether/aether-spi/1.0.0.v20140518/aether-spi-1.0.0.v20140518.pom (2.1 kB at 76 kB/s)
Downloading from central: https://repo.maven.apache.org/maven2/org/eclipse/aether/aether-impl/1.0.0.v20140518/aether-impl-1.0.0.v20140518.pom
Progress (1): 922 B
Progress (1): 3.5 kB
                    
Downloaded from central: https://repo.maven.apache.org/maven2/org/eclipse/aether/aether-impl/1.0.0.v20140518/aether-impl-1.0.0.v20140518.pom (3.5 kB at 116 kB/s)
Downloading from central: https://repo.maven.apache.org/maven2/org/sonatype/sisu/sisu-guice/3.2.3/sisu-guice-3.2.3.pom
Progress (1): 1.3 kB
Progress (1): 3.8 kB
Progress (1): 6.0 kB
Progress (1): 9.7 kB
Progress (1): 11 kB 
                   
Downloaded from central: https://repo.maven.apache.org/maven2/org/sonatype/sisu/sisu-guice/3.2.3/sisu-guice-3.2.3.pom (11 kB at 280 kB/s)
Downloading from central: https://repo.maven.apache.org/maven2/org/sonatype/sisu/inject/guice-parent/3.2.3/guice-parent-3.2.3.pom
Progress (1): 799 B
Progress (1): 2.7 kB
Progress (1): 5.1 kB
Progress (1): 7.6 kB
Progress (1): 10 kB 
Progress (1): 13 kB
                   
Downloaded from central: https://repo.maven.apache.org/maven2/org/sonatype/sisu/inject/guice-parent/3.2.3/guice-parent-3.2.3.pom (13 kB at 396 kB/s)
Downloading from central: https://repo.maven.apache.org/maven2/org/sonatype/forge/forge-parent/38/forge-parent-38.pom
Progress (1): 812 B
Progress (1): 2.5 kB
Progress (1): 5.0 kB
Progress (1): 8.7 kB
Progress (1): 12 kB 
Progress (1): 16 kB
Progress (1): 19 kB
                   
Downloaded from central: https://repo.maven.apache.org/maven2/org/sonatype/forge/forge-parent/38/forge-parent-38.pom (19 kB at 586 kB/s)
Downloading from central: https://repo.maven.apache.org/maven2/aopalliance/aopalliance/1.0/aopalliance-1.0.pom
Progress (1): 363 B
                   
Downloaded from central: https://repo.maven.apache.org/maven2/aopalliance/aopalliance/1.0/aopalliance-1.0.pom (363 B at 13 kB/s)
Downloading from central: https://repo.maven.apache.org/maven2/com/google/guava/guava/16.0.1/guava-16.0.1.pom
Progress (1): 956 B
Progress (1): 2.8 kB
Progress (1): 5.3 kB
Progress (1): 6.1 kB
                    
Downloaded from central: https://repo.maven.apache.org/maven2/com/google/guava/guava/16.0.1/guava-16.0.1.pom (6.1 kB at 226 kB/s)
Downloading from central: https://repo.maven.apache.org/maven2/com/google/guava/guava-parent/16.0.1/guava-parent-16.0.1.pom
Progress (1): 1.1 kB
Progress (1): 2.9 kB
Progress (1): 6.3 kB
Progress (1): 7.3 kB
                    
Downloaded from central: https://repo.maven.apache.org/maven2/com/google/guava/guava-parent/16.0.1/guava-parent-16.0.1.pom (7.3 kB at 272 kB/s)
Downloading from central: https://repo.maven.apache.org/maven2/org/codehaus/plexus/plexus-classworlds/2.5.2/plexus-classworlds-2.5.2.pom
Progress (1): 930 B
Progress (1): 3.0 kB
Progress (1): 6.0 kB
Progress (1): 7.3 kB
                    
Downloaded from central: https://repo.maven.apache.org/maven2/org/codehaus/plexus/plexus-classworlds/2.5.2/plexus-classworlds-2.5.2.pom (7.3 kB at 192 kB/s)
Downloading from central: https://repo.maven.apache.org/maven2/commons-io/commons-io/2.15.1/commons-io-2.15.1.pom
Progress (1): 791 B
Progress (1): 2.1 kB
Progress (1): 5.3 kB
Progress (1): 7.7 kB
Progress (1): 10 kB 
Progress (1): 12 kB
Progress (1): 15 kB
Progress (1): 18 kB
Progress (1): 20 kB
                   
Downloaded from central: https://repo.maven.apache.org/maven2/commons-io/commons-io/2.15.1/commons-io-2.15.1.pom (20 kB at 499 kB/s)
Downloading from central: https://repo.maven.apache.org/maven2/org/apache/maven/surefire/maven-surefire-common/3.2.5/maven-surefire-common-3.2.5.jar
Progress (1): 7.7/308 kB
Progress (1): 16/308 kB 
Progress (1): 24/308 kB
Progress (1): 40/308 kB
Progress (1): 57/308 kB
Progress (1): 73/308 kB
Progress (1): 90/308 kB
Progress (1): 106/308 kB
Progress (1): 122/308 kB
Progress (1): 139/308 kB
Progress (1): 155/308 kB
Progress (1): 172/308 kB
Progress (1): 188/308 kB
Progress (1): 204/308 kB
Progress (1): 221/308 kB
Progress (1): 237/308 kB
Progress (1): 253/308 kB
Progress (1): 270/308 kB
Progress (1): 286/308 kB
Progress (1): 303/308 kB
Progress (1): 308 kB    
                    
Downloaded from central: https://repo.maven.apache.org/maven2/org/apache/maven/surefire/maven-surefire-common/3.2.5/maven-surefire-common-3.2.5.jar (308 kB at 5.7 MB/s)
Downloading from central: https://repo.maven.apache.org/maven2/org/apache/maven/surefire/surefire-api/3.2.5/surefire-api-3.2.5.jar
Downloading from central: https://repo.maven.apache.org/maven2/org/apache/maven/surefire/surefire-logger-api/3.2.5/surefire-logger-api-3.2.5.jar
Downloading from central: https://repo.maven.apache.org/maven2/org/apache/maven/surefire/surefire-extensions-api/3.2.5/surefire-extensions-api-3.2.5.jar
Downloading from central: https://repo.maven.apache.org/maven2/org/apache/maven/surefire/surefire-booter/3.2.5/surefire-booter-3.2.5.jar
Downloading from central: https://repo.maven.apache.org/maven2/org/apache/maven/surefire/surefire-extensions-spi/3.2.5/surefire-extensions-spi-3.2.5.jar
Progress (1): 7.7/171 kB
Progress (1): 7.7/171 kB
Progress (1): 24/171 kB 
Progress (1): 40/171 kB
Progress (1): 57/171 kB
Progress (2): 57/171 kB | 7.7/26 kB
Progress (2): 57/171 kB | 16/26 kB 
Progress (2): 57/171 kB | 24/26 kB
Progress (2): 57/171 kB | 26 kB   
                               
Downloaded from central: https://repo.maven.apache.org/maven2/org/apache/maven/surefire/surefire-extensions-api/3.2.5/surefire-extensions-api-3.2.5.jar (26 kB at 783 kB/s)
Downloading from central: https://repo.maven.apache.org/maven2/org/eclipse/aether/aether-util/1.0.0.v20140518/aether-util-1.0.0.v20140518.jar
Progress (2): 57/171 kB | 7.3/14 kB
Progress (2): 57/171 kB | 14 kB    
                               
Downloaded from central: https://repo.maven.apache.org/maven2/org/apache/maven/surefire/surefire-logger-api/3.2.5/surefire-logger-api-3.2.5.jar (14 kB at 412 kB/s)
Downloading from central: https://repo.maven.apache.org/maven2/org/eclipse/aether/aether-api/1.0.0.v20140518/aether-api-1.0.0.v20140518.jar
Progress (1): 73/171 kB
Progress (1): 90/171 kB
Progress (2): 90/171 kB | 7.7/118 kB
Progress (2): 90/171 kB | 8.2/118 kB
Progress (2): 90/171 kB | 25/118 kB 
Progress (2): 90/171 kB | 41/118 kB
Progress (2): 90/171 kB | 57/118 kB
Progress (2): 90/171 kB | 74/118 kB
Progress (3): 90/171 kB | 74/118 kB | 7.7/8.2 kB
Progress (3): 90/171 kB | 74/118 kB | 8.2 kB    
Progress (3): 106/171 kB | 74/118 kB | 8.2 kB
                                             
Downloaded from central: https://repo.maven.apache.org/maven2/org/apache/maven/surefire/surefire-extensions-spi/3.2.5/surefire-extensions-spi-3.2.5.jar (8.2 kB at 248 kB/s)
Downloading from central: https://repo.maven.apache.org/maven2/org/apache/maven/shared/maven-common-artifact-filters/3.1.1/maven-common-artifact-filters-3.1.1.jar
Progress (2): 122/171 kB | 74/118 kB
Progress (2): 122/171 kB | 90/118 kB
Progress (2): 122/171 kB | 106/118 kB
Progress (2): 122/171 kB | 118 kB    
                                 
Downloaded from central: https://repo.maven.apache.org/maven2/org/apache/maven/surefire/surefire-booter/3.2.5/surefire-booter-3.2.5.jar (118 kB at 3.3 MB/s)
Downloading from central: https://repo.maven.apache.org/maven2/commons-io/commons-io/2.15.1/commons-io-2.15.1.jar
Progress (1): 139/171 kB
Progress (1): 155/171 kB
Progress (1): 171 kB    
                    
Downloaded from central: https://repo.maven.apache.org/maven2/org/apache/maven/surefire/surefire-api/3.2.5/surefire-api-3.2.5.jar (171 kB at 4.2 MB/s)
Downloading from central: https://repo.maven.apache.org/maven2/org/apache/maven/surefire/surefire-shared-utils/3.2.5/surefire-shared-utils-3.2.5.jar
Progress (1): 7.7/136 kB
Progress (1): 16/136 kB 
Progress (2): 16/136 kB | 7.7/146 kB
Progress (2): 16/136 kB | 16/146 kB 
Progress (2): 32/136 kB | 16/146 kB
Progress (2): 32/136 kB | 24/146 kB
Progress (2): 49/136 kB | 24/146 kB
Progress (2): 49/136 kB | 40/146 kB
Progress (2): 65/136 kB | 40/146 kB
Progress (2): 65/136 kB | 57/146 kB
Progress (2): 81/136 kB | 57/146 kB
Progress (3): 81/136 kB | 57/146 kB | 7.7/61 kB
Progress (3): 81/136 kB | 57/146 kB | 16/61 kB 
Progress (3): 98/136 kB | 57/146 kB | 16/61 kB
Progress (3): 114/136 kB | 57/146 kB | 16/61 kB
Progress (3): 114/136 kB | 57/146 kB | 32/61 kB
Progress (3): 131/136 kB | 57/146 kB | 32/61 kB
Progress (3): 136 kB | 57/146 kB | 32/61 kB    
Progress (3): 136 kB | 73/146 kB | 32/61 kB
Progress (3): 136 kB | 90/146 kB | 32/61 kB
Progress (3): 136 kB | 106/146 kB | 32/61 kB
Progress (3): 136 kB | 106/146 kB | 49/61 kB
Progress (3): 136 kB | 122/146 kB | 49/61 kB
Progress (3): 136 kB | 122/146 kB | 61 kB   
Progress (3): 136 kB | 139/146 kB | 61 kB
Progress (3): 136 kB | 146 kB | 61 kB    
                                     
Downloaded from central: https://repo.maven.apache.org/maven2/org/eclipse/aether/aether-util/1.0.0.v20140518/aether-util-1.0.0.v20140518.jar (146 kB at 2.4 MB/s)
Downloaded from central: https://repo.maven.apache.org/maven2/org/apache/maven/shared/maven-common-artifact-filters/3.1.1/maven-common-artifact-filters-3.1.1.jar (61 kB at 981 kB/s)
Downloaded from central: https://repo.maven.apache.org/maven2/org/eclipse/aether/aether-api/1.0.0.v20140518/aether-api-1.0.0.v20140518.jar (136 kB at 2.2 MB/s)
Progress (1): 7.7/501 kB
Progress (1): 16/501 kB 
Progress (1): 32/501 kB
Progress (1): 49/501 kB
Progress (1): 65/501 kB
Progress (1): 81/501 kB
Progress (1): 98/501 kB
Progress (1): 98/501 kB
Progress (1): 115/501 kB
Progress (1): 131/501 kB
Progress (1): 147/501 kB
Progress (1): 164/501 kB
Progress (2): 164/501 kB | 0/2.4 MB
Progress (2): 164/501 kB | 0/2.4 MB
Progress (2): 164/501 kB | 0/2.4 MB
Progress (2): 180/501 kB | 0/2.4 MB
Progress (2): 180/501 kB | 0/2.4 MB
Progress (2): 197/501 kB | 0/2.4 MB
Progress (2): 197/501 kB | 0.1/2.4 MB
Progress (2): 197/501 kB | 0.1/2.4 MB
Progress (2): 197/501 kB | 0.1/2.4 MB
Progress (2): 213/501 kB | 0.1/2.4 MB
Progress (2): 229/501 kB | 0.1/2.4 MB
Progress (2): 246/501 kB | 0.1/2.4 MB
Progress (2): 250/501 kB | 0.1/2.4 MB
Progress (2): 266/501 kB | 0.1/2.4 MB
Progress (2): 266/501 kB | 0.1/2.4 MB
Progress (2): 279/501 kB | 0.1/2.4 MB
Progress (2): 279/501 kB | 0.1/2.4 MB
Progress (2): 295/501 kB | 0.1/2.4 MB
Progress (2): 311/501 kB | 0.1/2.4 MB
Progress (2): 328/501 kB | 0.1/2.4 MB
Progress (2): 344/501 kB | 0.1/2.4 MB
Progress (2): 360/501 kB | 0.1/2.4 MB
Progress (2): 360/501 kB | 0.1/2.4 MB
Progress (2): 377/501 kB | 0.1/2.4 MB
Progress (2): 393/501 kB | 0.1/2.4 MB
Progress (2): 410/501 kB | 0.1/2.4 MB
Progress (2): 426/501 kB | 0.1/2.4 MB
Progress (2): 442/501 kB | 0.1/2.4 MB
Progress (2): 442/501 kB | 0.1/2.4 MB
Progress (2): 459/501 kB | 0.1/2.4 MB
Progress (2): 475/501 kB | 0.1/2.4 MB
Progress (2): 492/501 kB | 0.1/2.4 MB
Progress (2): 501 kB | 0.1/2.4 MB    
Progress (2): 501 kB | 0.2/2.4 MB
                                 
Downloaded from central: https://repo.maven.apache.org/maven2/commons-io/commons-io/2.15.1/commons-io-2.15.1.jar (501 kB at 6.4 MB/s)
Progress (1): 0.2/2.4 MB
Progress (1): 0.2/2.4 MB
Progress (1): 0.2/2.4 MB
Progress (1): 0.2/2.4 MB
Progress (1): 0.2/2.4 MB
Progress (1): 0.3/2.4 MB
Progress (1): 0.3/2.4 MB
Progress (1): 0.3/2.4 MB
Progress (1): 0.3/2.4 MB
Progress (1): 0.3/2.4 MB
Progress (1): 0.3/2.4 MB
Progress (1): 0.4/2.4 MB
Progress (1): 0.4/2.4 MB
Progress (1): 0.4/2.4 MB
Progress (1): 0.4/2.4 MB
Progress (1): 0.4/2.4 MB
Progress (1): 0.4/2.4 MB
Progress (1): 0.5/2.4 MB
Progress (1): 0.5/2.4 MB
Progress (1): 0.5/2.4 MB
Progress (1): 0.5/2.4 MB
Progress (1): 0.5/2.4 MB
Progress (1): 0.5/2.4 MB
Progress (1): 0.6/2.4 MB
Progress (1): 0.6/2.4 MB
Progress (1): 0.6/2.4 MB
Progress (1): 0.6/2.4 MB
Progress (1): 0.6/2.4 MB
Progress (1): 0.6/2.4 MB
Progress (1): 0.7/2.4 MB
Progress (1): 0.7/2.4 MB
Progress (1): 0.7/2.4 MB
Progress (1): 0.7/2.4 MB
Progress (1): 0.7/2.4 MB
Progress (1): 0.7/2.4 MB
Progress (1): 0.8/2.4 MB
Progress (1): 0.8/2.4 MB
Progress (1): 0.8/2.4 MB
Progress (1): 0.8/2.4 MB
Progress (1): 0.8/2.4 MB
Progress (1): 0.8/2.4 MB
Progress (1): 0.9/2.4 MB
Progress (1): 0.9/2.4 MB
Progress (1): 0.9/2.4 MB
Progress (1): 0.9/2.4 MB
Progress (1): 0.9/2.4 MB
Progress (1): 0.9/2.4 MB
Progress (1): 1.0/2.4 MB
Progress (1): 1.0/2.4 MB
Progress (1): 1.0/2.4 MB
Progress (1): 1.0/2.4 MB
Progress (1): 1.0/2.4 MB
Progress (1): 1.0/2.4 MB
Progress (1): 1.0/2.4 MB
Progress (1): 1.1/2.4 MB
Progress (1): 1.1/2.4 MB
Progress (1): 1.1/2.4 MB
Progress (1): 1.1/2.4 MB
Progress (1): 1.1/2.4 MB
Progress (1): 1.1/2.4 MB
Progress (1): 1.2/2.4 MB
Progress (1): 1.2/2.4 MB
Progress (1): 1.2/2.4 MB
Progress (1): 1.2/2.4 MB
Progress (1): 1.2/2.4 MB
Progress (1): 1.2/2.4 MB
Progress (1): 1.3/2.4 MB
Progress (1): 1.3/2.4 MB
Progress (1): 1.3/2.4 MB
Progress (1): 1.3/2.4 MB
Progress (1): 1.3/2.4 MB
Progress (1): 1.3/2.4 MB
Progress (1): 1.4/2.4 MB
Progress (1): 1.4/2.4 MB
Progress (1): 1.4/2.4 MB
Progress (1): 1.4/2.4 MB
Progress (1): 1.4/2.4 MB
Progress (1): 1.4/2.4 MB
Progress (1): 1.5/2.4 MB
Progress (1): 1.5/2.4 MB
Progress (1): 1.5/2.4 MB
Progress (1): 1.5/2.4 MB
Progress (1): 1.5/2.4 MB
Progress (1): 1.5/2.4 MB
Progress (1): 1.6/2.4 MB
Progress (1): 1.6/2.4 MB
Progress (1): 1.6/2.4 MB
Progress (1): 1.6/2.4 MB
Progress (1): 1.6/2.4 MB
Progress (1): 1.6/2.4 MB
Progress (1): 1.7/2.4 MB
Progress (1): 1.7/2.4 MB
Progress (1): 1.7/2.4 MB
Progress (1): 1.7/2.4 MB
Progress (1): 1.7/2.4 MB
Progress (1): 1.7/2.4 MB
Progress (1): 1.8/2.4 MB
Progress (1): 1.8/2.4 MB
Progress (1): 1.8/2.4 MB
Progress (1): 1.8/2.4 MB
Progress (1): 1.8/2.4 MB
Progress (1): 1.8/2.4 MB
Progress (1): 1.8/2.4 MB
Progress (1): 1.9/2.4 MB
Progress (1): 1.9/2.4 MB
Progress (1): 1.9/2.4 MB
Progress (1): 1.9/2.4 MB
Progress (1): 1.9/2.4 MB
Progress (1): 1.9/2.4 MB
Progress (1): 1.9/2.4 MB
Progress (1): 2.0/2.4 MB
Progress (1): 2.0/2.4 MB
Progress (1): 2.0/2.4 MB
Progress (1): 2.0/2.4 MB
Progress (1): 2.0/2.4 MB
Progress (1): 2.0/2.4 MB
Progress (1): 2.1/2.4 MB
Progress (1): 2.1/2.4 MB
Progress (1): 2.1/2.4 MB
Progress (1): 2.1/2.4 MB
Progress (1): 2.1/2.4 MB
Progress (1): 2.1/2.4 MB
Progress (1): 2.2/2.4 MB
Progress (1): 2.2/2.4 MB
Progress (1): 2.2/2.4 MB
Progress (1): 2.2/2.4 MB
Progress (1): 2.2/2.4 MB
Progress (1): 2.2/2.4 MB
Progress (1): 2.3/2.4 MB
Progress (1): 2.3/2.4 MB
Progress (1): 2.3/2.4 MB
Progress (1): 2.3/2.4 MB
Progress (1): 2.3/2.4 MB
Progress (1): 2.3/2.4 MB
Progress (1): 2.3/2.4 MB
Progress (1): 2.4/2.4 MB
Progress (1): 2.4/2.4 MB
Progress (1): 2.4/2.4 MB
Progress (1): 2.4/2.4 MB
Progress (1): 2.4/2.4 MB
Progress (1): 2.4/2.4 MB
Progress (1): 2.4 MB    
                    
Downloaded from central: https://repo.maven.apache.org/maven2/org/apache/maven/surefire/surefire-shared-utils/3.2.5/surefire-shared-utils-3.2.5.jar (2.4 MB at 12 MB/s)
[INFO] Using auto detected provider org.apache.maven.surefire.testng.TestNGProvider
Downloading from central: https://repo.maven.apache.org/maven2/org/apache/maven/surefire/surefire-testng/3.2.5/surefire-testng-3.2.5.pom
Progress (1): 839 B
Progress (1): 2.9 kB
Progress (1): 3.7 kB
                    
Downloaded from central: https://repo.maven.apache.org/maven2/org/apache/maven/surefire/surefire-testng/3.2.5/surefire-testng-3.2.5.pom (3.7 kB at 114 kB/s)
Downloading from central: https://repo.maven.apache.org/maven2/org/apache/maven/surefire/surefire-providers/3.2.5/surefire-providers-3.2.5.pom
Progress (1): 849 B
Progress (1): 2.6 kB
                    
Downloaded from central: https://repo.maven.apache.org/maven2/org/apache/maven/surefire/surefire-providers/3.2.5/surefire-providers-3.2.5.pom (2.6 kB at 87 kB/s)
Downloading from central: https://repo.maven.apache.org/maven2/org/apache/maven/surefire/common-java5/3.2.5/common-java5-3.2.5.pom
Progress (1): 849 B
Progress (1): 2.6 kB
Progress (1): 2.8 kB
                    
Downloaded from central: https://repo.maven.apache.org/maven2/org/apache/maven/surefire/common-java5/3.2.5/common-java5-3.2.5.pom (2.8 kB at 88 kB/s)
Downloading from central: https://repo.maven.apache.org/maven2/org/apache/maven/surefire/surefire-testng-utils/3.2.5/surefire-testng-utils-3.2.5.pom
Progress (1): 849 B
Progress (1): 2.7 kB
Progress (1): 3.2 kB
                    
Downloaded from central: https://repo.maven.apache.org/maven2/org/apache/maven/surefire/surefire-testng-utils/3.2.5/surefire-testng-utils-3.2.5.pom (3.2 kB at 109 kB/s)
Downloading from central: https://repo.maven.apache.org/maven2/org/apache/maven/surefire/surefire-grouper/3.2.5/surefire-grouper-3.2.5.pom
Progress (1): 843 B
Progress (1): 3.0 kB
Progress (1): 3.4 kB
                    
Downloaded from central: https://repo.maven.apache.org/maven2/org/apache/maven/surefire/surefire-grouper/3.2.5/surefire-grouper-3.2.5.pom (3.4 kB at 115 kB/s)
Downloading from central: https://repo.maven.apache.org/maven2/org/apache/maven/surefire/surefire-testng/3.2.5/surefire-testng-3.2.5.jar
Progress (1): 7.7/47 kB
Progress (1): 11/47 kB 
Progress (1): 28/47 kB
Progress (1): 44/47 kB
Progress (1): 47 kB   
                   
Downloaded from central: https://repo.maven.apache.org/maven2/org/apache/maven/surefire/surefire-testng/3.2.5/surefire-testng-3.2.5.jar (47 kB at 1.7 MB/s)
Downloading from central: https://repo.maven.apache.org/maven2/org/apache/maven/surefire/common-java5/3.2.5/common-java5-3.2.5.jar
Downloading from central: https://repo.maven.apache.org/maven2/org/apache/maven/surefire/surefire-testng-utils/3.2.5/surefire-testng-utils-3.2.5.jar
Downloading from central: https://repo.maven.apache.org/maven2/org/apache/maven/surefire/surefire-grouper/3.2.5/surefire-grouper-3.2.5.jar
Progress (1): 7.7/14 kB
Progress (2): 7.7/14 kB | 7.7/18 kB
Progress (2): 11/14 kB | 7.7/18 kB 
Progress (2): 14 kB | 7.7/18 kB   
Progress (2): 14 kB | 16/18 kB 
Progress (2): 14 kB | 18 kB   
                           
Downloaded from central: https://repo.maven.apache.org/maven2/org/apache/maven/surefire/surefire-testng-utils/3.2.5/surefire-testng-utils-3.2.5.jar (14 kB at 403 kB/s)
Downloaded from central: https://repo.maven.apache.org/maven2/org/apache/maven/surefire/common-java5/3.2.5/common-java5-3.2.5.jar (18 kB at 516 kB/s)
Progress (1): 7.7/40 kB
Progress (1): 16/40 kB 
Progress (1): 24/40 kB
Progress (1): 40 kB   
                   
Downloaded from central: https://repo.maven.apache.org/maven2/org/apache/maven/surefire/surefire-grouper/3.2.5/surefire-grouper-3.2.5.jar (40 kB at 1.1 MB/s)
[INFO] 
[INFO] -------------------------------------------------------
[INFO]  T E S T S
[INFO] -------------------------------------------------------
[INFO] Running TestSuite
SLF4J: Failed to load class "org.slf4j.impl.StaticLoggerBinder".
SLF4J: Defaulting to no-operation (NOP) logger implementation
SLF4J: See http://www.slf4j.org/codes.html#StaticLoggerBinder for further details.

Scenario: Successful checkout with valid details # src/test/resources/features/checkout.feature:6
      org.openqa.selenium.SessionNotCreatedException: Could not start a new session. Response code 500. Message: session not created: Chrome instance exited. Examine ChromeDriver verbose log to determine the cause. 
Host info: host: 'localhost', ip: '127.0.0.1'
Build info: version: '4.20.0', revision: '866c76ca80'
System info: os.name: 'Linux', os.arch: 'amd64', os.version: '6.9.12', java.version: '17.0.19'
Driver info: org.openqa.selenium.chrome.ChromeDriver
Command: [null, newSession {capabilities=[Capabilities {browserName: chrome, goog:chromeOptions: {args: [], extensions: []}}]}]
	at org.openqa.selenium.remote.ProtocolHandshake.createSession(ProtocolHandshake.java:114)
	at org.openqa.selenium.remote.ProtocolHandshake.createSession(ProtocolHandshake.java:75)
	at org.openqa.selenium.remote.ProtocolHandshake.createSession(ProtocolHandshake.java:61)
	at org.openqa.selenium.remote.HttpCommandExecutor.execute(HttpCommandExecutor.java:162)
	at org.openqa.selenium.remote.service.DriverCommandExecutor.invokeExecute(DriverCommandExecutor.java:216)
	at org.openqa.selenium.remote.service.DriverCommandExecutor.execute(DriverCommandExecutor.java:174)
	at org.openqa.selenium.remote.RemoteWebDriver.execute(RemoteWebDriver.java:518)
	at org.openqa.selenium.remote.RemoteWebDriver.startSession(RemoteWebDriver.java:232)
	at org.openqa.selenium.remote.RemoteWebDriver.<init>(RemoteWebDriver.java:161)
	at org.openqa.selenium.chromium.ChromiumDriver.<init>(ChromiumDriver.java:114)
	at org.openqa.selenium.chrome.ChromeDriver.<init>(ChromeDriver.java:88)
	at org.openqa.selenium.chrome.ChromeDriver.<init>(ChromeDriver.java:83)
	at org.openqa.selenium.chrome.ChromeDriver.<init>(ChromeDriver.java:51)
	at utils.DriverManager.getDriver(DriverManager.java:14)
	at stepdefinitions.Hooks.setUp(Hooks.java:12)

  Given user has items in cart                   # stepdefinitions.CheckoutSteps.userHasItemsInCart()
  When user proceeds to checkout                 # stepdefinitions.CheckoutSteps.userProceedsToCheckout()
  And enters valid shipping details              # stepdefinitions.CheckoutSteps.entersValidShippingDetails()
  And confirms payment                           # stepdefinitions.CheckoutSteps.confirmsPayment()
  Then order should be placed successfully       # stepdefinitions.CheckoutSteps.orderShouldBePlacedSuccessfully()

Scenario: Checkout without shipping details # src/test/resources/features/checkout.feature:12
      org.openqa.selenium.SessionNotCreatedException: Could not start a new session. Response code 500. Message: session not created: Chrome instance exited. Examine ChromeDriver verbose log to determine the cause. 
Host info: host: 'localhost', ip: '127.0.0.1'
Build info: version: '4.20.0', revision: '866c76ca80'
System info: os.name: 'Linux', os.arch: 'amd64', os.version: '6.9.12', java.version: '17.0.19'
Driver info: org.openqa.selenium.chrome.ChromeDriver
Command: [null, newSession {capabilities=[Capabilities {browserName: chrome, goog:chromeOptions: {args: [], extensions: []}}]}]
	at org.openqa.selenium.remote.ProtocolHandshake.createSession(ProtocolHandshake.java:114)
	at org.openqa.selenium.remote.ProtocolHandshake.createSession(ProtocolHandshake.java:75)
	at org.openqa.selenium.remote.ProtocolHandshake.createSession(ProtocolHandshake.java:61)
	at org.openqa.selenium.remote.HttpCommandExecutor.execute(HttpCommandExecutor.java:162)
	at org.openqa.selenium.remote.service.DriverCommandExecutor.invokeExecute(DriverCommandExecutor.java:216)
	at org.openqa.selenium.remote.service.DriverCommandExecutor.execute(DriverCommandExecutor.java:174)
	at org.openqa.selenium.remote.RemoteWebDriver.execute(RemoteWebDriver.java:518)
	at org.openqa.selenium.remote.RemoteWebDriver.startSession(RemoteWebDriver.java:232)
	at org.openqa.selenium.remote.RemoteWebDriver.<init>(RemoteWebDriver.java:161)
	at org.openqa.selenium.chromium.ChromiumDriver.<init>(ChromiumDriver.java:114)
	at org.openqa.selenium.chrome.ChromeDriver.<init>(ChromeDriver.java:88)
	at org.openqa.selenium.chrome.ChromeDriver.<init>(ChromeDriver.java:83)
	at org.openqa.selenium.chrome.ChromeDriver.<init>(ChromeDriver.java:51)
	at utils.DriverManager.getDriver(DriverManager.java:14)
	at stepdefinitions.Hooks.setUp(Hooks.java:12)

  Given user has items in cart              # stepdefinitions.CheckoutSteps.userHasItemsInCart()
  When user proceeds to checkout            # stepdefinitions.CheckoutSteps.userProceedsToCheckout()
  And leaves shipping details empty         # stepdefinitions.CheckoutSteps.leavesShippingDetailsEmpty()
  Then validation errors should be shown    # stepdefinitions.CheckoutSteps.validationErrorsShouldBeShown()

Scenario: Cancel checkout process             # src/test/resources/features/checkout.feature:17
      org.openqa.selenium.SessionNotCreatedException: Could not start a new session. Response code 500. Message: session not created: Chrome instance exited. Examine ChromeDriver verbose log to determine the cause. 
Host info: host: 'localhost', ip: '127.0.0.1'
Build info: version: '4.20.0', revision: '866c76ca80'
System info: os.name: 'Linux', os.arch: 'amd64', os.version: '6.9.12', java.version: '17.0.19'
Driver info: org.openqa.selenium.chrome.ChromeDriver
Command: [null, newSession {capabilities=[Capabilities {browserName: chrome, goog:chromeOptions: {args: [], extensions: []}}]}]
	at org.openqa.selenium.remote.ProtocolHandshake.createSession(ProtocolHandshake.java:114)
	at org.openqa.selenium.remote.ProtocolHandshake.createSession(ProtocolHandshake.java:75)
	at org.openqa.selenium.remote.ProtocolHandshake.createSession(ProtocolHandshake.java:61)
	at org.openqa.selenium.remote.HttpCommandExecutor.execute(HttpCommandExecutor.java:162)
	at org.openqa.selenium.remote.service.DriverCommandExecutor.invokeExecute(DriverCommandExecutor.java:216)
	at org.openqa.selenium.remote.service.DriverCommandExecutor.execute(DriverCommandExecutor.java:174)
	at org.openqa.selenium.remote.RemoteWebDriver.execute(RemoteWebDriver.java:518)
	at org.openqa.selenium.remote.RemoteWebDriver.startSession(RemoteWebDriver.java:232)
	at org.openqa.selenium.remote.RemoteWebDriver.<init>(RemoteWebDriver.java:161)
	at org.openqa.selenium.chromium.ChromiumDriver.<init>(ChromiumDriver.java:114)
	at org.openqa.selenium.chrome.ChromeDriver.<init>(ChromeDriver.java:88)
	at org.openqa.selenium.chrome.ChromeDriver.<init>(ChromeDriver.java:83)
	at org.openqa.selenium.chrome.ChromeDriver.<init>(ChromeDriver.java:51)
	at utils.DriverManager.getDriver(DriverManager.java:14)
	at stepdefinitions.Hooks.setUp(Hooks.java:12)

  Given user has items in cart                # stepdefinitions.CheckoutSteps.userHasItemsInCart()
  When user opens checkout page               # stepdefinitions.CheckoutSteps.userOpensCheckoutPage()
  And clicks cancel button                    # stepdefinitions.CheckoutSteps.clicksCancelButton()
  Then user should be redirected to cart page # stepdefinitions.CheckoutSteps.userShouldBeRedirectedToCartPage()

Scenario: Verify products are displayed on home page # src/test/resources/features/home.feature:3
      org.openqa.selenium.SessionNotCreatedException: Could not start a new session. Response code 500. Message: session not created: Chrome instance exited. Examine ChromeDriver verbose log to determine the cause. 
Host info: host: 'localhost', ip: '127.0.0.1'
Build info: version: '4.20.0', revision: '866c76ca80'
System info: os.name: 'Linux', os.arch: 'amd64', os.version: '6.9.12', java.version: '17.0.19'
Driver info: org.openqa.selenium.chrome.ChromeDriver
Command: [null, newSession {capabilities=[Capabilities {browserName: chrome, goog:chromeOptions: {args: [], extensions: []}}]}]
	at org.openqa.selenium.remote.ProtocolHandshake.createSession(ProtocolHandshake.java:114)
	at org.openqa.selenium.remote.ProtocolHandshake.createSession(ProtocolHandshake.java:75)
	at org.openqa.selenium.remote.ProtocolHandshake.createSession(ProtocolHandshake.java:61)
	at org.openqa.selenium.remote.HttpCommandExecutor.execute(HttpCommandExecutor.java:162)
	at org.openqa.selenium.remote.service.DriverCommandExecutor.invokeExecute(DriverCommandExecutor.java:216)
	at org.openqa.selenium.remote.service.DriverCommandExecutor.execute(DriverCommandExecutor.java:174)
	at org.openqa.selenium.remote.RemoteWebDriver.execute(RemoteWebDriver.java:518)
	at org.openqa.selenium.remote.RemoteWebDriver.startSession(RemoteWebDriver.java:232)
	at org.openqa.selenium.remote.RemoteWebDriver.<init>(RemoteWebDriver.java:161)
	at org.openqa.selenium.chromium.ChromiumDriver.<init>(ChromiumDriver.java:114)
	at org.openqa.selenium.chrome.ChromeDriver.<init>(ChromeDriver.java:88)
	at org.openqa.selenium.chrome.ChromeDriver.<init>(ChromeDriver.java:83)
	at org.openqa.selenium.chrome.ChromeDriver.<init>(ChromeDriver.java:51)
	at utils.DriverManager.getDriver(DriverManager.java:14)
	at stepdefinitions.Hooks.setUp(Hooks.java:12)

  Given user is logged in                            # stepdefinitions.HomeSteps.userIsLoggedIn()
  When user lands on home page                       # stepdefinitions.HomeSteps.userLandsOnHomePage()
  Then product list should be visible                # stepdefinitions.HomeSteps.productListShouldBeVisible()

Scenario: Search product                           # src/test/resources/features/home.feature:8
      org.openqa.selenium.SessionNotCreatedException: Could not start a new session. Response code 500. Message: session not created: Chrome instance exited. Examine ChromeDriver verbose log to determine the cause. 
Host info: host: 'localhost', ip: '127.0.0.1'
Build info: version: '4.20.0', revision: '866c76ca80'
System info: os.name: 'Linux', os.arch: 'amd64', os.version: '6.9.12', java.version: '17.0.19'
Driver info: org.openqa.selenium.chrome.ChromeDriver
Command: [null, newSession {capabilities=[Capabilities {browserName: chrome, goog:chromeOptions: {args: [], extensions: []}}]}]
	at org.openqa.selenium.remote.ProtocolHandshake.createSession(ProtocolHandshake.java:114)
	at org.openqa.selenium.remote.ProtocolHandshake.createSession(ProtocolHandshake.java:75)
	at org.openqa.selenium.remote.ProtocolHandshake.createSession(ProtocolHandshake.java:61)
	at org.openqa.selenium.remote.HttpCommandExecutor.execute(HttpCommandExecutor.java:162)
	at org.openqa.selenium.remote.service.DriverCommandExecutor.invokeExecute(DriverCommandExecutor.java:216)
	at org.openqa.selenium.remote.service.DriverCommandExecutor.execute(DriverCommandExecutor.java:174)
	at org.openqa.selenium.remote.RemoteWebDriver.execute(RemoteWebDriver.java:518)
	at org.openqa.selenium.remote.RemoteWebDriver.startSession(RemoteWebDriver.java:232)
	at org.openqa.selenium.remote.RemoteWebDriver.<init>(RemoteWebDriver.java:161)
	at org.openqa.selenium.chromium.ChromiumDriver.<init>(ChromiumDriver.java:114)
	at org.openqa.selenium.chrome.ChromeDriver.<init>(ChromeDriver.java:88)
	at org.openqa.selenium.chrome.ChromeDriver.<init>(ChromeDriver.java:83)
	at org.openqa.selenium.chrome.ChromeDriver.<init>(ChromeDriver.java:51)
	at utils.DriverManager.getDriver(DriverManager.java:14)
	at stepdefinitions.Hooks.setUp(Hooks.java:12)

  Given user is on home page                       # stepdefinitions.HomeSteps.userIsOnHomePage()
  When user searches for "iPhone"                  # stepdefinitions.HomeSteps.userSearchesFor(java.lang.String)
  Then relevant search results should be displayed # stepdefinitions.HomeSteps.relevantSearchResultsShouldBeDisplayed()

Scenario: Add product to cart from home page # src/test/resources/features/home.feature:13
      org.openqa.selenium.SessionNotCreatedException: Could not start a new session. Response code 500. Message: session not created: Chrome instance exited. Examine ChromeDriver verbose log to determine the cause. 
Host info: host: 'localhost', ip: '127.0.0.1'
Build info: version: '4.20.0', revision: '866c76ca80'
System info: os.name: 'Linux', os.arch: 'amd64', os.version: '6.9.12', java.version: '17.0.19'
Driver info: org.openqa.selenium.chrome.ChromeDriver
Command: [null, newSession {capabilities=[Capabilities {browserName: chrome, goog:chromeOptions: {args: [], extensions: []}}]}]
	at org.openqa.selenium.remote.ProtocolHandshake.createSession(ProtocolHandshake.java:114)
	at org.openqa.selenium.remote.ProtocolHandshake.createSession(ProtocolHandshake.java:75)
	at org.openqa.selenium.remote.ProtocolHandshake.createSession(ProtocolHandshake.java:61)
	at org.openqa.selenium.remote.HttpCommandExecutor.execute(HttpCommandExecutor.java:162)
	at org.openqa.selenium.remote.service.DriverCommandExecutor.invokeExecute(DriverCommandExecutor.java:216)
	at org.openqa.selenium.remote.service.DriverCommandExecutor.execute(DriverCommandExecutor.java:174)
	at org.openqa.selenium.remote.RemoteWebDriver.execute(RemoteWebDriver.java:518)
	at org.openqa.selenium.remote.RemoteWebDriver.startSession(RemoteWebDriver.java:232)
	at org.openqa.selenium.remote.RemoteWebDriver.<init>(RemoteWebDriver.java:161)
	at org.openqa.selenium.chromium.ChromiumDriver.<init>(ChromiumDriver.java:114)
	at org.openqa.selenium.chrome.ChromeDriver.<init>(ChromeDriver.java:88)
	at org.openqa.selenium.chrome.ChromeDriver.<init>(ChromeDriver.java:83)
	at org.openqa.selenium.chrome.ChromeDriver.<init>(ChromeDriver.java:51)
	at utils.DriverManager.getDriver(DriverManager.java:14)
	at stepdefinitions.Hooks.setUp(Hooks.java:12)

  Given user is on home page                 # stepdefinitions.HomeSteps.userIsOnHomePage()
  When user adds first product to cart       # stepdefinitions.HomeSteps.userAddsFirstProductToCart()
  Then product should be added successfully  # stepdefinitions.HomeSteps.productShouldBeAddedSuccessfully()

Scenario: Valid login                 # src/test/resources/features/login.feature:4
      org.openqa.selenium.SessionNotCreatedException: Could not start a new session. Response code 500. Message: session not created: Chrome instance exited. Examine ChromeDriver verbose log to determine the cause. 
Host info: host: 'localhost', ip: '127.0.0.1'
Build info: version: '4.20.0', revision: '866c76ca80'
System info: os.name: 'Linux', os.arch: 'amd64', os.version: '6.9.12', java.version: '17.0.19'
Driver info: org.openqa.selenium.chrome.ChromeDriver
Command: [null, newSession {capabilities=[Capabilities {browserName: chrome, goog:chromeOptions: {args: [], extensions: []}}]}]
	at org.openqa.selenium.remote.ProtocolHandshake.createSession(ProtocolHandshake.java:114)
	at org.openqa.selenium.remote.ProtocolHandshake.createSession(ProtocolHandshake.java:75)
	at org.openqa.selenium.remote.ProtocolHandshake.createSession(ProtocolHandshake.java:61)
	at org.openqa.selenium.remote.HttpCommandExecutor.execute(HttpCommandExecutor.java:162)
	at org.openqa.selenium.remote.service.DriverCommandExecutor.invokeExecute(DriverCommandExecutor.java:216)
	at org.openqa.selenium.remote.service.DriverCommandExecutor.execute(DriverCommandExecutor.java:174)
	at org.openqa.selenium.remote.RemoteWebDriver.execute(RemoteWebDriver.java:518)
	at org.openqa.selenium.remote.RemoteWebDriver.startSession(RemoteWebDriver.java:232)
	at org.openqa.selenium.remote.RemoteWebDriver.<init>(RemoteWebDriver.java:161)
	at org.openqa.selenium.chromium.ChromiumDriver.<init>(ChromiumDriver.java:114)
	at org.openqa.selenium.chrome.ChromeDriver.<init>(ChromeDriver.java:88)
	at org.openqa.selenium.chrome.ChromeDriver.<init>(ChromeDriver.java:83)
	at org.openqa.selenium.chrome.ChromeDriver.<init>(ChromeDriver.java:51)
	at utils.DriverManager.getDriver(DriverManager.java:14)
	at stepdefinitions.Hooks.setUp(Hooks.java:12)

  Given user is on login page         # stepdefinitions.LoginSteps.openLogin()
  When user logs in                   # stepdefinitions.LoginSteps.loginUser()
  Then user should login successfully # stepdefinitions.LoginSteps.verify()
[ERROR] Tests run: 7, Failures: 7, Errors: 0, Skipped: 0, Time elapsed: 6.219 s <<< FAILURE! -- in TestSuite
[ERROR] runners.TestRunner.runScenario["Successful checkout with valid details", "Checkout Process"](1) -- Time elapsed: 3.834 s <<< FAILURE!
org.openqa.selenium.SessionNotCreatedException: 
Could not start a new session. Response code 500. Message: session not created: Chrome instance exited. Examine ChromeDriver verbose log to determine the cause. 
Host info: host: 'localhost', ip: '127.0.0.1'
Build info: version: '4.20.0', revision: '866c76ca80'
System info: os.name: 'Linux', os.arch: 'amd64', os.version: '6.9.12', java.version: '17.0.19'
Driver info: org.openqa.selenium.chrome.ChromeDriver
Command: [null, newSession {capabilities=[Capabilities {browserName: chrome, goog:chromeOptions: {args: [], extensions: []}}]}]
	at org.openqa.selenium.remote.ProtocolHandshake.createSession(ProtocolHandshake.java:114)
	at org.openqa.selenium.remote.ProtocolHandshake.createSession(ProtocolHandshake.java:75)
	at org.openqa.selenium.remote.ProtocolHandshake.createSession(ProtocolHandshake.java:61)
	at org.openqa.selenium.remote.HttpCommandExecutor.execute(HttpCommandExecutor.java:162)
	at org.openqa.selenium.remote.service.DriverCommandExecutor.invokeExecute(DriverCommandExecutor.java:216)
	at org.openqa.selenium.remote.service.DriverCommandExecutor.execute(DriverCommandExecutor.java:174)
	at org.openqa.selenium.remote.RemoteWebDriver.execute(RemoteWebDriver.java:518)
	at org.openqa.selenium.remote.RemoteWebDriver.startSession(RemoteWebDriver.java:232)
	at org.openqa.selenium.remote.RemoteWebDriver.<init>(RemoteWebDriver.java:161)
	at org.openqa.selenium.chromium.ChromiumDriver.<init>(ChromiumDriver.java:114)
	at org.openqa.selenium.chrome.ChromeDriver.<init>(ChromeDriver.java:88)
	at org.openqa.selenium.chrome.ChromeDriver.<init>(ChromeDriver.java:83)
	at org.openqa.selenium.chrome.ChromeDriver.<init>(ChromeDriver.java:51)
	at utils.DriverManager.getDriver(DriverManager.java:14)
	at stepdefinitions.Hooks.setUp(Hooks.java:12)

[ERROR] runners.TestRunner.runScenario["Checkout without shipping details", "Checkout Process"](2) -- Time elapsed: 0.251 s <<< FAILURE!
org.openqa.selenium.SessionNotCreatedException: 
Could not start a new session. Response code 500. Message: session not created: Chrome instance exited. Examine ChromeDriver verbose log to determine the cause. 
Host info: host: 'localhost', ip: '127.0.0.1'
Build info: version: '4.20.0', revision: '866c76ca80'
System info: os.name: 'Linux', os.arch: 'amd64', os.version: '6.9.12', java.version: '17.0.19'
Driver info: org.openqa.selenium.chrome.ChromeDriver
Command: [null, newSession {capabilities=[Capabilities {browserName: chrome, goog:chromeOptions: {args: [], extensions: []}}]}]
	at org.openqa.selenium.remote.ProtocolHandshake.createSession(ProtocolHandshake.java:114)
	at org.openqa.selenium.remote.ProtocolHandshake.createSession(ProtocolHandshake.java:75)
	at org.openqa.selenium.remote.ProtocolHandshake.createSession(ProtocolHandshake.java:61)
	at org.openqa.selenium.remote.HttpCommandExecutor.execute(HttpCommandExecutor.java:162)
	at org.openqa.selenium.remote.service.DriverCommandExecutor.invokeExecute(DriverCommandExecutor.java:216)
	at org.openqa.selenium.remote.service.DriverCommandExecutor.execute(DriverCommandExecutor.java:174)
	at org.openqa.selenium.remote.RemoteWebDriver.execute(RemoteWebDriver.java:518)
	at org.openqa.selenium.remote.RemoteWebDriver.startSession(RemoteWebDriver.java:232)
	at org.openqa.selenium.remote.RemoteWebDriver.<init>(RemoteWebDriver.java:161)
	at org.openqa.selenium.chromium.ChromiumDriver.<init>(ChromiumDriver.java:114)
	at org.openqa.selenium.chrome.ChromeDriver.<init>(ChromeDriver.java:88)
	at org.openqa.selenium.chrome.ChromeDriver.<init>(ChromeDriver.java:83)
	at org.openqa.selenium.chrome.ChromeDriver.<init>(ChromeDriver.java:51)
	at utils.DriverManager.getDriver(DriverManager.java:14)
	at stepdefinitions.Hooks.setUp(Hooks.java:12)

[ERROR] runners.TestRunner.runScenario["Cancel checkout process", "Checkout Process"](3) -- Time elapsed: 0.225 s <<< FAILURE!
org.openqa.selenium.SessionNotCreatedException: 
Could not start a new session. Response code 500. Message: session not created: Chrome instance exited. Examine ChromeDriver verbose log to determine the cause. 
Host info: host: 'localhost', ip: '127.0.0.1'
Build info: version: '4.20.0', revision: '866c76ca80'
System info: os.name: 'Linux', os.arch: 'amd64', os.version: '6.9.12', java.version: '17.0.19'
Driver info: org.openqa.selenium.chrome.ChromeDriver
Command: [null, newSession {capabilities=[Capabilities {browserName: chrome, goog:chromeOptions: {args: [], extensions: []}}]}]
	at org.openqa.selenium.remote.ProtocolHandshake.createSession(ProtocolHandshake.java:114)
	at org.openqa.selenium.remote.ProtocolHandshake.createSession(ProtocolHandshake.java:75)
	at org.openqa.selenium.remote.ProtocolHandshake.createSession(ProtocolHandshake.java:61)
	at org.openqa.selenium.remote.HttpCommandExecutor.execute(HttpCommandExecutor.java:162)
	at org.openqa.selenium.remote.service.DriverCommandExecutor.invokeExecute(DriverCommandExecutor.java:216)
	at org.openqa.selenium.remote.service.DriverCommandExecutor.execute(DriverCommandExecutor.java:174)
	at org.openqa.selenium.remote.RemoteWebDriver.execute(RemoteWebDriver.java:518)
	at org.openqa.selenium.remote.RemoteWebDriver.startSession(RemoteWebDriver.java:232)
	at org.openqa.selenium.remote.RemoteWebDriver.<init>(RemoteWebDriver.java:161)
	at org.openqa.selenium.chromium.ChromiumDriver.<init>(ChromiumDriver.java:114)
	at org.openqa.selenium.chrome.ChromeDriver.<init>(ChromeDriver.java:88)
	at org.openqa.selenium.chrome.ChromeDriver.<init>(ChromeDriver.java:83)
	at org.openqa.selenium.chrome.ChromeDriver.<init>(ChromeDriver.java:51)
	at utils.DriverManager.getDriver(DriverManager.java:14)
	at stepdefinitions.Hooks.setUp(Hooks.java:12)

[ERROR] runners.TestRunner.runScenario["Verify products are displayed on home page", "Home Page Functionality"](4) -- Time elapsed: 0.169 s <<< FAILURE!
org.openqa.selenium.SessionNotCreatedException: 
Could not start a new session. Response code 500. Message: session not created: Chrome instance exited. Examine ChromeDriver verbose log to determine the cause. 
Host info: host: 'localhost', ip: '127.0.0.1'
Build info: version: '4.20.0', revision: '866c76ca80'
System info: os.name: 'Linux', os.arch: 'amd64', os.version: '6.9.12', java.version: '17.0.19'
Driver info: org.openqa.selenium.chrome.ChromeDriver
Command: [null, newSession {capabilities=[Capabilities {browserName: chrome, goog:chromeOptions: {args: [], extensions: []}}]}]
	at org.openqa.selenium.remote.ProtocolHandshake.createSession(ProtocolHandshake.java:114)
	at org.openqa.selenium.remote.ProtocolHandshake.createSession(ProtocolHandshake.java:75)
	at org.openqa.selenium.remote.ProtocolHandshake.createSession(ProtocolHandshake.java:61)
	at org.openqa.selenium.remote.HttpCommandExecutor.execute(HttpCommandExecutor.java:162)
	at org.openqa.selenium.remote.service.DriverCommandExecutor.invokeExecute(DriverCommandExecutor.java:216)
	at org.openqa.selenium.remote.service.DriverCommandExecutor.execute(DriverCommandExecutor.java:174)
	at org.openqa.selenium.remote.RemoteWebDriver.execute(RemoteWebDriver.java:518)
	at org.openqa.selenium.remote.RemoteWebDriver.startSession(RemoteWebDriver.java:232)
	at org.openqa.selenium.remote.RemoteWebDriver.<init>(RemoteWebDriver.java:161)
	at org.openqa.selenium.chromium.ChromiumDriver.<init>(ChromiumDriver.java:114)
	at org.openqa.selenium.chrome.ChromeDriver.<init>(ChromeDriver.java:88)
	at org.openqa.selenium.chrome.ChromeDriver.<init>(ChromeDriver.java:83)
	at org.openqa.selenium.chrome.ChromeDriver.<init>(ChromeDriver.java:51)
	at utils.DriverManager.getDriver(DriverManager.java:14)
	at stepdefinitions.Hooks.setUp(Hooks.java:12)

[ERROR] runners.TestRunner.runScenario["Search product", "Home Page Functionality"](5) -- Time elapsed: 0.228 s <<< FAILURE!
org.openqa.selenium.SessionNotCreatedException: 
Could not start a new session. Response code 500. Message: session not created: Chrome instance exited. Examine ChromeDriver verbose log to determine the cause. 
Host info: host: 'localhost', ip: '127.0.0.1'
Build info: version: '4.20.0', revision: '866c76ca80'
System info: os.name: 'Linux', os.arch: 'amd64', os.version: '6.9.12', java.version: '17.0.19'
Driver info: org.openqa.selenium.chrome.ChromeDriver
Command: [null, newSession {capabilities=[Capabilities {browserName: chrome, goog:chromeOptions: {args: [], extensions: []}}]}]
	at org.openqa.selenium.remote.ProtocolHandshake.createSession(ProtocolHandshake.java:114)
	at org.openqa.selenium.remote.ProtocolHandshake.createSession(ProtocolHandshake.java:75)
	at org.openqa.selenium.remote.ProtocolHandshake.createSession(ProtocolHandshake.java:61)
	at org.openqa.selenium.remote.HttpCommandExecutor.execute(HttpCommandExecutor.java:162)
	at org.openqa.selenium.remote.service.DriverCommandExecutor.invokeExecute(DriverCommandExecutor.java:216)
	at org.openqa.selenium.remote.service.DriverCommandExecutor.execute(DriverCommandExecutor.java:174)
	at org.openqa.selenium.remote.RemoteWebDriver.execute(RemoteWebDriver.java:518)
	at org.openqa.selenium.remote.RemoteWebDriver.startSession(RemoteWebDriver.java:232)
	at org.openqa.selenium.remote.RemoteWebDriver.<init>(RemoteWebDriver.java:161)
	at org.openqa.selenium.chromium.ChromiumDriver.<init>(ChromiumDriver.java:114)
	at org.openqa.selenium.chrome.ChromeDriver.<init>(ChromeDriver.java:88)
	at org.openqa.selenium.chrome.ChromeDriver.<init>(ChromeDriver.java:83)
	at org.openqa.selenium.chrome.ChromeDriver.<init>(ChromeDriver.java:51)
	at utils.DriverManager.getDriver(DriverManager.java:14)
	at stepdefinitions.Hooks.setUp(Hooks.java:12)

[ERROR] runners.TestRunner.runScenario["Add product to cart from home page", "Home Page Functionality"](6) -- Time elapsed: 0.229 s <<< FAILURE!
org.openqa.selenium.SessionNotCreatedException: 
Could not start a new session. Response code 500. Message: session not created: Chrome instance exited. Examine ChromeDriver verbose log to determine the cause. 
Host info: host: 'localhost', ip: '127.0.0.1'
Build info: version: '4.20.0', revision: '866c76ca80'
System info: os.name: 'Linux', os.arch: 'amd64', os.version: '6.9.12', java.version: '17.0.19'
Driver info: org.openqa.selenium.chrome.ChromeDriver
Command: [null, newSession {capabilities=[Capabilities {browserName: chrome, goog:chromeOptions: {args: [], extensions: []}}]}]
	at org.openqa.selenium.remote.ProtocolHandshake.createSession(ProtocolHandshake.java:114)
	at org.openqa.selenium.remote.ProtocolHandshake.createSession(ProtocolHandshake.java:75)
	at org.openqa.selenium.remote.ProtocolHandshake.createSession(ProtocolHandshake.java:61)
	at org.openqa.selenium.remote.HttpCommandExecutor.execute(HttpCommandExecutor.java:162)
	at org.openqa.selenium.remote.service.DriverCommandExecutor.invokeExecute(DriverCommandExecutor.java:216)
	at org.openqa.selenium.remote.service.DriverCommandExecutor.execute(DriverCommandExecutor.java:174)
	at org.openqa.selenium.remote.RemoteWebDriver.execute(RemoteWebDriver.java:518)
	at org.openqa.selenium.remote.RemoteWebDriver.startSession(RemoteWebDriver.java:232)
	at org.openqa.selenium.remote.RemoteWebDriver.<init>(RemoteWebDriver.java:161)
	at org.openqa.selenium.chromium.ChromiumDriver.<init>(ChromiumDriver.java:114)
	at org.openqa.selenium.chrome.ChromeDriver.<init>(ChromeDriver.java:88)
	at org.openqa.selenium.chrome.ChromeDriver.<init>(ChromeDriver.java:83)
	at org.openqa.selenium.chrome.ChromeDriver.<init>(ChromeDriver.java:51)
	at utils.DriverManager.getDriver(DriverManager.java:14)
	at stepdefinitions.Hooks.setUp(Hooks.java:12)

[ERROR] runners.TestRunner.runScenario["Valid login", "Login"](7) -- Time elapsed: 0.161 s <<< FAILURE!
org.openqa.selenium.SessionNotCreatedException: 
Could not start a new session. Response code 500. Message: session not created: Chrome instance exited. Examine ChromeDriver verbose log to determine the cause. 
Host info: host: 'localhost', ip: '127.0.0.1'
Build info: version: '4.20.0', revision: '866c76ca80'
System info: os.name: 'Linux', os.arch: 'amd64', os.version: '6.9.12', java.version: '17.0.19'
Driver info: org.openqa.selenium.chrome.ChromeDriver
Command: [null, newSession {capabilities=[Capabilities {browserName: chrome, goog:chromeOptions: {args: [], extensions: []}}]}]
	at org.openqa.selenium.remote.ProtocolHandshake.createSession(ProtocolHandshake.java:114)
	at org.openqa.selenium.remote.ProtocolHandshake.createSession(ProtocolHandshake.java:75)
	at org.openqa.selenium.remote.ProtocolHandshake.createSession(ProtocolHandshake.java:61)
	at org.openqa.selenium.remote.HttpCommandExecutor.execute(HttpCommandExecutor.java:162)
	at org.openqa.selenium.remote.service.DriverCommandExecutor.invokeExecute(DriverCommandExecutor.java:216)
	at org.openqa.selenium.remote.service.DriverCommandExecutor.execute(DriverCommandExecutor.java:174)
	at org.openqa.selenium.remote.RemoteWebDriver.execute(RemoteWebDriver.java:518)
	at org.openqa.selenium.remote.RemoteWebDriver.startSession(RemoteWebDriver.java:232)
	at org.openqa.selenium.remote.RemoteWebDriver.<init>(RemoteWebDriver.java:161)
	at org.openqa.selenium.chromium.ChromiumDriver.<init>(ChromiumDriver.java:114)
	at org.openqa.selenium.chrome.ChromeDriver.<init>(ChromeDriver.java:88)
	at org.openqa.selenium.chrome.ChromeDriver.<init>(ChromeDriver.java:83)
	at org.openqa.selenium.chrome.ChromeDriver.<init>(ChromeDriver.java:51)
	at utils.DriverManager.getDriver(DriverManager.java:14)
	at stepdefinitions.Hooks.setUp(Hooks.java:12)

[INFO] 
[INFO] Results:
[INFO] 
[ERROR] Failures: 
[ERROR]   TestRunner.runScenario » SessionNotCreated Could not start a new session. Response code 500. Message: session not created: Chrome instance exited. Examine ChromeDriver verbose log to determine the cause. 
Host info: host: 'localhost', ip: '127.0.0.1'
Build info: version: '4.20.0', revision: '866c76ca80'
System info: os.name: 'Linux', os.arch: 'amd64', os.version: '6.9.12', java.version: '17.0.19'
Driver info: org.openqa.selenium.chrome.ChromeDriver
Command: [null, newSession {capabilities=[Capabilities {browserName: chrome, goog:chromeOptions: {args: [], extensions: []}}]}]
[ERROR]   TestRunner.runScenario » SessionNotCreated Could not start a new session. Response code 500. Message: session not created: Chrome instance exited. Examine ChromeDriver verbose log to determine the cause. 
Host info: host: 'localhost', ip: '127.0.0.1'
Build info: version: '4.20.0', revision: '866c76ca80'
System info: os.name: 'Linux', os.arch: 'amd64', os.version: '6.9.12', java.version: '17.0.19'
Driver info: org.openqa.selenium.chrome.ChromeDriver
Command: [null, newSession {capabilities=[Capabilities {browserName: chrome, goog:chromeOptions: {args: [], extensions: []}}]}]
[ERROR]   TestRunner.runScenario » SessionNotCreated Could not start a new session. Response code 500. Message: session not created: Chrome instance exited. Examine ChromeDriver verbose log to determine the cause. 
Host info: host: 'localhost', ip: '127.0.0.1'
Build info: version: '4.20.0', revision: '866c76ca80'
System info: os.name: 'Linux', os.arch: 'amd64', os.version: '6.9.12', java.version: '17.0.19'
Driver info: org.openqa.selenium.chrome.ChromeDriver
Command: [null, newSession {capabilities=[Capabilities {browserName: chrome, goog:chromeOptions: {args: [], extensions: []}}]}]
[ERROR]   TestRunner.runScenario » SessionNotCreated Could not start a new session. Response code 500. Message: session not created: Chrome instance exited. Examine ChromeDriver verbose log to determine the cause. 
Host info: host: 'localhost', ip: '127.0.0.1'
Build info: version: '4.20.0', revision: '866c76ca80'
System info: os.name: 'Linux', os.arch: 'amd64', os.version: '6.9.12', java.version: '17.0.19'
Driver info: org.openqa.selenium.chrome.ChromeDriver
Command: [null, newSession {capabilities=[Capabilities {browserName: chrome, goog:chromeOptions: {args: [], extensions: []}}]}]
[ERROR]   TestRunner.runScenario » SessionNotCreated Could not start a new session. Response code 500. Message: session not created: Chrome instance exited. Examine ChromeDriver verbose log to determine the cause. 
Host info: host: 'localhost', ip: '127.0.0.1'
Build info: version: '4.20.0', revision: '866c76ca80'
System info: os.name: 'Linux', os.arch: 'amd64', os.version: '6.9.12', java.version: '17.0.19'
Driver info: org.openqa.selenium.chrome.ChromeDriver
Command: [null, newSession {capabilities=[Capabilities {browserName: chrome, goog:chromeOptions: {args: [], extensions: []}}]}]
[ERROR]   TestRunner.runScenario » SessionNotCreated Could not start a new session. Response code 500. Message: session not created: Chrome instance exited. Examine ChromeDriver verbose log to determine the cause. 
Host info: host: 'localhost', ip: '127.0.0.1'
Build info: version: '4.20.0', revision: '866c76ca80'
System info: os.name: 'Linux', os.arch: 'amd64', os.version: '6.9.12', java.version: '17.0.19'
Driver info: org.openqa.selenium.chrome.ChromeDriver
Command: [null, newSession {capabilities=[Capabilities {browserName: chrome, goog:chromeOptions: {args: [], extensions: []}}]}]
[ERROR]   TestRunner.runScenario » SessionNotCreated Could not start a new session. Response code 500. Message: session not created: Chrome instance exited. Examine ChromeDriver verbose log to determine the cause. 
Host info: host: 'localhost', ip: '127.0.0.1'
Build info: version: '4.20.0', revision: '866c76ca80'
System info: os.name: 'Linux', os.arch: 'amd64', os.version: '6.9.12', java.version: '17.0.19'
Driver info: org.openqa.selenium.chrome.ChromeDriver
Command: [null, newSession {capabilities=[Capabilities {browserName: chrome, goog:chromeOptions: {args: [], extensions: []}}]}]
[INFO] 
[ERROR] Tests run: 7, Failures: 7, Errors: 0, Skipped: 0
[INFO] 
[INFO] ------------------------------------------------------------------------
[INFO] BUILD FAILURE
[INFO] ------------------------------------------------------------------------
[INFO] Total time:  21.060 s
[INFO] Finished at: 2026-07-30T00:45:10Z
[INFO] ------------------------------------------------------------------------
[ERROR] Failed to execute goal org.apache.maven.plugins:maven-surefire-plugin:3.2.5:test (default-test) on project selenium-cucumber: There are test failures.
[ERROR] 
[ERROR] Please refer to /tmp/qbric-codegen/exec-6e3fc2dfbbe34c52b09423adf09aca98-heal/target/surefire-reports for the individual test results.
[ERROR] Please refer to dump files (if any exist) [date].dump, [date]-jvmRun[N].dump and [date].dumpstream.
[ERROR] -> [Help 1]
[ERROR] 
[ERROR] To see the full stack trace of the errors, re-run Maven with the -e switch.
[ERROR] Re-run Maven using the -X switch to enable full debug logging.
[ERROR] 
[ERROR] For more information about the errors and possible solutions, please read the following articles:
[ERROR] [Help 1] http://cwiki.apache.org/confluence/display/MAVEN/MojoFailureException
