[INFO] Scanning for projects...
[INFO] 
[INFO] ------------------< com.framework:selenium-cucumber >-------------------
[INFO] Building selenium-cucumber 1.0-SNAPSHOT
[INFO]   from pom.xml
[INFO] --------------------------------[ jar ]---------------------------------
Downloading from central: https://repo.maven.apache.org/maven2/org/apache/maven/plugins/maven-resources-plugin/3.3.1/maven-resources-plugin-3.3.1.pom
Progress (1): 767 B
Progress (1): 1.8 kB
Progress (1): 3.8 kB
Progress (1): 6.9 kB
Progress (1): 8.2 kB
                    
Downloaded from central: https://repo.maven.apache.org/maven2/org/apache/maven/plugins/maven-resources-plugin/3.3.1/maven-resources-plugin-3.3.1.pom (8.2 kB at 26 kB/s)
Downloading from central: https://repo.maven.apache.org/maven2/org/apache/maven/plugins/maven-plugins/39/maven-plugins-39.pom
Progress (1): 773 B
Progress (1): 1.8 kB
Progress (1): 4.2 kB
Progress (1): 6.6 kB
Progress (1): 8.1 kB
                    
Downloaded from central: https://repo.maven.apache.org/maven2/org/apache/maven/plugins/maven-plugins/39/maven-plugins-39.pom (8.1 kB at 162 kB/s)
Downloading from central: https://repo.maven.apache.org/maven2/org/apache/maven/maven-parent/39/maven-parent-39.pom
Progress (1): 724 B
Progress (1): 1.6 kB
Progress (1): 4.2 kB
Progress (1): 8.6 kB
Progress (1): 12 kB 
Progress (1): 16 kB
Progress (1): 21 kB
Progress (1): 24 kB
Progress (1): 27 kB
Progress (1): 28 kB
Progress (1): 30 kB
Progress (1): 33 kB
Progress (1): 36 kB
Progress (1): 38 kB
Progress (1): 41 kB
Progress (1): 46 kB
Progress (1): 48 kB
                   
Downloaded from central: https://repo.maven.apache.org/maven2/org/apache/maven/maven-parent/39/maven-parent-39.pom (48 kB at 857 kB/s)
Downloading from central: https://repo.maven.apache.org/maven2/org/apache/apache/29/apache-29.pom
Progress (1): 741 B
Progress (1): 1.6 kB
Progress (1): 3.4 kB
Progress (1): 5.5 kB
Progress (1): 8.9 kB
Progress (1): 14 kB 
Progress (1): 17 kB
Progress (1): 19 kB
Progress (1): 21 kB
                   
Downloaded from central: https://repo.maven.apache.org/maven2/org/apache/apache/29/apache-29.pom (21 kB at 460 kB/s)
Downloading from central: https://repo.maven.apache.org/maven2/org/apache/maven/plugins/maven-resources-plugin/3.3.1/maven-resources-plugin-3.3.1.jar
Progress (1): 0.9/31 kB
Progress (1): 2.3/31 kB
Progress (1): 3.6/31 kB
Progress (1): 5.0/31 kB
Progress (1): 6.4/31 kB
Progress (1): 7.7/31 kB
Progress (1): 9.1/31 kB
Progress (1): 10/31 kB 
Progress (1): 11/31 kB
Progress (1): 13/31 kB
Progress (1): 14/31 kB
Progress (1): 15/31 kB
Progress (1): 17/31 kB
Progress (1): 18/31 kB
Progress (1): 20/31 kB
Progress (1): 21/31 kB
Progress (1): 22/31 kB
Progress (1): 24/31 kB
Progress (1): 25/31 kB
Progress (1): 26/31 kB
Progress (1): 28/31 kB
Progress (1): 29/31 kB
Progress (1): 31/31 kB
Progress (1): 31 kB   
                   
Downloaded from central: https://repo.maven.apache.org/maven2/org/apache/maven/plugins/maven-resources-plugin/3.3.1/maven-resources-plugin-3.3.1.jar (31 kB at 619 kB/s)
Downloading from central: https://repo.maven.apache.org/maven2/org/apache/maven/plugins/maven-compiler-plugin/3.13.0/maven-compiler-plugin-3.13.0.pom
Progress (1): 762 B
Progress (1): 2.2 kB
Progress (1): 5.0 kB
Progress (1): 8.5 kB
Progress (1): 10 kB 
                   
Downloaded from central: https://repo.maven.apache.org/maven2/org/apache/maven/plugins/maven-compiler-plugin/3.13.0/maven-compiler-plugin-3.13.0.pom (10 kB at 193 kB/s)
Downloading from central: https://repo.maven.apache.org/maven2/org/apache/maven/plugins/maven-plugins/41/maven-plugins-41.pom
Progress (1): 773 B
Progress (1): 2.4 kB
Progress (1): 4.9 kB
Progress (1): 7.4 kB
                    
Downloaded from central: https://repo.maven.apache.org/maven2/org/apache/maven/plugins/maven-plugins/41/maven-plugins-41.pom (7.4 kB at 139 kB/s)
Downloading from central: https://repo.maven.apache.org/maven2/org/apache/maven/maven-parent/41/maven-parent-41.pom
Progress (1): 724 B
Progress (1): 1.9 kB
Progress (1): 5.5 kB
Progress (1): 9.9 kB
Progress (1): 14 kB 
Progress (1): 19 kB
Progress (1): 23 kB
Progress (1): 25 kB
Progress (1): 27 kB
Progress (1): 29 kB
Progress (1): 32 kB
Progress (1): 36 kB
Progress (1): 38 kB
Progress (1): 41 kB
Progress (1): 44 kB
Progress (1): 50 kB
Progress (1): 50 kB
                   
Downloaded from central: https://repo.maven.apache.org/maven2/org/apache/maven/maven-parent/41/maven-parent-41.pom (50 kB at 1.1 MB/s)
Downloading from central: https://repo.maven.apache.org/maven2/org/apache/apache/31/apache-31.pom
Progress (1): 739 B
Progress (1): 2.1 kB
Progress (1): 3.9 kB
Progress (1): 6.2 kB
Progress (1): 11 kB 
Progress (1): 16 kB
Progress (1): 20 kB
Progress (1): 21 kB
Progress (1): 23 kB
Progress (1): 24 kB
                   
Downloaded from central: https://repo.maven.apache.org/maven2/org/apache/apache/31/apache-31.pom (24 kB at 547 kB/s)
Downloading from central: https://repo.maven.apache.org/maven2/org/apache/maven/plugins/maven-compiler-plugin/3.13.0/maven-compiler-plugin-3.13.0.jar
Progress (1): 3.2/83 kB
Progress (1): 7.4/83 kB
Progress (1): 12/83 kB 
Progress (1): 16/83 kB
Progress (1): 20/83 kB
Progress (1): 24/83 kB
Progress (1): 29/83 kB
Progress (1): 33/83 kB
Progress (1): 37/83 kB
Progress (1): 41/83 kB
Progress (1): 45/83 kB
Progress (1): 50/83 kB
Progress (1): 54/83 kB
Progress (1): 58/83 kB
Progress (1): 62/83 kB
Progress (1): 67/83 kB
Progress (1): 71/83 kB
Progress (1): 75/83 kB
Progress (1): 79/83 kB
Progress (1): 83 kB   
                   
Downloaded from central: https://repo.maven.apache.org/maven2/org/apache/maven/plugins/maven-compiler-plugin/3.13.0/maven-compiler-plugin-3.13.0.jar (83 kB at 1.9 MB/s)
Downloading from central: https://repo.maven.apache.org/maven2/org/apache/maven/plugins/maven-surefire-plugin/3.2.5/maven-surefire-plugin-3.2.5.pom
Progress (1): 834 B
Progress (1): 2.7 kB
Progress (1): 5.3 kB
                    
Downloaded from central: https://repo.maven.apache.org/maven2/org/apache/maven/plugins/maven-surefire-plugin/3.2.5/maven-surefire-plugin-3.2.5.pom (5.3 kB at 121 kB/s)
Downloading from central: https://repo.maven.apache.org/maven2/org/apache/maven/surefire/surefire/3.2.5/surefire-3.2.5.pom
Progress (1): 787 B
Progress (1): 2.4 kB
Progress (1): 4.1 kB
Progress (1): 7.9 kB
Progress (1): 12 kB 
Progress (1): 14 kB
Progress (1): 17 kB
Progress (1): 18 kB
Progress (1): 20 kB
Progress (1): 22 kB
                   
Downloaded from central: https://repo.maven.apache.org/maven2/org/apache/maven/surefire/surefire/3.2.5/surefire-3.2.5.pom (22 kB at 458 kB/s)
Downloading from central: https://repo.maven.apache.org/maven2/org/junit/junit-bom/5.9.3/junit-bom-5.9.3.pom
Progress (1): 907 B
Progress (1): 4.1 kB
Progress (1): 5.6 kB
                    
Downloaded from central: https://repo.maven.apache.org/maven2/org/junit/junit-bom/5.9.3/junit-bom-5.9.3.pom (5.6 kB at 128 kB/s)
Downloading from central: https://repo.maven.apache.org/maven2/org/apache/maven/plugins/maven-surefire-plugin/3.2.5/maven-surefire-plugin-3.2.5.jar
Progress (1): 3.8/45 kB
Progress (1): 8.0/45 kB
Progress (1): 24/45 kB 
Progress (1): 25/45 kB
Progress (1): 41/45 kB
Progress (1): 45 kB   
                   
Downloaded from central: https://repo.maven.apache.org/maven2/org/apache/maven/plugins/maven-surefire-plugin/3.2.5/maven-surefire-plugin-3.2.5.jar (45 kB at 1.0 MB/s)
Downloading from central: https://repo.maven.apache.org/maven2/org/seleniumhq/selenium/selenium-java/4.20.0/selenium-java-4.20.0.pom
Progress (1): 1.1 kB
Progress (1): 4.4 kB
                    
Downloaded from central: https://repo.maven.apache.org/maven2/org/seleniumhq/selenium/selenium-java/4.20.0/selenium-java-4.20.0.pom (4.4 kB at 96 kB/s)
Downloading from central: https://repo.maven.apache.org/maven2/org/seleniumhq/selenium/selenium-api/4.20.0/selenium-api-4.20.0.pom
Progress (1): 1.1 kB
Progress (1): 2.1 kB
                    
Downloaded from central: https://repo.maven.apache.org/maven2/org/seleniumhq/selenium/selenium-api/4.20.0/selenium-api-4.20.0.pom (2.1 kB at 48 kB/s)
Downloading from central: https://repo.maven.apache.org/maven2/org/seleniumhq/selenium/selenium-chrome-driver/4.20.0/selenium-chrome-driver-4.20.0.pom
Progress (1): 1.1 kB
Progress (1): 3.3 kB
                    
Downloaded from central: https://repo.maven.apache.org/maven2/org/seleniumhq/selenium/selenium-chrome-driver/4.20.0/selenium-chrome-driver-4.20.0.pom (3.3 kB at 77 kB/s)
Downloading from central: https://repo.maven.apache.org/maven2/com/google/auto/service/auto-service-annotations/1.1.1/auto-service-annotations-1.1.1.pom
Progress (1): 832 B
Progress (1): 2.3 kB
                    
Downloaded from central: https://repo.maven.apache.org/maven2/com/google/auto/service/auto-service-annotations/1.1.1/auto-service-annotations-1.1.1.pom (2.3 kB at 35 kB/s)
Downloading from central: https://repo.maven.apache.org/maven2/com/google/auto/service/auto-service-aggregator/1.1.1/auto-service-aggregator-1.1.1.pom
Progress (1): 813 B
Progress (1): 2.4 kB
Progress (1): 4.3 kB
                    
Downloaded from central: https://repo.maven.apache.org/maven2/com/google/auto/service/auto-service-aggregator/1.1.1/auto-service-aggregator-1.1.1.pom (4.3 kB at 112 kB/s)
Downloading from central: https://repo.maven.apache.org/maven2/org/sonatype/oss/oss-parent/7/oss-parent-7.pom
Progress (1): 848 B
Progress (1): 2.5 kB
Progress (1): 4.8 kB
                    
Downloaded from central: https://repo.maven.apache.org/maven2/org/sonatype/oss/oss-parent/7/oss-parent-7.pom (4.8 kB at 107 kB/s)
Downloading from central: https://repo.maven.apache.org/maven2/org/seleniumhq/selenium/selenium-chromium-driver/4.20.0/selenium-chromium-driver-4.20.0.pom
Progress (1): 1.1 kB
Progress (1): 2.7 kB
                    
Downloaded from central: https://repo.maven.apache.org/maven2/org/seleniumhq/selenium/selenium-chromium-driver/4.20.0/selenium-chromium-driver-4.20.0.pom (2.7 kB at 62 kB/s)
Downloading from central: https://repo.maven.apache.org/maven2/org/seleniumhq/selenium/selenium-json/4.20.0/selenium-json-4.20.0.pom
Progress (1): 1.1 kB
Progress (1): 2.3 kB
                    
Downloaded from central: https://repo.maven.apache.org/maven2/org/seleniumhq/selenium/selenium-json/4.20.0/selenium-json-4.20.0.pom (2.3 kB at 57 kB/s)
Downloading from central: https://repo.maven.apache.org/maven2/org/seleniumhq/selenium/selenium-remote-driver/4.20.0/selenium-remote-driver-4.20.0.pom
Progress (1): 1.1 kB
Progress (1): 5.3 kB
                    
Downloaded from central: https://repo.maven.apache.org/maven2/org/seleniumhq/selenium/selenium-remote-driver/4.20.0/selenium-remote-driver-4.20.0.pom (5.3 kB at 119 kB/s)
Downloading from central: https://repo.maven.apache.org/maven2/com/google/guava/guava/33.1.0-jre/guava-33.1.0-jre.pom
Progress (1): 953 B
Progress (1): 2.9 kB
Progress (1): 4.8 kB
Progress (1): 6.4 kB
Progress (1): 9.1 kB
                    
Downloaded from central: https://repo.maven.apache.org/maven2/com/google/guava/guava/33.1.0-jre/guava-33.1.0-jre.pom (9.1 kB at 207 kB/s)
Downloading from central: https://repo.maven.apache.org/maven2/com/google/guava/guava-parent/33.1.0-jre/guava-parent-33.1.0-jre.pom
Progress (1): 901 B
Progress (1): 2.5 kB
Progress (1): 4.7 kB
Progress (1): 6.7 kB
Progress (1): 9.4 kB
Progress (1): 11 kB 
Progress (1): 13 kB
Progress (1): 15 kB
Progress (1): 17 kB
Progress (1): 19 kB
Progress (1): 19 kB
                   
Downloaded from central: https://repo.maven.apache.org/maven2/com/google/guava/guava-parent/33.1.0-jre/guava-parent-33.1.0-jre.pom (19 kB at 422 kB/s)
Downloading from central: https://repo.maven.apache.org/maven2/com/google/guava/failureaccess/1.0.2/failureaccess-1.0.2.pom
Progress (1): 975 B
Progress (1): 3.3 kB
                    
Downloaded from central: https://repo.maven.apache.org/maven2/com/google/guava/failureaccess/1.0.2/failureaccess-1.0.2.pom (3.3 kB at 71 kB/s)
Downloading from central: https://repo.maven.apache.org/maven2/com/google/guava/guava-parent/26.0-android/guava-parent-26.0-android.pom
Progress (1): 986 B
Progress (1): 2.8 kB
Progress (1): 5.4 kB
Progress (1): 7.4 kB
Progress (1): 10 kB 
                   
Downloaded from central: https://repo.maven.apache.org/maven2/com/google/guava/guava-parent/26.0-android/guava-parent-26.0-android.pom (10 kB at 170 kB/s)
Downloading from central: https://repo.maven.apache.org/maven2/org/sonatype/oss/oss-parent/9/oss-parent-9.pom
Progress (1): 838 B
Progress (1): 2.7 kB
Progress (1): 6.5 kB
Progress (1): 6.6 kB
                    
Downloaded from central: https://repo.maven.apache.org/maven2/org/sonatype/oss/oss-parent/9/oss-parent-9.pom (6.6 kB at 173 kB/s)
Downloading from central: https://repo.maven.apache.org/maven2/com/google/guava/listenablefuture/9999.0-empty-to-avoid-conflict-with-guava/listenablefuture-9999.0-empty-to-avoid-conflict-with-guava.pom
Progress (1): 1.0 kB
Progress (1): 2.3 kB
                    
Downloaded from central: https://repo.maven.apache.org/maven2/com/google/guava/listenablefuture/9999.0-empty-to-avoid-conflict-with-guava/listenablefuture-9999.0-empty-to-avoid-conflict-with-guava.pom (2.3 kB at 53 kB/s)
Downloading from central: https://repo.maven.apache.org/maven2/com/google/code/findbugs/jsr305/3.0.2/jsr305-3.0.2.pom
Progress (1): 1.0 kB
Progress (1): 3.7 kB
Progress (1): 4.3 kB
                    
Downloaded from central: https://repo.maven.apache.org/maven2/com/google/code/findbugs/jsr305/3.0.2/jsr305-3.0.2.pom (4.3 kB at 110 kB/s)
Downloading from central: https://repo.maven.apache.org/maven2/org/checkerframework/checker-qual/3.42.0/checker-qual-3.42.0.pom
Progress (1): 940 B
Progress (1): 2.1 kB
                    
Downloaded from central: https://repo.maven.apache.org/maven2/org/checkerframework/checker-qual/3.42.0/checker-qual-3.42.0.pom (2.1 kB at 50 kB/s)
Downloading from central: https://repo.maven.apache.org/maven2/com/google/errorprone/error_prone_annotations/2.26.1/error_prone_annotations-2.26.1.pom
Progress (1): 759 B
Progress (1): 2.7 kB
Progress (1): 4.3 kB
                    
Downloaded from central: https://repo.maven.apache.org/maven2/com/google/errorprone/error_prone_annotations/2.26.1/error_prone_annotations-2.26.1.pom (4.3 kB at 87 kB/s)
Downloading from central: https://repo.maven.apache.org/maven2/com/google/errorprone/error_prone_parent/2.26.1/error_prone_parent-2.26.1.pom
Progress (1): 719 B
Progress (1): 2.1 kB
Progress (1): 4.1 kB
Progress (1): 6.5 kB
Progress (1): 11 kB 
Progress (1): 13 kB
                   
Downloaded from central: https://repo.maven.apache.org/maven2/com/google/errorprone/error_prone_parent/2.26.1/error_prone_parent-2.26.1.pom (13 kB at 320 kB/s)
Downloading from central: https://repo.maven.apache.org/maven2/com/google/j2objc/j2objc-annotations/3.0.0/j2objc-annotations-3.0.0.pom
Progress (1): 827 B
Progress (1): 2.5 kB
Progress (1): 5.1 kB
                    
Downloaded from central: https://repo.maven.apache.org/maven2/com/google/j2objc/j2objc-annotations/3.0.0/j2objc-annotations-3.0.0.pom (5.1 kB at 115 kB/s)
Downloading from central: https://repo.maven.apache.org/maven2/io/opentelemetry/semconv/opentelemetry-semconv/1.25.0-alpha/opentelemetry-semconv-1.25.0-alpha.pom
Progress (1): 1.0 kB
Progress (1): 1.7 kB
                    
Downloaded from central: https://repo.maven.apache.org/maven2/io/opentelemetry/semconv/opentelemetry-semconv/1.25.0-alpha/opentelemetry-semconv-1.25.0-alpha.pom (1.7 kB at 40 kB/s)
Downloading from central: https://repo.maven.apache.org/maven2/io/opentelemetry/opentelemetry-api/1.37.0/opentelemetry-api-1.37.0.pom
Progress (1): 1.0 kB
Progress (1): 1.8 kB
                    
Downloaded from central: https://repo.maven.apache.org/maven2/io/opentelemetry/opentelemetry-api/1.37.0/opentelemetry-api-1.37.0.pom (1.8 kB at 44 kB/s)
Downloading from central: https://repo.maven.apache.org/maven2/io/opentelemetry/opentelemetry-context/1.37.0/opentelemetry-context-1.37.0.pom
Progress (1): 989 B
Progress (1): 1.6 kB
                    
Downloaded from central: https://repo.maven.apache.org/maven2/io/opentelemetry/opentelemetry-context/1.37.0/opentelemetry-context-1.37.0.pom (1.6 kB at 39 kB/s)
Downloading from central: https://repo.maven.apache.org/maven2/io/opentelemetry/opentelemetry-exporter-logging/1.37.0/opentelemetry-exporter-logging-1.37.0.pom
Progress (1): 995 B
Progress (1): 2.0 kB
                    
Downloaded from central: https://repo.maven.apache.org/maven2/io/opentelemetry/opentelemetry-exporter-logging/1.37.0/opentelemetry-exporter-logging-1.37.0.pom (2.0 kB at 47 kB/s)
Downloading from central: https://repo.maven.apache.org/maven2/io/opentelemetry/opentelemetry-sdk/1.37.0/opentelemetry-sdk-1.37.0.pom
Progress (1): 994 B
Progress (1): 2.5 kB
                    
Downloaded from central: https://repo.maven.apache.org/maven2/io/opentelemetry/opentelemetry-sdk/1.37.0/opentelemetry-sdk-1.37.0.pom (2.5 kB at 50 kB/s)
Downloading from central: https://repo.maven.apache.org/maven2/io/opentelemetry/opentelemetry-sdk-common/1.37.0/opentelemetry-sdk-common-1.37.0.pom
Progress (1): 1.0 kB
Progress (1): 1.8 kB
                    
Downloaded from central: https://repo.maven.apache.org/maven2/io/opentelemetry/opentelemetry-sdk-common/1.37.0/opentelemetry-sdk-common-1.37.0.pom (1.8 kB at 41 kB/s)
Downloading from central: https://repo.maven.apache.org/maven2/io/opentelemetry/opentelemetry-sdk-trace/1.37.0/opentelemetry-sdk-trace-1.37.0.pom
Progress (1): 978 B
Progress (1): 2.0 kB
                    
Downloaded from central: https://repo.maven.apache.org/maven2/io/opentelemetry/opentelemetry-sdk-trace/1.37.0/opentelemetry-sdk-trace-1.37.0.pom (2.0 kB at 45 kB/s)
Downloading from central: https://repo.maven.apache.org/maven2/io/opentelemetry/opentelemetry-sdk-metrics/1.37.0/opentelemetry-sdk-metrics-1.37.0.pom
Progress (1): 989 B
Progress (1): 2.2 kB
                    
Downloaded from central: https://repo.maven.apache.org/maven2/io/opentelemetry/opentelemetry-sdk-metrics/1.37.0/opentelemetry-sdk-metrics-1.37.0.pom (2.2 kB at 50 kB/s)
Downloading from central: https://repo.maven.apache.org/maven2/io/opentelemetry/opentelemetry-api-incubator/1.37.0-alpha/opentelemetry-api-incubator-1.37.0-alpha.pom
Progress (1): 986 B
Progress (1): 1.8 kB
                    
Downloaded from central: https://repo.maven.apache.org/maven2/io/opentelemetry/opentelemetry-api-incubator/1.37.0-alpha/opentelemetry-api-incubator-1.37.0-alpha.pom (1.8 kB at 42 kB/s)
Downloading from central: https://repo.maven.apache.org/maven2/io/opentelemetry/opentelemetry-sdk-logs/1.37.0/opentelemetry-sdk-logs-1.37.0.pom
Progress (1): 982 B
Progress (1): 2.2 kB
                    
Downloaded from central: https://repo.maven.apache.org/maven2/io/opentelemetry/opentelemetry-sdk-logs/1.37.0/opentelemetry-sdk-logs-1.37.0.pom (2.2 kB at 46 kB/s)
Downloading from central: https://repo.maven.apache.org/maven2/io/opentelemetry/opentelemetry-sdk-extension-autoconfigure-spi/1.37.0/opentelemetry-sdk-extension-autoconfigure-spi-1.37.0.pom
Progress (1): 977 B
Progress (1): 1.8 kB
                    
Downloaded from central: https://repo.maven.apache.org/maven2/io/opentelemetry/opentelemetry-sdk-extension-autoconfigure-spi/1.37.0/opentelemetry-sdk-extension-autoconfigure-spi-1.37.0.pom (1.8 kB at 45 kB/s)
Downloading from central: https://repo.maven.apache.org/maven2/io/opentelemetry/opentelemetry-sdk-extension-autoconfigure/1.37.0/opentelemetry-sdk-extension-autoconfigure-1.37.0.pom
Progress (1): 975 B
Progress (1): 2.2 kB
                    
Downloaded from central: https://repo.maven.apache.org/maven2/io/opentelemetry/opentelemetry-sdk-extension-autoconfigure/1.37.0/opentelemetry-sdk-extension-autoconfigure-1.37.0.pom (2.2 kB at 55 kB/s)
Downloading from central: https://repo.maven.apache.org/maven2/net/bytebuddy/byte-buddy/1.14.14/byte-buddy-1.14.14.pom
Progress (1): 973 B
Progress (1): 3.7 kB
Progress (1): 7.0 kB
Progress (1): 14 kB 
Progress (1): 16 kB
                   
Downloaded from central: https://repo.maven.apache.org/maven2/net/bytebuddy/byte-buddy/1.14.14/byte-buddy-1.14.14.pom (16 kB at 331 kB/s)
Downloading from central: https://repo.maven.apache.org/maven2/net/bytebuddy/byte-buddy-parent/1.14.14/byte-buddy-parent-1.14.14.pom
Progress (1): 834 B
Progress (1): 2.1 kB
Progress (1): 3.7 kB
Progress (1): 6.2 kB
Progress (1): 8.1 kB
Progress (1): 11 kB 
Progress (1): 13 kB
Progress (1): 17 kB
Progress (1): 22 kB
Progress (1): 25 kB
Progress (1): 36 kB
Progress (1): 47 kB
Progress (1): 52 kB
Progress (1): 57 kB
Progress (1): 62 kB
                   
Downloaded from central: https://repo.maven.apache.org/maven2/net/bytebuddy/byte-buddy-parent/1.14.14/byte-buddy-parent-1.14.14.pom (62 kB at 1.3 MB/s)
Downloading from central: https://repo.maven.apache.org/maven2/org/seleniumhq/selenium/selenium-http/4.20.0/selenium-http-4.20.0.pom
Progress (1): 1.1 kB
Progress (1): 2.8 kB
                    
Downloaded from central: https://repo.maven.apache.org/maven2/org/seleniumhq/selenium/selenium-http/4.20.0/selenium-http-4.20.0.pom (2.8 kB at 70 kB/s)
Downloading from central: https://repo.maven.apache.org/maven2/dev/failsafe/failsafe/3.3.2/failsafe-3.3.2.pom
Progress (1): 1.0 kB
                    
Downloaded from central: https://repo.maven.apache.org/maven2/dev/failsafe/failsafe/3.3.2/failsafe-3.3.2.pom (1.0 kB at 22 kB/s)
Downloading from central: https://repo.maven.apache.org/maven2/dev/failsafe/failsafe-parent/3.3.2/failsafe-parent-3.3.2.pom
Progress (1): 1.1 kB
Progress (1): 3.4 kB
Progress (1): 5.8 kB
Progress (1): 8.8 kB
Progress (1): 9.2 kB
                    
Downloaded from central: https://repo.maven.apache.org/maven2/dev/failsafe/failsafe-parent/3.3.2/failsafe-parent-3.3.2.pom (9.2 kB at 229 kB/s)
Downloading from central: https://repo.maven.apache.org/maven2/org/seleniumhq/selenium/selenium-manager/4.20.0/selenium-manager-4.20.0.pom
Progress (1): 1.1 kB
Progress (1): 2.6 kB
                    
Downloaded from central: https://repo.maven.apache.org/maven2/org/seleniumhq/selenium/selenium-manager/4.20.0/selenium-manager-4.20.0.pom (2.6 kB at 54 kB/s)
Downloading from central: https://repo.maven.apache.org/maven2/org/seleniumhq/selenium/selenium-os/4.20.0/selenium-os-4.20.0.pom
Progress (1): 1.1 kB
Progress (1): 2.4 kB
                    
Downloaded from central: https://repo.maven.apache.org/maven2/org/seleniumhq/selenium/selenium-os/4.20.0/selenium-os-4.20.0.pom (2.4 kB at 57 kB/s)
Downloading from central: https://repo.maven.apache.org/maven2/org/apache/commons/commons-exec/1.4.0/commons-exec-1.4.0.pom
Progress (1): 757 B
Progress (1): 2.2 kB
Progress (1): 4.0 kB
Progress (1): 6.7 kB
Progress (1): 9.5 kB
Progress (1): 9.5 kB
                    
Downloaded from central: https://repo.maven.apache.org/maven2/org/apache/commons/commons-exec/1.4.0/commons-exec-1.4.0.pom (9.5 kB at 194 kB/s)
Downloading from central: https://repo.maven.apache.org/maven2/org/apache/commons/commons-parent/65/commons-parent-65.pom
Progress (1): 705 B
Progress (1): 1.9 kB
Progress (1): 3.1 kB
Progress (1): 4.7 kB
Progress (1): 6.4 kB
Progress (1): 8.4 kB
Progress (1): 10 kB 
Progress (1): 13 kB
Progress (1): 15 kB
Progress (1): 18 kB
Progress (1): 19 kB
Progress (1): 23 kB
Progress (1): 25 kB
Progress (1): 28 kB
Progress (1): 32 kB
Progress (1): 32 kB
Progress (1): 35 kB
Progress (1): 41 kB
Progress (1): 43 kB
Progress (1): 46 kB
Progress (1): 49 kB
Progress (1): 51 kB
Progress (1): 54 kB
Progress (1): 58 kB
Progress (1): 60 kB
Progress (1): 64 kB
Progress (1): 67 kB
Progress (1): 71 kB
Progress (1): 74 kB
Progress (1): 76 kB
Progress (1): 78 kB
                   
Downloaded from central: https://repo.maven.apache.org/maven2/org/apache/commons/commons-parent/65/commons-parent-65.pom (78 kB at 1.8 MB/s)
Downloading from central: https://repo.maven.apache.org/maven2/org/junit/junit-bom/5.10.1/junit-bom-5.10.1.pom
Progress (1): 908 B
Progress (1): 4.1 kB
Progress (1): 5.6 kB
                    
Downloaded from central: https://repo.maven.apache.org/maven2/org/junit/junit-bom/5.10.1/junit-bom-5.10.1.pom (5.6 kB at 101 kB/s)
Downloading from central: https://repo.maven.apache.org/maven2/org/seleniumhq/selenium/selenium-devtools-v122/4.20.0/selenium-devtools-v122-4.20.0.pom
Progress (1): 1.1 kB
Progress (1): 2.9 kB
                    
Downloaded from central: https://repo.maven.apache.org/maven2/org/seleniumhq/selenium/selenium-devtools-v122/4.20.0/selenium-devtools-v122-4.20.0.pom (2.9 kB at 72 kB/s)
Downloading from central: https://repo.maven.apache.org/maven2/org/seleniumhq/selenium/selenium-devtools-v123/4.20.0/selenium-devtools-v123-4.20.0.pom
Progress (1): 1.1 kB
Progress (1): 2.9 kB
                    
Downloaded from central: https://repo.maven.apache.org/maven2/org/seleniumhq/selenium/selenium-devtools-v123/4.20.0/selenium-devtools-v123-4.20.0.pom (2.9 kB at 72 kB/s)
Downloading from central: https://repo.maven.apache.org/maven2/org/seleniumhq/selenium/selenium-devtools-v124/4.20.0/selenium-devtools-v124-4.20.0.pom
Progress (1): 1.1 kB
Progress (1): 2.9 kB
                    
Downloaded from central: https://repo.maven.apache.org/maven2/org/seleniumhq/selenium/selenium-devtools-v124/4.20.0/selenium-devtools-v124-4.20.0.pom (2.9 kB at 61 kB/s)
Downloading from central: https://repo.maven.apache.org/maven2/org/seleniumhq/selenium/selenium-devtools-v85/4.20.0/selenium-devtools-v85-4.20.0.pom
Progress (1): 1.1 kB
Progress (1): 2.9 kB
                    
Downloaded from central: https://repo.maven.apache.org/maven2/org/seleniumhq/selenium/selenium-devtools-v85/4.20.0/selenium-devtools-v85-4.20.0.pom (2.9 kB at 65 kB/s)
Downloading from central: https://repo.maven.apache.org/maven2/org/seleniumhq/selenium/selenium-edge-driver/4.20.0/selenium-edge-driver-4.20.0.pom
Progress (1): 1.1 kB
Progress (1): 3.1 kB
                    
Downloaded from central: https://repo.maven.apache.org/maven2/org/seleniumhq/selenium/selenium-edge-driver/4.20.0/selenium-edge-driver-4.20.0.pom (3.1 kB at 68 kB/s)
Downloading from central: https://repo.maven.apache.org/maven2/org/seleniumhq/selenium/selenium-firefox-driver/4.20.0/selenium-firefox-driver-4.20.0.pom
Progress (1): 1.1 kB
Progress (1): 3.4 kB
                    
Downloaded from central: https://repo.maven.apache.org/maven2/org/seleniumhq/selenium/selenium-firefox-driver/4.20.0/selenium-firefox-driver-4.20.0.pom (3.4 kB at 66 kB/s)
Downloading from central: https://repo.maven.apache.org/maven2/org/seleniumhq/selenium/selenium-ie-driver/4.20.0/selenium-ie-driver-4.20.0.pom
Progress (1): 1.1 kB
Progress (1): 2.9 kB
                    
Downloaded from central: https://repo.maven.apache.org/maven2/org/seleniumhq/selenium/selenium-ie-driver/4.20.0/selenium-ie-driver-4.20.0.pom (2.9 kB at 73 kB/s)
Downloading from central: https://repo.maven.apache.org/maven2/org/seleniumhq/selenium/selenium-safari-driver/4.20.0/selenium-safari-driver-4.20.0.pom
Progress (1): 1.1 kB
Progress (1): 2.7 kB
                    
Downloaded from central: https://repo.maven.apache.org/maven2/org/seleniumhq/selenium/selenium-safari-driver/4.20.0/selenium-safari-driver-4.20.0.pom (2.7 kB at 64 kB/s)
Downloading from central: https://repo.maven.apache.org/maven2/org/seleniumhq/selenium/selenium-support/4.20.0/selenium-support-4.20.0.pom
Progress (1): 1.1 kB
Progress (1): 3.2 kB
                    
Downloaded from central: https://repo.maven.apache.org/maven2/org/seleniumhq/selenium/selenium-support/4.20.0/selenium-support-4.20.0.pom (3.2 kB at 70 kB/s)
Downloading from central: https://repo.maven.apache.org/maven2/org/testng/testng/7.10.2/testng-7.10.2.pom
Progress (1): 984 B
Progress (1): 2.6 kB
                    
Downloaded from central: https://repo.maven.apache.org/maven2/org/testng/testng/7.10.2/testng-7.10.2.pom (2.6 kB at 61 kB/s)
Downloading from central: https://repo.maven.apache.org/maven2/org/slf4j/slf4j-api/1.7.36/slf4j-api-1.7.36.pom
Progress (1): 1.0 kB
Progress (1): 2.7 kB
                    
Downloaded from central: https://repo.maven.apache.org/maven2/org/slf4j/slf4j-api/1.7.36/slf4j-api-1.7.36.pom (2.7 kB at 67 kB/s)
Downloading from central: https://repo.maven.apache.org/maven2/org/slf4j/slf4j-parent/1.7.36/slf4j-parent-1.7.36.pom
Progress (1): 1.0 kB
Progress (1): 3.0 kB
Progress (1): 5.9 kB
Progress (1): 8.7 kB
Progress (1): 12 kB 
Progress (1): 14 kB
                   
Downloaded from central: https://repo.maven.apache.org/maven2/org/slf4j/slf4j-parent/1.7.36/slf4j-parent-1.7.36.pom (14 kB at 336 kB/s)
Downloading from central: https://repo.maven.apache.org/maven2/com/beust/jcommander/1.82/jcommander-1.82.pom
Progress (1): 1.0 kB
Progress (1): 1.5 kB
                    
Downloaded from central: https://repo.maven.apache.org/maven2/com/beust/jcommander/1.82/jcommander-1.82.pom (1.5 kB at 39 kB/s)
Downloading from central: https://repo.maven.apache.org/maven2/org/webjars/jquery/3.7.1/jquery-3.7.1.pom
Progress (1): 1.2 kB
Progress (1): 3.7 kB
Progress (1): 7.6 kB
                    
Downloaded from central: https://repo.maven.apache.org/maven2/org/webjars/jquery/3.7.1/jquery-3.7.1.pom (7.6 kB at 169 kB/s)
Downloading from central: https://repo.maven.apache.org/maven2/io/cucumber/cucumber-java/7.15.0/cucumber-java-7.15.0.pom
Progress (1): 1.6 kB
Progress (1): 5.2 kB
Progress (1): 8.4 kB
                    
Downloaded from central: https://repo.maven.apache.org/maven2/io/cucumber/cucumber-java/7.15.0/cucumber-java-7.15.0.pom (8.4 kB at 200 kB/s)
Downloading from central: https://repo.maven.apache.org/maven2/io/cucumber/cucumber-jvm/7.15.0/cucumber-jvm-7.15.0.pom
Progress (1): 1.2 kB
Progress (1): 3.7 kB
Progress (1): 8.8 kB
Progress (1): 13 kB 
Progress (1): 17 kB
Progress (1): 21 kB
Progress (1): 21 kB
                   
Downloaded from central: https://repo.maven.apache.org/maven2/io/cucumber/cucumber-jvm/7.15.0/cucumber-jvm-7.15.0.pom (21 kB at 490 kB/s)
Downloading from central: https://repo.maven.apache.org/maven2/io/cucumber/cucumber-parent/4.1.1/cucumber-parent-4.1.1.pom
Progress (1): 1.3 kB
Progress (1): 3.7 kB
Progress (1): 6.9 kB
Progress (1): 12 kB 
Progress (1): 17 kB
Progress (1): 21 kB
                   
Downloaded from central: https://repo.maven.apache.org/maven2/io/cucumber/cucumber-parent/4.1.1/cucumber-parent-4.1.1.pom (21 kB at 525 kB/s)
Downloading from central: https://repo.maven.apache.org/maven2/io/cucumber/cucumber-bom/7.15.0/cucumber-bom-7.15.0.pom
Progress (1): 1.5 kB
Progress (1): 6.5 kB
                    
Downloaded from central: https://repo.maven.apache.org/maven2/io/cucumber/cucumber-bom/7.15.0/cucumber-bom-7.15.0.pom (6.5 kB at 128 kB/s)
Downloading from central: https://repo.maven.apache.org/maven2/com/fasterxml/jackson/jackson-bom/2.16.0/jackson-bom-2.16.0.pom
Progress (1): 924 B
Progress (1): 2.7 kB
Progress (1): 8.1 kB
Progress (1): 17 kB 
Progress (1): 18 kB
                   
Downloaded from central: https://repo.maven.apache.org/maven2/com/fasterxml/jackson/jackson-bom/2.16.0/jackson-bom-2.16.0.pom (18 kB at 424 kB/s)
Downloading from central: https://repo.maven.apache.org/maven2/com/fasterxml/jackson/jackson-parent/2.16/jackson-parent-2.16.pom
Progress (1): 1.1 kB
Progress (1): 2.6 kB
Progress (1): 3.2 kB
Progress (1): 4.8 kB
Progress (1): 6.5 kB
                    
Downloaded from central: https://repo.maven.apache.org/maven2/com/fasterxml/jackson/jackson-parent/2.16/jackson-parent-2.16.pom (6.5 kB at 148 kB/s)
Downloading from central: https://repo.maven.apache.org/maven2/com/fasterxml/oss-parent/56/oss-parent-56.pom
Progress (1): 949 B
Progress (1): 2.6 kB
Progress (1): 4.0 kB
Progress (1): 6.6 kB
Progress (1): 9.7 kB
Progress (1): 12 kB 
Progress (1): 15 kB
Progress (1): 18 kB
Progress (1): 21 kB
Progress (1): 24 kB
                   
Downloaded from central: https://repo.maven.apache.org/maven2/com/fasterxml/oss-parent/56/oss-parent-56.pom (24 kB at 589 kB/s)
Downloading from central: https://repo.maven.apache.org/maven2/io/cucumber/cucumber-core/7.15.0/cucumber-core-7.15.0.pom
Progress (1): 1.3 kB
Progress (1): 6.4 kB
Progress (1): 12 kB 
Progress (1): 12 kB
                   
Downloaded from central: https://repo.maven.apache.org/maven2/io/cucumber/cucumber-core/7.15.0/cucumber-core-7.15.0.pom (12 kB at 320 kB/s)
Downloading from central: https://repo.maven.apache.org/maven2/io/cucumber/cucumber-gherkin/7.15.0/cucumber-gherkin-7.15.0.pom
Progress (1): 1.8 kB
                    
Downloaded from central: https://repo.maven.apache.org/maven2/io/cucumber/cucumber-gherkin/7.15.0/cucumber-gherkin-7.15.0.pom (1.8 kB at 39 kB/s)
Downloading from central: https://repo.maven.apache.org/maven2/io/cucumber/cucumber-plugin/7.15.0/cucumber-plugin-7.15.0.pom
Progress (1): 1.8 kB
Progress (1): 1.9 kB
                    
Downloaded from central: https://repo.maven.apache.org/maven2/io/cucumber/cucumber-plugin/7.15.0/cucumber-plugin-7.15.0.pom (1.9 kB at 40 kB/s)
Downloading from central: https://repo.maven.apache.org/maven2/org/apiguardian/apiguardian-api/1.1.2/apiguardian-api-1.1.2.pom
Progress (1): 1.0 kB
Progress (1): 1.5 kB
                    
Downloaded from central: https://repo.maven.apache.org/maven2/org/apiguardian/apiguardian-api/1.1.2/apiguardian-api-1.1.2.pom (1.5 kB at 37 kB/s)
Downloading from central: https://repo.maven.apache.org/maven2/io/cucumber/cucumber-gherkin-messages/7.15.0/cucumber-gherkin-messages-7.15.0.pom
Progress (1): 1.9 kB
Progress (1): 1.9 kB
                    
Downloaded from central: https://repo.maven.apache.org/maven2/io/cucumber/cucumber-gherkin-messages/7.15.0/cucumber-gherkin-messages-7.15.0.pom (1.9 kB at 51 kB/s)
Downloading from central: https://repo.maven.apache.org/maven2/io/cucumber/gherkin/26.2.0/gherkin-26.2.0.pom
Progress (1): 1.3 kB
Progress (1): 3.2 kB
Progress (1): 4.3 kB
                    
Downloaded from central: https://repo.maven.apache.org/maven2/io/cucumber/gherkin/26.2.0/gherkin-26.2.0.pom (4.3 kB at 105 kB/s)
Downloading from central: https://repo.maven.apache.org/maven2/com/fasterxml/jackson/jackson-bom/2.14.2/jackson-bom-2.14.2.pom
Progress (1): 931 B
Progress (1): 2.7 kB
Progress (1): 8.1 kB
Progress (1): 17 kB 
Progress (1): 17 kB
                   
Downloaded from central: https://repo.maven.apache.org/maven2/com/fasterxml/jackson/jackson-bom/2.14.2/jackson-bom-2.14.2.pom (17 kB at 448 kB/s)
Downloading from central: https://repo.maven.apache.org/maven2/com/fasterxml/jackson/jackson-parent/2.14/jackson-parent-2.14.pom
Progress (1): 1.1 kB
Progress (1): 2.6 kB
Progress (1): 4.0 kB
Progress (1): 6.5 kB
Progress (1): 7.7 kB
                    
Downloaded from central: https://repo.maven.apache.org/maven2/com/fasterxml/jackson/jackson-parent/2.14/jackson-parent-2.14.pom (7.7 kB at 196 kB/s)
Downloading from central: https://repo.maven.apache.org/maven2/com/fasterxml/oss-parent/48/oss-parent-48.pom
Progress (1): 954 B
Progress (1): 2.6 kB
Progress (1): 4.0 kB
Progress (1): 6.0 kB
Progress (1): 9.7 kB
Progress (1): 12 kB 
Progress (1): 15 kB
Progress (1): 18 kB
Progress (1): 21 kB
Progress (1): 24 kB
                   
Downloaded from central: https://repo.maven.apache.org/maven2/com/fasterxml/oss-parent/48/oss-parent-48.pom (24 kB at 516 kB/s)
Downloading from central: https://repo.maven.apache.org/maven2/org/junit/junit-bom/5.9.2/junit-bom-5.9.2.pom
Progress (1): 907 B
Progress (1): 4.1 kB
Progress (1): 5.6 kB
                    
Downloaded from central: https://repo.maven.apache.org/maven2/org/junit/junit-bom/5.9.2/junit-bom-5.9.2.pom (5.6 kB at 125 kB/s)
Downloading from central: https://repo.maven.apache.org/maven2/io/cucumber/messages/maven-metadata.xml
Progress (1): 3.6 kB
                    
Downloaded from central: https://repo.maven.apache.org/maven2/io/cucumber/messages/maven-metadata.xml (3.6 kB at 84 kB/s)
Downloading from central: https://repo.maven.apache.org/maven2/io/cucumber/messages/19.1.4/messages-19.1.4.pom
Progress (1): 1.3 kB
Progress (1): 4.1 kB
                    
Downloaded from central: https://repo.maven.apache.org/maven2/io/cucumber/messages/19.1.4/messages-19.1.4.pom (4.1 kB at 90 kB/s)
Downloading from central: https://repo.maven.apache.org/maven2/io/cucumber/cucumber-parent/3.0.0/cucumber-parent-3.0.0.pom
Progress (1): 1.2 kB
Progress (1): 3.8 kB
Progress (1): 8.6 kB
Progress (1): 13 kB 
Progress (1): 19 kB
Progress (1): 22 kB
                   
Downloaded from central: https://repo.maven.apache.org/maven2/io/cucumber/cucumber-parent/3.0.0/cucumber-parent-3.0.0.pom (22 kB at 484 kB/s)
Downloading from central: https://repo.maven.apache.org/maven2/org/junit/junit-bom/5.9.1/junit-bom-5.9.1.pom
Progress (1): 907 B
Progress (1): 4.1 kB
Progress (1): 5.6 kB
                    
Downloaded from central: https://repo.maven.apache.org/maven2/org/junit/junit-bom/5.9.1/junit-bom-5.9.1.pom (5.6 kB at 152 kB/s)
Downloading from central: https://repo.maven.apache.org/maven2/com/fasterxml/jackson/jackson-bom/2.13.4/jackson-bom-2.13.4.pom
Progress (1): 931 B
Progress (1): 2.7 kB
Progress (1): 8.9 kB
Progress (1): 17 kB 
Progress (1): 17 kB
                   
Downloaded from central: https://repo.maven.apache.org/maven2/com/fasterxml/jackson/jackson-bom/2.13.4/jackson-bom-2.13.4.pom (17 kB at 434 kB/s)
Downloading from central: https://repo.maven.apache.org/maven2/com/fasterxml/jackson/jackson-parent/2.13/jackson-parent-2.13.pom
Progress (1): 1.1 kB
Progress (1): 2.6 kB
Progress (1): 4.1 kB
Progress (1): 6.5 kB
Progress (1): 7.4 kB
                    
Downloaded from central: https://repo.maven.apache.org/maven2/com/fasterxml/jackson/jackson-parent/2.13/jackson-parent-2.13.pom (7.4 kB at 190 kB/s)
Downloading from central: https://repo.maven.apache.org/maven2/com/fasterxml/oss-parent/43/oss-parent-43.pom
Progress (1): 952 B
Progress (1): 2.6 kB
Progress (1): 4.0 kB
Progress (1): 6.2 kB
Progress (1): 9.5 kB
Progress (1): 12 kB 
Progress (1): 15 kB
Progress (1): 18 kB
Progress (1): 21 kB
Progress (1): 24 kB
                   
Downloaded from central: https://repo.maven.apache.org/maven2/com/fasterxml/oss-parent/43/oss-parent-43.pom (24 kB at 576 kB/s)
Downloading from central: https://repo.maven.apache.org/maven2/io/cucumber/messages/20.0.0/messages-20.0.0.pom
Progress (1): 1.3 kB
Progress (1): 4.2 kB
                    
Downloaded from central: https://repo.maven.apache.org/maven2/io/cucumber/messages/20.0.0/messages-20.0.0.pom (4.2 kB at 114 kB/s)
Downloading from central: https://repo.maven.apache.org/maven2/com/fasterxml/jackson/jackson-bom/2.14.0/jackson-bom-2.14.0.pom
Progress (1): 931 B
Progress (1): 2.7 kB
Progress (1): 8.1 kB
Progress (1): 17 kB 
Progress (1): 17 kB
                   
Downloaded from central: https://repo.maven.apache.org/maven2/com/fasterxml/jackson/jackson-bom/2.14.0/jackson-bom-2.14.0.pom (17 kB at 473 kB/s)
Downloading from central: https://repo.maven.apache.org/maven2/io/cucumber/messages/21.0.1/messages-21.0.1.pom
Progress (1): 1.2 kB
Progress (1): 4.4 kB
                    
Downloaded from central: https://repo.maven.apache.org/maven2/io/cucumber/messages/21.0.1/messages-21.0.1.pom (4.4 kB at 120 kB/s)
Downloading from central: https://repo.maven.apache.org/maven2/com/fasterxml/jackson/jackson-bom/2.14.1/jackson-bom-2.14.1.pom
Progress (1): 924 B
Progress (1): 2.7 kB
Progress (1): 8.1 kB
Progress (1): 17 kB 
Progress (1): 17 kB
                   
Downloaded from central: https://repo.maven.apache.org/maven2/com/fasterxml/jackson/jackson-bom/2.14.1/jackson-bom-2.14.1.pom (17 kB at 437 kB/s)
Downloading from central: https://repo.maven.apache.org/maven2/io/cucumber/messages/22.0.0/messages-22.0.0.pom
Progress (1): 1.3 kB
Progress (1): 4.3 kB
Progress (1): 4.4 kB
                    
Downloaded from central: https://repo.maven.apache.org/maven2/io/cucumber/messages/22.0.0/messages-22.0.0.pom (4.4 kB at 101 kB/s)
Downloading from central: https://repo.maven.apache.org/maven2/io/cucumber/tag-expressions/6.0.0/tag-expressions-6.0.0.pom
Progress (1): 1.3 kB
Progress (1): 2.4 kB
                    
Downloaded from central: https://repo.maven.apache.org/maven2/io/cucumber/tag-expressions/6.0.0/tag-expressions-6.0.0.pom (2.4 kB at 59 kB/s)
Downloading from central: https://repo.maven.apache.org/maven2/org/junit/junit-bom/5.10.0/junit-bom-5.10.0.pom
Progress (1): 913 B
Progress (1): 4.1 kB
Progress (1): 5.6 kB
                    
Downloaded from central: https://repo.maven.apache.org/maven2/org/junit/junit-bom/5.10.0/junit-bom-5.10.0.pom (5.6 kB at 166 kB/s)
Downloading from central: https://repo.maven.apache.org/maven2/io/cucumber/cucumber-expressions/17.0.1/cucumber-expressions-17.0.1.pom
Progress (1): 1.3 kB
Progress (1): 3.3 kB
                    
Downloaded from central: https://repo.maven.apache.org/maven2/io/cucumber/cucumber-expressions/17.0.1/cucumber-expressions-17.0.1.pom (3.3 kB at 87 kB/s)
Downloading from central: https://repo.maven.apache.org/maven2/io/cucumber/datatable/7.15.0/datatable-7.15.0.pom
Progress (1): 1.4 kB
Progress (1): 5.2 kB
Progress (1): 6.2 kB
                    
Downloaded from central: https://repo.maven.apache.org/maven2/io/cucumber/datatable/7.15.0/datatable-7.15.0.pom (6.2 kB at 162 kB/s)
Downloading from central: https://repo.maven.apache.org/maven2/io/cucumber/docstring/7.15.0/docstring-7.15.0.pom
Progress (1): 1.6 kB
Progress (1): 2.7 kB
                    
Downloaded from central: https://repo.maven.apache.org/maven2/io/cucumber/docstring/7.15.0/docstring-7.15.0.pom (2.7 kB at 64 kB/s)
Downloading from central: https://repo.maven.apache.org/maven2/io/cucumber/html-formatter/20.4.0/html-formatter-20.4.0.pom
Progress (1): 1.3 kB
Progress (1): 3.3 kB
                    
Downloaded from central: https://repo.maven.apache.org/maven2/io/cucumber/html-formatter/20.4.0/html-formatter-20.4.0.pom (3.3 kB at 67 kB/s)
Downloading from central: https://repo.maven.apache.org/maven2/com/fasterxml/jackson/jackson-bom/2.15.2/jackson-bom-2.15.2.pom
Progress (1): 931 B
Progress (1): 2.7 kB
Progress (1): 8.1 kB
Progress (1): 17 kB 
Progress (1): 18 kB
                   
Downloaded from central: https://repo.maven.apache.org/maven2/com/fasterxml/jackson/jackson-bom/2.15.2/jackson-bom-2.15.2.pom (18 kB at 400 kB/s)
Downloading from central: https://repo.maven.apache.org/maven2/com/fasterxml/jackson/jackson-parent/2.15/jackson-parent-2.15.pom
Progress (1): 1.1 kB
Progress (1): 2.6 kB
Progress (1): 4.1 kB
Progress (1): 6.5 kB
                    
Downloaded from central: https://repo.maven.apache.org/maven2/com/fasterxml/jackson/jackson-parent/2.15/jackson-parent-2.15.pom (6.5 kB at 136 kB/s)
Downloading from central: https://repo.maven.apache.org/maven2/com/fasterxml/oss-parent/50/oss-parent-50.pom
Progress (1): 951 B
Progress (1): 2.6 kB
Progress (1): 4.0 kB
Progress (1): 6.0 kB
Progress (1): 9.7 kB
Progress (1): 12 kB 
Progress (1): 15 kB
Progress (1): 18 kB
Progress (1): 21 kB
Progress (1): 24 kB
                   
Downloaded from central: https://repo.maven.apache.org/maven2/com/fasterxml/oss-parent/50/oss-parent-50.pom (24 kB at 537 kB/s)
Downloading from central: https://repo.maven.apache.org/maven2/io/cucumber/messages/18.0.0/messages-18.0.0.pom
Progress (1): 1.3 kB
Progress (1): 4.0 kB
                    
Downloaded from central: https://repo.maven.apache.org/maven2/io/cucumber/messages/18.0.0/messages-18.0.0.pom (4.0 kB at 94 kB/s)
Downloading from central: https://repo.maven.apache.org/maven2/io/cucumber/cucumber-parent/2.3.2/cucumber-parent-2.3.2.pom
Progress (1): 1.2 kB
Progress (1): 3.7 kB
Progress (1): 8.6 kB
Progress (1): 13 kB 
Progress (1): 19 kB
Progress (1): 22 kB
                   
Downloaded from central: https://repo.maven.apache.org/maven2/io/cucumber/cucumber-parent/2.3.2/cucumber-parent-2.3.2.pom (22 kB at 419 kB/s)
Downloading from central: https://repo.maven.apache.org/maven2/org/junit/junit-bom/5.8.2/junit-bom-5.8.2.pom
Progress (1): 907 B
Progress (1): 4.1 kB
Progress (1): 5.6 kB
                    
Downloaded from central: https://repo.maven.apache.org/maven2/org/junit/junit-bom/5.8.2/junit-bom-5.8.2.pom (5.6 kB at 137 kB/s)
Downloading from central: https://repo.maven.apache.org/maven2/com/fasterxml/jackson/jackson-bom/2.13.2/jackson-bom-2.13.2.pom
Progress (1): 951 B
Progress (1): 2.8 kB
Progress (1): 9.5 kB
Progress (1): 17 kB 
Progress (1): 17 kB
                   
Downloaded from central: https://repo.maven.apache.org/maven2/com/fasterxml/jackson/jackson-bom/2.13.2/jackson-bom-2.13.2.pom (17 kB at 413 kB/s)
Downloading from central: https://repo.maven.apache.org/maven2/io/cucumber/messages/19.0.0/messages-19.0.0.pom
Progress (1): 1.3 kB
Progress (1): 4.1 kB
                    
Downloaded from central: https://repo.maven.apache.org/maven2/io/cucumber/messages/19.0.0/messages-19.0.0.pom (4.1 kB at 110 kB/s)
Downloading from central: https://repo.maven.apache.org/maven2/com/fasterxml/jackson/jackson-bom/2.13.3/jackson-bom-2.13.3.pom
Progress (1): 941 B
Progress (1): 2.7 kB
Progress (1): 8.9 kB
Progress (1): 17 kB 
Progress (1): 17 kB
                   
Downloaded from central: https://repo.maven.apache.org/maven2/com/fasterxml/jackson/jackson-bom/2.13.3/jackson-bom-2.13.3.pom (17 kB at 434 kB/s)
Downloading from central: https://repo.maven.apache.org/maven2/io/cucumber/messages/19.1.0/messages-19.1.0.pom
Progress (1): 1.3 kB
Progress (1): 4.1 kB
                    
Downloaded from central: https://repo.maven.apache.org/maven2/io/cucumber/messages/19.1.0/messages-19.1.0.pom (4.1 kB at 97 kB/s)
Downloading from central: https://repo.maven.apache.org/maven2/io/cucumber/messages/19.1.1/messages-19.1.1.pom
Progress (1): 1.3 kB
Progress (1): 4.1 kB
                    
Downloaded from central: https://repo.maven.apache.org/maven2/io/cucumber/messages/19.1.1/messages-19.1.1.pom (4.1 kB at 104 kB/s)
Downloading from central: https://repo.maven.apache.org/maven2/io/cucumber/messages/19.1.2/messages-19.1.2.pom
Progress (1): 1.3 kB
Progress (1): 4.1 kB
                    
Downloaded from central: https://repo.maven.apache.org/maven2/io/cucumber/messages/19.1.2/messages-19.1.2.pom (4.1 kB at 113 kB/s)
Downloading from central: https://repo.maven.apache.org/maven2/io/cucumber/messages/19.1.3/messages-19.1.3.pom
Progress (1): 1.3 kB
Progress (1): 4.1 kB
                    
Downloaded from central: https://repo.maven.apache.org/maven2/io/cucumber/messages/19.1.3/messages-19.1.3.pom (4.1 kB at 110 kB/s)
Downloading from central: https://repo.maven.apache.org/maven2/org/junit/junit-bom/5.9.0/junit-bom-5.9.0.pom
Progress (1): 912 B
Progress (1): 4.1 kB
Progress (1): 5.6 kB
                    
Downloaded from central: https://repo.maven.apache.org/maven2/org/junit/junit-bom/5.9.0/junit-bom-5.9.0.pom (5.6 kB at 156 kB/s)
Downloading from central: https://repo.maven.apache.org/maven2/io/cucumber/junit-xml-formatter/0.2.0/junit-xml-formatter-0.2.0.pom
Progress (1): 1.3 kB
Progress (1): 3.7 kB
                    
Downloaded from central: https://repo.maven.apache.org/maven2/io/cucumber/junit-xml-formatter/0.2.0/junit-xml-formatter-0.2.0.pom (3.7 kB at 96 kB/s)
Downloading from central: https://repo.maven.apache.org/maven2/io/cucumber/ci-environment/10.0.0/ci-environment-10.0.0.pom
Progress (1): 1.2 kB
Progress (1): 4.1 kB
Progress (1): 6.1 kB
                    
Downloaded from central: https://repo.maven.apache.org/maven2/io/cucumber/ci-environment/10.0.0/ci-environment-10.0.0.pom (6.1 kB at 148 kB/s)
Downloading from central: https://repo.maven.apache.org/maven2/com/fasterxml/jackson/jackson-bom/2.15.3/jackson-bom-2.15.3.pom
Progress (1): 931 B
Progress (1): 2.7 kB
Progress (1): 8.1 kB
Progress (1): 17 kB 
Progress (1): 18 kB
                   
Downloaded from central: https://repo.maven.apache.org/maven2/com/fasterxml/jackson/jackson-bom/2.15.3/jackson-bom-2.15.3.pom (18 kB at 474 kB/s)
Downloading from central: https://repo.maven.apache.org/maven2/io/cucumber/cucumber-testng/7.15.0/cucumber-testng-7.15.0.pom
Progress (1): 1.9 kB
Progress (1): 2.2 kB
                    
Downloaded from central: https://repo.maven.apache.org/maven2/io/cucumber/cucumber-testng/7.15.0/cucumber-testng-7.15.0.pom (2.2 kB at 53 kB/s)
Downloading from central: https://repo.maven.apache.org/maven2/org/testng/testng/7.8.0/testng-7.8.0.pom
Progress (1): 986 B
Progress (1): 2.9 kB
                    
Downloaded from central: https://repo.maven.apache.org/maven2/org/testng/testng/7.8.0/testng-7.8.0.pom (2.9 kB at 83 kB/s)
Downloading from central: https://repo.maven.apache.org/maven2/org/webjars/jquery/3.6.1/jquery-3.6.1.pom
Progress (1): 1.2 kB
Progress (1): 3.7 kB
Progress (1): 7.4 kB
                    
Downloaded from central: https://repo.maven.apache.org/maven2/org/webjars/jquery/3.6.1/jquery-3.6.1.pom (7.4 kB at 194 kB/s)
Downloading from central: https://repo.maven.apache.org/maven2/io/github/bonigarcia/webdrivermanager/5.6.3/webdrivermanager-5.6.3.pom
Progress (1): 1.3 kB
Progress (1): 3.2 kB
Progress (1): 7.5 kB
Progress (1): 11 kB 
Progress (1): 15 kB
Progress (1): 19 kB
                   
Downloaded from central: https://repo.maven.apache.org/maven2/io/github/bonigarcia/webdrivermanager/5.6.3/webdrivermanager-5.6.3.pom (19 kB at 396 kB/s)
Downloading from central: https://repo.maven.apache.org/maven2/org/slf4j/slf4j-api/2.0.10/slf4j-api-2.0.10.pom
Progress (1): 1.1 kB
Progress (1): 2.8 kB
                    
Downloaded from central: https://repo.maven.apache.org/maven2/org/slf4j/slf4j-api/2.0.10/slf4j-api-2.0.10.pom (2.8 kB at 76 kB/s)
Downloading from central: https://repo.maven.apache.org/maven2/org/slf4j/slf4j-parent/2.0.10/slf4j-parent-2.0.10.pom
Progress (1): 945 B
Progress (1): 3.2 kB
Progress (1): 6.0 kB
Progress (1): 8.1 kB
Progress (1): 12 kB 
Progress (1): 14 kB
Progress (1): 15 kB
                   
Downloaded from central: https://repo.maven.apache.org/maven2/org/slf4j/slf4j-parent/2.0.10/slf4j-parent-2.0.10.pom (15 kB at 376 kB/s)
Downloading from central: https://repo.maven.apache.org/maven2/org/slf4j/slf4j-bom/2.0.10/slf4j-bom-2.0.10.pom
Progress (1): 1.0 kB
Progress (1): 4.7 kB
Progress (1): 6.5 kB
                    
Downloaded from central: https://repo.maven.apache.org/maven2/org/slf4j/slf4j-bom/2.0.10/slf4j-bom-2.0.10.pom (6.5 kB at 121 kB/s)
Downloading from central: https://repo.maven.apache.org/maven2/com/google/code/gson/gson/2.10.1/gson-2.10.1.pom
Progress (1): 1.1 kB
Progress (1): 3.4 kB
Progress (1): 6.7 kB
Progress (1): 8.7 kB
Progress (1): 9.4 kB
                    
Downloaded from central: https://repo.maven.apache.org/maven2/com/google/code/gson/gson/2.10.1/gson-2.10.1.pom (9.4 kB at 246 kB/s)
Downloading from central: https://repo.maven.apache.org/maven2/com/google/code/gson/gson-parent/2.10.1/gson-parent-2.10.1.pom
Progress (1): 1.1 kB
Progress (1): 2.7 kB
Progress (1): 4.3 kB
Progress (1): 6.5 kB
Progress (1): 8.5 kB
Progress (1): 11 kB 
Progress (1): 13 kB
                   
Downloaded from central: https://repo.maven.apache.org/maven2/com/google/code/gson/gson-parent/2.10.1/gson-parent-2.10.1.pom (13 kB at 348 kB/s)
Downloading from central: https://repo.maven.apache.org/maven2/com/github/docker-java/docker-java/3.3.4/docker-java-3.3.4.pom
Progress (1): 1.9 kB
Progress (1): 4.9 kB
Progress (1): 5.7 kB
                    
Downloaded from central: https://repo.maven.apache.org/maven2/com/github/docker-java/docker-java/3.3.4/docker-java-3.3.4.pom (5.7 kB at 123 kB/s)
Downloading from central: https://repo.maven.apache.org/maven2/com/github/docker-java/docker-java-parent/3.3.4/docker-java-parent-3.3.4.pom
Progress (1): 1.1 kB
Progress (1): 2.7 kB
Progress (1): 5.7 kB
Progress (1): 8.9 kB
Progress (1): 12 kB 
Progress (1): 12 kB
                   
Downloaded from central: https://repo.maven.apache.org/maven2/com/github/docker-java/docker-java-parent/3.3.4/docker-java-parent-3.3.4.pom (12 kB at 249 kB/s)
Downloading from central: https://repo.maven.apache.org/maven2/com/github/docker-java/docker-java-core/3.3.4/docker-java-core-3.3.4.pom
Progress (1): 1.8 kB
Progress (1): 2.9 kB
                    
Downloaded from central: https://repo.maven.apache.org/maven2/com/github/docker-java/docker-java-core/3.3.4/docker-java-core-3.3.4.pom (2.9 kB at 75 kB/s)
Downloading from central: https://repo.maven.apache.org/maven2/com/github/docker-java/docker-java-api/3.3.4/docker-java-api-3.3.4.pom
Progress (1): 1.4 kB
Progress (1): 2.3 kB
                    
Downloaded from central: https://repo.maven.apache.org/maven2/com/github/docker-java/docker-java-api/3.3.4/docker-java-api-3.3.4.pom (2.3 kB at 53 kB/s)
Downloading from central: https://repo.maven.apache.org/maven2/com/fasterxml/jackson/core/jackson-annotations/2.10.3/jackson-annotations-2.10.3.pom
Progress (1): 1.2 kB
Progress (1): 2.8 kB
Progress (1): 3.4 kB
                    
Downloaded from central: https://repo.maven.apache.org/maven2/com/fasterxml/jackson/core/jackson-annotations/2.10.3/jackson-annotations-2.10.3.pom (3.4 kB at 80 kB/s)
Downloading from central: https://repo.maven.apache.org/maven2/com/fasterxml/jackson/jackson-parent/2.10/jackson-parent-2.10.pom
Progress (1): 1.1 kB
Progress (1): 2.7 kB
Progress (1): 4.4 kB
Progress (1): 6.9 kB
Progress (1): 8.3 kB
                    
Downloaded from central: https://repo.maven.apache.org/maven2/com/fasterxml/jackson/jackson-parent/2.10/jackson-parent-2.10.pom (8.3 kB at 217 kB/s)
Downloading from central: https://repo.maven.apache.org/maven2/com/fasterxml/oss-parent/38/oss-parent-38.pom
Progress (1): 952 B
Progress (1): 2.6 kB
Progress (1): 4.0 kB
Progress (1): 6.0 kB
Progress (1): 9.2 kB
Progress (1): 12 kB 
Progress (1): 14 kB
Progress (1): 18 kB
Progress (1): 21 kB
Progress (1): 23 kB
                   
Downloaded from central: https://repo.maven.apache.org/maven2/com/fasterxml/oss-parent/38/oss-parent-38.pom (23 kB at 623 kB/s)
Downloading from central: https://repo.maven.apache.org/maven2/org/slf4j/slf4j-api/1.7.30/slf4j-api-1.7.30.pom
Progress (1): 1.0 kB
Progress (1): 3.3 kB
Progress (1): 3.8 kB
                    
Downloaded from central: https://repo.maven.apache.org/maven2/org/slf4j/slf4j-api/1.7.30/slf4j-api-1.7.30.pom (3.8 kB at 104 kB/s)
Downloading from central: https://repo.maven.apache.org/maven2/org/slf4j/slf4j-parent/1.7.30/slf4j-parent-1.7.30.pom
Progress (1): 1.0 kB
Progress (1): 3.2 kB
Progress (1): 6.0 kB
Progress (1): 9.1 kB
Progress (1): 12 kB 
Progress (1): 14 kB
                   
Downloaded from central: https://repo.maven.apache.org/maven2/org/slf4j/slf4j-parent/1.7.30/slf4j-parent-1.7.30.pom (14 kB at 373 kB/s)
Downloading from central: https://repo.maven.apache.org/maven2/com/github/docker-java/docker-java-transport/3.3.4/docker-java-transport-3.3.4.pom
Progress (1): 1.4 kB
Progress (1): 1.6 kB
                    
Downloaded from central: https://repo.maven.apache.org/maven2/com/github/docker-java/docker-java-transport/3.3.4/docker-java-transport-3.3.4.pom (1.6 kB at 43 kB/s)
Downloading from central: https://repo.maven.apache.org/maven2/commons-io/commons-io/2.13.0/commons-io-2.13.0.pom
Progress (1): 771 B
Progress (1): 2.1 kB
Progress (1): 5.2 kB
Progress (1): 7.9 kB
Progress (1): 10 kB 
Progress (1): 12 kB
Progress (1): 15 kB
Progress (1): 18 kB
Progress (1): 20 kB
                   
Downloaded from central: https://repo.maven.apache.org/maven2/commons-io/commons-io/2.13.0/commons-io-2.13.0.pom (20 kB at 473 kB/s)
Downloading from central: https://repo.maven.apache.org/maven2/org/apache/commons/commons-parent/58/commons-parent-58.pom
Progress (1): 707 B
Progress (1): 1.9 kB
Progress (1): 3.1 kB
Progress (1): 4.6 kB
Progress (1): 6.5 kB
Progress (1): 8.4 kB
Progress (1): 10 kB 
Progress (1): 12 kB
Progress (1): 15 kB
Progress (1): 18 kB
Progress (1): 20 kB
Progress (1): 23 kB
Progress (1): 26 kB
Progress (1): 29 kB
Progress (1): 33 kB
Progress (1): 33 kB
Progress (1): 36 kB
Progress (1): 41 kB
Progress (1): 44 kB
Progress (1): 47 kB
Progress (1): 49 kB
Progress (1): 51 kB
Progress (1): 55 kB
Progress (1): 58 kB
Progress (1): 61 kB
Progress (1): 64 kB
Progress (1): 67 kB
Progress (1): 73 kB
Progress (1): 76 kB
Progress (1): 80 kB
Progress (1): 83 kB
                   
Downloaded from central: https://repo.maven.apache.org/maven2/org/apache/commons/commons-parent/58/commons-parent-58.pom (83 kB at 1.8 MB/s)
Downloading from central: https://repo.maven.apache.org/maven2/org/apache/commons/commons-compress/1.21/commons-compress-1.21.pom
Progress (1): 753 B
Progress (1): 1.9 kB
Progress (1): 3.5 kB
Progress (1): 6.8 kB
Progress (1): 9.1 kB
Progress (1): 11 kB 
Progress (1): 14 kB
Progress (1): 18 kB
Progress (1): 20 kB
                   
Downloaded from central: https://repo.maven.apache.org/maven2/org/apache/commons/commons-compress/1.21/commons-compress-1.21.pom (20 kB at 469 kB/s)
Downloading from central: https://repo.maven.apache.org/maven2/org/apache/commons/commons-parent/52/commons-parent-52.pom
Progress (1): 703 B
Progress (1): 1.8 kB
Progress (1): 3.1 kB
Progress (1): 4.6 kB
Progress (1): 6.7 kB
Progress (1): 8.1 kB
Progress (1): 10 kB 
Progress (1): 12 kB
Progress (1): 15 kB
Progress (1): 17 kB
Progress (1): 20 kB
Progress (1): 22 kB
Progress (1): 25 kB
Progress (1): 29 kB
Progress (1): 32 kB
Progress (1): 32 kB
Progress (1): 36 kB
Progress (1): 39 kB
Progress (1): 42 kB
Progress (1): 44 kB
Progress (1): 47 kB
Progress (1): 51 kB
Progress (1): 54 kB
Progress (1): 56 kB
Progress (1): 61 kB
Progress (1): 65 kB
Progress (1): 73 kB
Progress (1): 76 kB
Progress (1): 79 kB
                   
Downloaded from central: https://repo.maven.apache.org/maven2/org/apache/commons/commons-parent/52/commons-parent-52.pom (79 kB at 2.0 MB/s)
Downloading from central: https://repo.maven.apache.org/maven2/org/apache/apache/23/apache-23.pom
Progress (1): 749 B
Progress (1): 2.1 kB
Progress (1): 3.9 kB
Progress (1): 7.9 kB
Progress (1): 13 kB 
Progress (1): 16 kB
Progress (1): 18 kB
                   
Downloaded from central: https://repo.maven.apache.org/maven2/org/apache/apache/23/apache-23.pom (18 kB at 526 kB/s)
Downloading from central: https://repo.maven.apache.org/maven2/org/apache/commons/commons-lang3/3.12.0/commons-lang3-3.12.0.pom
Progress (1): 740 B
Progress (1): 2.1 kB
Progress (1): 5.4 kB
Progress (1): 8.8 kB
Progress (1): 12 kB 
Progress (1): 15 kB
Progress (1): 17 kB
Progress (1): 19 kB
Progress (1): 21 kB
Progress (1): 24 kB
Progress (1): 28 kB
Progress (1): 30 kB
Progress (1): 31 kB
                   
Downloaded from central: https://repo.maven.apache.org/maven2/org/apache/commons/commons-lang3/3.12.0/commons-lang3-3.12.0.pom (31 kB at 697 kB/s)
Downloading from central: https://repo.maven.apache.org/maven2/org/junit/junit-bom/5.7.1/junit-bom-5.7.1.pom
Progress (1): 912 B
Progress (1): 4.1 kB
Progress (1): 5.1 kB
                    
Downloaded from central: https://repo.maven.apache.org/maven2/org/junit/junit-bom/5.7.1/junit-bom-5.7.1.pom (5.1 kB at 134 kB/s)
Downloading from central: https://repo.maven.apache.org/maven2/com/fasterxml/jackson/core/jackson-databind/2.10.3/jackson-databind-2.10.3.pom
Progress (1): 1.1 kB
Progress (1): 2.5 kB
Progress (1): 4.5 kB
Progress (1): 6.4 kB
Progress (1): 7.2 kB
                    
Downloaded from central: https://repo.maven.apache.org/maven2/com/fasterxml/jackson/core/jackson-databind/2.10.3/jackson-databind-2.10.3.pom (7.2 kB at 143 kB/s)
Downloading from central: https://repo.maven.apache.org/maven2/com/fasterxml/jackson/jackson-base/2.10.3/jackson-base-2.10.3.pom
Progress (1): 1.0 kB
Progress (1): 2.9 kB
Progress (1): 4.9 kB
Progress (1): 6.7 kB
Progress (1): 7.2 kB
                    
Downloaded from central: https://repo.maven.apache.org/maven2/com/fasterxml/jackson/jackson-base/2.10.3/jackson-base-2.10.3.pom (7.2 kB at 161 kB/s)
Downloading from central: https://repo.maven.apache.org/maven2/com/fasterxml/jackson/jackson-bom/2.10.3/jackson-bom-2.10.3.pom
Progress (1): 1.1 kB
Progress (1): 5.3 kB
Progress (1): 13 kB 
                   
Downloaded from central: https://repo.maven.apache.org/maven2/com/fasterxml/jackson/jackson-bom/2.10.3/jackson-bom-2.10.3.pom (13 kB at 240 kB/s)
Downloading from central: https://repo.maven.apache.org/maven2/com/fasterxml/jackson/core/jackson-core/2.10.3/jackson-core-2.10.3.pom
Progress (1): 1.1 kB
Progress (1): 2.6 kB
Progress (1): 4.6 kB
Progress (1): 4.6 kB
                    
Downloaded from central: https://repo.maven.apache.org/maven2/com/fasterxml/jackson/core/jackson-core/2.10.3/jackson-core-2.10.3.pom (4.6 kB at 88 kB/s)
Downloading from central: https://repo.maven.apache.org/maven2/com/google/guava/guava/19.0/guava-19.0.pom
Progress (1): 947 B
Progress (1): 2.9 kB
Progress (1): 5.2 kB
Progress (1): 6.8 kB
                    
Downloaded from central: https://repo.maven.apache.org/maven2/com/google/guava/guava/19.0/guava-19.0.pom (6.8 kB at 154 kB/s)
Downloading from central: https://repo.maven.apache.org/maven2/com/google/guava/guava-parent/19.0/guava-parent-19.0.pom
Progress (1): 964 B
Progress (1): 2.8 kB
Progress (1): 6.1 kB
Progress (1): 9.9 kB
                    
Downloaded from central: https://repo.maven.apache.org/maven2/com/google/guava/guava-parent/19.0/guava-parent-19.0.pom (9.9 kB at 253 kB/s)
Downloading from central: https://repo.maven.apache.org/maven2/org/bouncycastle/bcpkix-jdk18on/1.76/bcpkix-jdk18on-1.76.pom
Progress (1): 1.0 kB
Progress (1): 1.6 kB
                    
Downloaded from central: https://repo.maven.apache.org/maven2/org/bouncycastle/bcpkix-jdk18on/1.76/bcpkix-jdk18on-1.76.pom (1.6 kB at 38 kB/s)
Downloading from central: https://repo.maven.apache.org/maven2/org/bouncycastle/bcprov-jdk18on/1.76/bcprov-jdk18on-1.76.pom
Progress (1): 1.1 kB
                    
Downloaded from central: https://repo.maven.apache.org/maven2/org/bouncycastle/bcprov-jdk18on/1.76/bcprov-jdk18on-1.76.pom (1.1 kB at 19 kB/s)
Downloading from central: https://repo.maven.apache.org/maven2/org/bouncycastle/bcutil-jdk18on/1.76/bcutil-jdk18on-1.76.pom
Progress (1): 1.2 kB
Progress (1): 1.3 kB
                    
Downloaded from central: https://repo.maven.apache.org/maven2/org/bouncycastle/bcutil-jdk18on/1.76/bcutil-jdk18on-1.76.pom (1.3 kB at 29 kB/s)
Downloading from central: https://repo.maven.apache.org/maven2/org/slf4j/jcl-over-slf4j/1.7.30/jcl-over-slf4j-1.7.30.pom
Progress (1): 1.2 kB
                    
Downloaded from central: https://repo.maven.apache.org/maven2/org/slf4j/jcl-over-slf4j/1.7.30/jcl-over-slf4j-1.7.30.pom (1.2 kB at 30 kB/s)
Downloading from central: https://repo.maven.apache.org/maven2/com/github/docker-java/docker-java-transport-httpclient5/3.3.4/docker-java-transport-httpclient5-3.3.4.pom
Progress (1): 1.5 kB
Progress (1): 2.2 kB
                    
Downloaded from central: https://repo.maven.apache.org/maven2/com/github/docker-java/docker-java-transport-httpclient5/3.3.4/docker-java-transport-httpclient5-3.3.4.pom (2.2 kB at 53 kB/s)
Downloading from central: https://repo.maven.apache.org/maven2/org/apache/httpcomponents/client5/httpclient5/5.0.3/httpclient5-5.0.3.pom
Progress (1): 864 B
Progress (1): 2.9 kB
Progress (1): 5.6 kB
Progress (1): 6.5 kB
                    
Downloaded from central: https://repo.maven.apache.org/maven2/org/apache/httpcomponents/client5/httpclient5/5.0.3/httpclient5-5.0.3.pom (6.5 kB at 141 kB/s)
Downloading from central: https://repo.maven.apache.org/maven2/org/apache/httpcomponents/client5/httpclient5-parent/5.0.3/httpclient5-parent-5.0.3.pom
Progress (1): 848 B
Progress (1): 2.2 kB
Progress (1): 6.0 kB
Progress (1): 9.1 kB
Progress (1): 13 kB 
                   
Downloaded from central: https://repo.maven.apache.org/maven2/org/apache/httpcomponents/client5/httpclient5-parent/5.0.3/httpclient5-parent-5.0.3.pom (13 kB at 305 kB/s)
Downloading from central: https://repo.maven.apache.org/maven2/org/apache/httpcomponents/httpcomponents-parent/12/httpcomponents-parent-12.pom
Progress (1): 811 B
Progress (1): 2.2 kB
Progress (1): 3.9 kB
Progress (1): 5.6 kB
Progress (1): 6.7 kB
Progress (1): 8.7 kB
Progress (1): 13 kB 
Progress (1): 15 kB
Progress (1): 18 kB
Progress (1): 22 kB
Progress (1): 24 kB
Progress (1): 28 kB
Progress (1): 31 kB
Progress (1): 32 kB
                   
Downloaded from central: https://repo.maven.apache.org/maven2/org/apache/httpcomponents/httpcomponents-parent/12/httpcomponents-parent-12.pom (32 kB at 742 kB/s)
Downloading from central: https://repo.maven.apache.org/maven2/org/apache/httpcomponents/core5/httpcore5/5.0.2/httpcore5-5.0.2.pom
Progress (1): 873 B
Progress (1): 2.8 kB
Progress (1): 4.8 kB
                    
Downloaded from central: https://repo.maven.apache.org/maven2/org/apache/httpcomponents/core5/httpcore5/5.0.2/httpcore5-5.0.2.pom (4.8 kB at 118 kB/s)
Downloading from central: https://repo.maven.apache.org/maven2/org/apache/httpcomponents/core5/httpcore5-parent/5.0.2/httpcore5-parent-5.0.2.pom
Progress (1): 850 B
Progress (1): 2.2 kB
Progress (1): 4.6 kB
Progress (1): 7.3 kB
Progress (1): 9.3 kB
                    
Downloaded from central: https://repo.maven.apache.org/maven2/org/apache/httpcomponents/core5/httpcore5-parent/5.0.2/httpcore5-parent-5.0.2.pom (9.3 kB at 244 kB/s)
Downloading from central: https://repo.maven.apache.org/maven2/org/slf4j/slf4j-api/1.7.25/slf4j-api-1.7.25.pom
Progress (1): 1.0 kB
Progress (1): 3.3 kB
Progress (1): 3.8 kB
                    
Downloaded from central: https://repo.maven.apache.org/maven2/org/slf4j/slf4j-api/1.7.25/slf4j-api-1.7.25.pom (3.8 kB at 98 kB/s)
Downloading from central: https://repo.maven.apache.org/maven2/org/slf4j/slf4j-parent/1.7.25/slf4j-parent-1.7.25.pom
Progress (1): 1.0 kB
Progress (1): 3.4 kB
Progress (1): 6.0 kB
Progress (1): 8.9 kB
Progress (1): 12 kB 
Progress (1): 14 kB
                   
Downloaded from central: https://repo.maven.apache.org/maven2/org/slf4j/slf4j-parent/1.7.25/slf4j-parent-1.7.25.pom (14 kB at 338 kB/s)
Downloading from central: https://repo.maven.apache.org/maven2/commons-codec/commons-codec/1.13/commons-codec-1.13.pom
Progress (1): 740 B
Progress (1): 1.9 kB
Progress (1): 4.0 kB
Progress (1): 6.5 kB
Progress (1): 8.3 kB
Progress (1): 10 kB 
Progress (1): 13 kB
Progress (1): 14 kB
                   
Downloaded from central: https://repo.maven.apache.org/maven2/commons-codec/commons-codec/1.13/commons-codec-1.13.pom (14 kB at 317 kB/s)
Downloading from central: https://repo.maven.apache.org/maven2/org/apache/commons/commons-parent/48/commons-parent-48.pom
Progress (1): 704 B
Progress (1): 1.9 kB
Progress (1): 3.2 kB
Progress (1): 4.7 kB
Progress (1): 8.4 kB
Progress (1): 11 kB 
Progress (1): 14 kB
Progress (1): 17 kB
Progress (1): 21 kB
Progress (1): 24 kB
Progress (1): 26 kB
Progress (1): 29 kB
Progress (1): 32 kB
Progress (1): 36 kB
Progress (1): 38 kB
Progress (1): 39 kB
Progress (1): 41 kB
Progress (1): 45 kB
Progress (1): 50 kB
Progress (1): 55 kB
Progress (1): 59 kB
Progress (1): 62 kB
Progress (1): 64 kB
Progress (1): 66 kB
Progress (1): 68 kB
Progress (1): 70 kB
Progress (1): 72 kB
Progress (1): 72 kB
                   
Downloaded from central: https://repo.maven.apache.org/maven2/org/apache/commons/commons-parent/48/commons-parent-48.pom (72 kB at 1.7 MB/s)
Downloading from central: https://repo.maven.apache.org/maven2/org/apache/apache/21/apache-21.pom
Progress (1): 753 B
Progress (1): 2.1 kB
Progress (1): 3.9 kB
Progress (1): 8.3 kB
Progress (1): 13 kB 
Progress (1): 16 kB
Progress (1): 17 kB
                   
Downloaded from central: https://repo.maven.apache.org/maven2/org/apache/apache/21/apache-21.pom (17 kB at 462 kB/s)
Downloading from central: https://repo.maven.apache.org/maven2/net/java/dev/jna/jna/5.13.0/jna-5.13.0.pom
Progress (1): 1.4 kB
Progress (1): 2.0 kB
                    
Downloaded from central: https://repo.maven.apache.org/maven2/net/java/dev/jna/jna/5.13.0/jna-5.13.0.pom (2.0 kB at 44 kB/s)
Downloading from central: https://repo.maven.apache.org/maven2/org/brotli/dec/0.1.2/dec-0.1.2.pom
Progress (1): 1.5 kB
Progress (1): 4.3 kB
                    
Downloaded from central: https://repo.maven.apache.org/maven2/org/brotli/dec/0.1.2/dec-0.1.2.pom (4.3 kB at 98 kB/s)
Downloading from central: https://repo.maven.apache.org/maven2/org/brotli/parent/0.1.2/parent-0.1.2.pom
Progress (1): 1.2 kB
Progress (1): 3.0 kB
                    
Downloaded from central: https://repo.maven.apache.org/maven2/org/brotli/parent/0.1.2/parent-0.1.2.pom (3.0 kB at 80 kB/s)
Downloading from central: https://repo.maven.apache.org/maven2/org/apache/commons/commons-lang3/3.14.0/commons-lang3-3.14.0.pom
Progress (1): 747 B
Progress (1): 2.1 kB
Progress (1): 4.7 kB
Progress (1): 8.4 kB
Progress (1): 12 kB 
Progress (1): 15 kB
Progress (1): 17 kB
Progress (1): 18 kB
Progress (1): 21 kB
Progress (1): 24 kB
Progress (1): 28 kB
Progress (1): 30 kB
Progress (1): 31 kB
                   
Downloaded from central: https://repo.maven.apache.org/maven2/org/apache/commons/commons-lang3/3.14.0/commons-lang3-3.14.0.pom (31 kB at 813 kB/s)
Downloading from central: https://repo.maven.apache.org/maven2/org/apache/commons/commons-parent/64/commons-parent-64.pom
Progress (1): 706 B
Progress (1): 1.9 kB
Progress (1): 3.1 kB
Progress (1): 4.7 kB
Progress (1): 6.4 kB
Progress (1): 8.4 kB
Progress (1): 10 kB 
Progress (1): 13 kB
Progress (1): 15 kB
Progress (1): 18 kB
Progress (1): 19 kB
Progress (1): 23 kB
Progress (1): 25 kB
Progress (1): 28 kB
Progress (1): 32 kB
Progress (1): 32 kB
Progress (1): 35 kB
Progress (1): 41 kB
Progress (1): 44 kB
Progress (1): 46 kB
Progress (1): 49 kB
Progress (1): 51 kB
Progress (1): 54 kB
Progress (1): 58 kB
Progress (1): 60 kB
Progress (1): 64 kB
Progress (1): 67 kB
Progress (1): 71 kB
Progress (1): 74 kB
Progress (1): 76 kB
Progress (1): 78 kB
                   
Downloaded from central: https://repo.maven.apache.org/maven2/org/apache/commons/commons-parent/64/commons-parent-64.pom (78 kB at 1.7 MB/s)
Downloading from central: https://repo.maven.apache.org/maven2/org/apache/apache/30/apache-30.pom
Progress (1): 743 B
Progress (1): 2.1 kB
Progress (1): 4.0 kB
Progress (1): 6.3 kB
Progress (1): 11 kB 
Progress (1): 16 kB
Progress (1): 20 kB
Progress (1): 22 kB
Progress (1): 23 kB
                   
Downloaded from central: https://repo.maven.apache.org/maven2/org/apache/apache/30/apache-30.pom (23 kB at 596 kB/s)
Downloading from central: https://repo.maven.apache.org/maven2/org/apache/commons/commons-compress/1.25.0/commons-compress-1.25.0.pom
Progress (1): 833 B
Progress (1): 2.1 kB
Progress (1): 3.4 kB
Progress (1): 6.6 kB
Progress (1): 9.4 kB
Progress (1): 11 kB 
Progress (1): 14 kB
Progress (1): 17 kB
Progress (1): 22 kB
Progress (1): 22 kB
                   
Downloaded from central: https://repo.maven.apache.org/maven2/org/apache/commons/commons-compress/1.25.0/commons-compress-1.25.0.pom (22 kB at 452 kB/s)
Downloading from central: https://repo.maven.apache.org/maven2/org/apache/httpcomponents/client5/httpclient5/5.2.1/httpclient5-5.2.1.pom
Progress (1): 869 B
Progress (1): 3.2 kB
Progress (1): 5.5 kB
Progress (1): 6.0 kB
                    
Downloaded from central: https://repo.maven.apache.org/maven2/org/apache/httpcomponents/client5/httpclient5/5.2.1/httpclient5-5.2.1.pom (6.0 kB at 153 kB/s)
Downloading from central: https://repo.maven.apache.org/maven2/org/apache/httpcomponents/client5/httpclient5-parent/5.2.1/httpclient5-parent-5.2.1.pom
Progress (1): 883 B
Progress (1): 2.4 kB
Progress (1): 3.2 kB
Progress (1): 6.8 kB
Progress (1): 9.7 kB
Progress (1): 13 kB 
Progress (1): 17 kB
                   
Downloaded from central: https://repo.maven.apache.org/maven2/org/apache/httpcomponents/client5/httpclient5-parent/5.2.1/httpclient5-parent-5.2.1.pom (17 kB at 352 kB/s)
Downloading from central: https://repo.maven.apache.org/maven2/org/apache/httpcomponents/httpcomponents-parent/13/httpcomponents-parent-13.pom
Progress (1): 805 B
Progress (1): 2.1 kB
Progress (1): 4.1 kB
Progress (1): 5.9 kB
Progress (1): 7.1 kB
Progress (1): 8.5 kB
Progress (1): 12 kB 
Progress (1): 16 kB
Progress (1): 18 kB
Progress (1): 22 kB
Progress (1): 24 kB
Progress (1): 27 kB
Progress (1): 30 kB
Progress (1): 30 kB
                   
Downloaded from central: https://repo.maven.apache.org/maven2/org/apache/httpcomponents/httpcomponents-parent/13/httpcomponents-parent-13.pom (30 kB at 755 kB/s)
Downloading from central: https://repo.maven.apache.org/maven2/org/apache/apache/27/apache-27.pom
Progress (1): 745 B
Progress (1): 2.1 kB
Progress (1): 3.9 kB
Progress (1): 7.3 kB
Progress (1): 12 kB 
Progress (1): 16 kB
Progress (1): 19 kB
Progress (1): 20 kB
                   
Downloaded from central: https://repo.maven.apache.org/maven2/org/apache/apache/27/apache-27.pom (20 kB at 522 kB/s)
Downloading from central: https://repo.maven.apache.org/maven2/org/apache/httpcomponents/core5/httpcore5/5.2/httpcore5-5.2.pom
Progress (1): 894 B
Progress (1): 2.9 kB
Progress (1): 3.2 kB
Progress (1): 3.9 kB
                    
Downloaded from central: https://repo.maven.apache.org/maven2/org/apache/httpcomponents/core5/httpcore5/5.2/httpcore5-5.2.pom (3.9 kB at 110 kB/s)
Downloading from central: https://repo.maven.apache.org/maven2/org/apache/httpcomponents/core5/httpcore5-parent/5.2/httpcore5-parent-5.2.pom
Progress (1): 843 B
Progress (1): 2.2 kB
Progress (1): 4.0 kB
Progress (1): 7.3 kB
Progress (1): 10 kB 
Progress (1): 14 kB
                   
Downloaded from central: https://repo.maven.apache.org/maven2/org/apache/httpcomponents/core5/httpcore5-parent/5.2/httpcore5-parent-5.2.pom (14 kB at 343 kB/s)
Downloading from central: https://repo.maven.apache.org/maven2/org/apache/httpcomponents/core5/httpcore5-h2/5.2/httpcore5-h2-5.2.pom
Progress (1): 884 B
Progress (1): 3.1 kB
Progress (1): 3.6 kB
                    
Downloaded from central: https://repo.maven.apache.org/maven2/org/apache/httpcomponents/core5/httpcore5-h2/5.2/httpcore5-h2-5.2.pom (3.6 kB at 100 kB/s)
Downloading from central: https://repo.maven.apache.org/maven2/org/seleniumhq/selenium/selenium-java/4.20.0/selenium-java-4.20.0.jar
Progress (1): 545 B
                   
Downloaded from central: https://repo.maven.apache.org/maven2/org/seleniumhq/selenium/selenium-java/4.20.0/selenium-java-4.20.0.jar (545 B at 13 kB/s)
Downloading from central: https://repo.maven.apache.org/maven2/org/seleniumhq/selenium/selenium-api/4.20.0/selenium-api-4.20.0.jar
Downloading from central: https://repo.maven.apache.org/maven2/org/seleniumhq/selenium/selenium-chrome-driver/4.20.0/selenium-chrome-driver-4.20.0.jar
Downloading from central: https://repo.maven.apache.org/maven2/org/seleniumhq/selenium/selenium-chromium-driver/4.20.0/selenium-chromium-driver-4.20.0.jar
Downloading from central: https://repo.maven.apache.org/maven2/org/seleniumhq/selenium/selenium-json/4.20.0/selenium-json-4.20.0.jar
Downloading from central: https://repo.maven.apache.org/maven2/com/google/auto/service/auto-service-annotations/1.1.1/auto-service-annotations-1.1.1.jar
Progress (1): 7.7/231 kB
Progress (1): 11/231 kB 
Progress (1): 28/231 kB
Progress (1): 44/231 kB
Progress (1): 61/231 kB
Progress (1): 77/231 kB
Progress (1): 93/231 kB
Progress (1): 110/231 kB
Progress (1): 126/231 kB
Progress (1): 142/231 kB
Progress (1): 159/231 kB
Progress (1): 175/231 kB
Progress (1): 192/231 kB
Progress (1): 208/231 kB
Progress (1): 224/231 kB
Progress (1): 231 kB    
                    
Downloaded from central: https://repo.maven.apache.org/maven2/org/seleniumhq/selenium/selenium-api/4.20.0/selenium-api-4.20.0.jar (231 kB at 4.0 MB/s)
Downloading from central: https://repo.maven.apache.org/maven2/org/seleniumhq/selenium/selenium-manager/4.20.0/selenium-manager-4.20.0.jar
Progress (1): 0.9/37 kB
Progress (2): 0.9/37 kB | 0.9/71 kB
Progress (3): 0.9/37 kB | 0.9/71 kB | 0.9/15 kB
Progress (3): 0.9/37 kB | 2.3/71 kB | 0.9/15 kB
Progress (3): 0.9/37 kB | 2.3/71 kB | 2.3/15 kB
Progress (3): 0.9/37 kB | 3.6/71 kB | 2.3/15 kB
Progress (3): 0.9/37 kB | 3.6/71 kB | 3.6/15 kB
Progress (3): 0.9/37 kB | 5.0/71 kB | 3.6/15 kB
Progress (3): 0.9/37 kB | 5.0/71 kB | 5.0/15 kB
Progress (3): 0.9/37 kB | 6.4/71 kB | 5.0/15 kB
Progress (3): 0.9/37 kB | 6.4/71 kB | 6.4/15 kB
Progress (3): 0.9/37 kB | 7.7/71 kB | 6.4/15 kB
Progress (3): 0.9/37 kB | 7.7/71 kB | 7.7/15 kB
Progress (3): 0.9/37 kB | 9.1/71 kB | 7.7/15 kB
Progress (3): 0.9/37 kB | 9.1/71 kB | 9.1/15 kB
Progress (3): 0.9/37 kB | 10/71 kB | 9.1/15 kB 
Progress (3): 0.9/37 kB | 10/71 kB | 10/15 kB 
Progress (3): 0.9/37 kB | 12/71 kB | 10/15 kB
Progress (3): 0.9/37 kB | 12/71 kB | 12/15 kB
Progress (3): 0.9/37 kB | 13/71 kB | 12/15 kB
Progress (3): 0.9/37 kB | 13/71 kB | 13/15 kB
Progress (3): 0.9/37 kB | 15/71 kB | 13/15 kB
Progress (3): 0.9/37 kB | 15/71 kB | 15/15 kB
Progress (3): 0.9/37 kB | 15/71 kB | 15 kB   
Progress (3): 0.9/37 kB | 16/71 kB | 15 kB
Progress (3): 0.9/37 kB | 17/71 kB | 15 kB
Progress (3): 0.9/37 kB | 19/71 kB | 15 kB
Progress (3): 0.9/37 kB | 20/71 kB | 15 kB
Progress (3): 0.9/37 kB | 21/71 kB | 15 kB
Progress (3): 0.9/37 kB | 23/71 kB | 15 kB
Progress (3): 0.9/37 kB | 24/71 kB | 15 kB
Progress (3): 0.9/37 kB | 25/71 kB | 15 kB
Progress (3): 0.9/37 kB | 26/71 kB | 15 kB
Progress (3): 2.3/37 kB | 26/71 kB | 15 kB
Progress (3): 2.3/37 kB | 27/71 kB | 15 kB
Progress (3): 3.6/37 kB | 27/71 kB | 15 kB
Progress (3): 3.6/37 kB | 29/71 kB | 15 kB
                                          
Downloaded from central: https://repo.maven.apache.org/maven2/org/seleniumhq/selenium/selenium-chrome-driver/4.20.0/selenium-chrome-driver-4.20.0.jar (15 kB at 170 kB/s)
Downloading from central: https://repo.maven.apache.org/maven2/org/seleniumhq/selenium/selenium-devtools-v122/4.20.0/selenium-devtools-v122-4.20.0.jar
Progress (2): 5.0/37 kB | 29/71 kB
Progress (2): 5.0/37 kB | 30/71 kB
Progress (2): 6.4/37 kB | 30/71 kB
Progress (2): 6.4/37 kB | 31/71 kB
Progress (2): 7.7/37 kB | 31/71 kB
Progress (2): 7.7/37 kB | 33/71 kB
Progress (2): 8.2/37 kB | 33/71 kB
Progress (2): 8.2/37 kB | 34/71 kB
Progress (2): 9.6/37 kB | 34/71 kB
Progress (2): 9.6/37 kB | 36/71 kB
Progress (2): 11/37 kB | 36/71 kB 
Progress (2): 11/37 kB | 37/71 kB
Progress (2): 12/37 kB | 37/71 kB
Progress (2): 14/37 kB | 37/71 kB
Progress (2): 15/37 kB | 37/71 kB
Progress (2): 16/37 kB | 37/71 kB
Progress (2): 18/37 kB | 37/71 kB
Progress (2): 19/37 kB | 37/71 kB
Progress (2): 21/37 kB | 37/71 kB
Progress (2): 22/37 kB | 37/71 kB
Progress (2): 23/37 kB | 37/71 kB
Progress (2): 25/37 kB | 37/71 kB
Progress (2): 26/37 kB | 37/71 kB
Progress (2): 27/37 kB | 37/71 kB
Progress (2): 29/37 kB | 37/71 kB
Progress (2): 30/37 kB | 37/71 kB
Progress (2): 31/37 kB | 37/71 kB
Progress (2): 33/37 kB | 37/71 kB
Progress (2): 34/37 kB | 37/71 kB
Progress (2): 36/37 kB | 37/71 kB
Progress (2): 37 kB | 37/71 kB   
Progress (2): 37 kB | 38/71 kB
Progress (2): 37 kB | 40/71 kB
Progress (2): 37 kB | 41/71 kB
Progress (2): 37 kB | 42/71 kB
Progress (2): 37 kB | 44/71 kB
                              
Downloaded from central: https://repo.maven.apache.org/maven2/org/seleniumhq/selenium/selenium-chromium-driver/4.20.0/selenium-chromium-driver-4.20.0.jar (37 kB at 404 kB/s)
Progress (1): 45/71 kB
                      
Downloading from central: https://repo.maven.apache.org/maven2/org/seleniumhq/selenium/selenium-devtools-v123/4.20.0/selenium-devtools-v123-4.20.0.jar
Progress (1): 46/71 kB
Progress (1): 48/71 kB
Progress (1): 49/71 kB
Progress (1): 51/71 kB
Progress (1): 52/71 kB
Progress (1): 53/71 kB
Progress (1): 55/71 kB
Progress (2): 55/71 kB | 0.9/3.2 kB
Progress (2): 55/71 kB | 2.3/3.2 kB
Progress (2): 55/71 kB | 3.2 kB    
                               
Downloaded from central: https://repo.maven.apache.org/maven2/com/google/auto/service/auto-service-annotations/1.1.1/auto-service-annotations-1.1.1.jar (3.2 kB at 34 kB/s)
Downloading from central: https://repo.maven.apache.org/maven2/org/seleniumhq/selenium/selenium-devtools-v124/4.20.0/selenium-devtools-v124-4.20.0.jar
Progress (2): 55/71 kB | 0/8.4 MB
Progress (2): 55/71 kB | 0/8.4 MB
Progress (2): 59/71 kB | 0/8.4 MB
Progress (2): 59/71 kB | 0/8.4 MB
Progress (2): 63/71 kB | 0/8.4 MB
Progress (2): 67/71 kB | 0/8.4 MB
Progress (2): 71 kB | 0/8.4 MB   
Progress (2): 71 kB | 0/8.4 MB
                              
Downloaded from central: https://repo.maven.apache.org/maven2/org/seleniumhq/selenium/selenium-json/4.20.0/selenium-json-4.20.0.jar (71 kB at 742 kB/s)
Progress (1): 0.1/8.4 MB
Progress (1): 0.1/8.4 MB
Progress (1): 0.1/8.4 MB
                        
Downloading from central: https://repo.maven.apache.org/maven2/org/seleniumhq/selenium/selenium-devtools-v85/4.20.0/selenium-devtools-v85-4.20.0.jar
Progress (1): 0.1/8.4 MB
Progress (1): 0.1/8.4 MB
Progress (1): 0.1/8.4 MB
Progress (1): 0.2/8.4 MB
Progress (1): 0.2/8.4 MB
Progress (1): 0.2/8.4 MB
Progress (1): 0.2/8.4 MB
Progress (1): 0.2/8.4 MB
Progress (1): 0.2/8.4 MB
Progress (1): 0.3/8.4 MB
Progress (1): 0.3/8.4 MB
Progress (1): 0.3/8.4 MB
Progress (1): 0.3/8.4 MB
Progress (1): 0.3/8.4 MB
Progress (1): 0.3/8.4 MB
Progress (1): 0.3/8.4 MB
Progress (1): 0.4/8.4 MB
Progress (1): 0.4/8.4 MB
Progress (1): 0.4/8.4 MB
Progress (1): 0.4/8.4 MB
Progress (1): 0.4/8.4 MB
Progress (1): 0.4/8.4 MB
Progress (1): 0.5/8.4 MB
Progress (1): 0.5/8.4 MB
Progress (1): 0.5/8.4 MB
Progress (1): 0.5/8.4 MB
Progress (1): 0.5/8.4 MB
Progress (1): 0.5/8.4 MB
Progress (1): 0.5/8.4 MB
Progress (1): 0.6/8.4 MB
Progress (2): 0.6/8.4 MB | 0/1.5 MB
Progress (2): 0.6/8.4 MB | 0/1.5 MB
Progress (2): 0.6/8.4 MB | 0/1.5 MB
Progress (2): 0.6/8.4 MB | 0/1.5 MB
Progress (2): 0.6/8.4 MB | 0/1.5 MB
Progress (2): 0.6/8.4 MB | 0/1.5 MB
Progress (2): 0.6/8.4 MB | 0/1.5 MB
Progress (2): 0.6/8.4 MB | 0/1.5 MB
Progress (2): 0.6/8.4 MB | 0/1.5 MB
Progress (2): 0.6/8.4 MB | 0/1.5 MB
Progress (2): 0.6/8.4 MB | 0/1.5 MB
Progress (2): 0.6/8.4 MB | 0/1.5 MB
Progress (2): 0.6/8.4 MB | 0/1.5 MB
Progress (2): 0.6/8.4 MB | 0/1.5 MB
Progress (2): 0.6/8.4 MB | 0/1.5 MB
Progress (2): 0.6/8.4 MB | 0/1.5 MB
Progress (2): 0.6/8.4 MB | 0/1.5 MB
Progress (2): 0.6/8.4 MB | 0/1.5 MB
Progress (2): 0.6/8.4 MB | 0/1.5 MB
Progress (2): 0.6/8.4 MB | 0/1.5 MB
Progress (2): 0.6/8.4 MB | 0/1.5 MB
Progress (2): 0.6/8.4 MB | 0/1.5 MB
Progress (2): 0.6/8.4 MB | 0/1.5 MB
Progress (2): 0.7/8.4 MB | 0/1.5 MB
Progress (2): 0.7/8.4 MB | 0/1.5 MB
Progress (2): 0.7/8.4 MB | 0/1.5 MB
Progress (2): 0.7/8.4 MB | 0/1.5 MB
Progress (2): 0.7/8.4 MB | 0/1.5 MB
Progress (2): 0.7/8.4 MB | 0/1.5 MB
Progress (2): 0.7/8.4 MB | 0/1.5 MB
Progress (2): 0.7/8.4 MB | 0/1.5 MB
Progress (2): 0.7/8.4 MB | 0/1.5 MB
Progress (2): 0.7/8.4 MB | 0/1.5 MB
Progress (2): 0.7/8.4 MB | 0/1.5 MB
Progress (2): 0.7/8.4 MB | 0/1.5 MB
Progress (2): 0.7/8.4 MB | 0/1.5 MB
Progress (2): 0.7/8.4 MB | 0/1.5 MB
Progress (2): 0.7/8.4 MB | 0/1.5 MB
Progress (2): 0.7/8.4 MB | 0/1.5 MB
Progress (2): 0.7/8.4 MB | 0.1/1.5 MB
Progress (2): 0.7/8.4 MB | 0.1/1.5 MB
Progress (2): 0.7/8.4 MB | 0.1/1.5 MB
Progress (2): 0.7/8.4 MB | 0.1/1.5 MB
Progress (2): 0.7/8.4 MB | 0.1/1.5 MB
Progress (2): 0.7/8.4 MB | 0.1/1.5 MB
Progress (3): 0.7/8.4 MB | 0.1/1.5 MB | 0/1.5 MB
Progress (3): 0.7/8.4 MB | 0.1/1.5 MB | 0/1.5 MB
Progress (3): 0.8/8.4 MB | 0.1/1.5 MB | 0/1.5 MB
Progress (3): 0.8/8.4 MB | 0.1/1.5 MB | 0/1.5 MB
Progress (3): 0.8/8.4 MB | 0.1/1.5 MB | 0/1.5 MB
Progress (3): 0.8/8.4 MB | 0.1/1.5 MB | 0/1.5 MB
Progress (3): 0.8/8.4 MB | 0.1/1.5 MB | 0/1.5 MB
Progress (3): 0.8/8.4 MB | 0.1/1.5 MB | 0/1.5 MB
Progress (3): 0.8/8.4 MB | 0.1/1.5 MB | 0/1.5 MB
Progress (3): 0.8/8.4 MB | 0.1/1.5 MB | 0/1.5 MB
Progress (3): 0.8/8.4 MB | 0.1/1.5 MB | 0/1.5 MB
Progress (3): 0.8/8.4 MB | 0.1/1.5 MB | 0/1.5 MB
Progress (3): 0.8/8.4 MB | 0.1/1.5 MB | 0/1.5 MB
Progress (3): 0.8/8.4 MB | 0.1/1.5 MB | 0/1.5 MB
Progress (3): 0.8/8.4 MB | 0.1/1.5 MB | 0/1.5 MB
Progress (3): 0.8/8.4 MB | 0.1/1.5 MB | 0/1.5 MB
Progress (3): 0.8/8.4 MB | 0.1/1.5 MB | 0/1.5 MB
Progress (3): 0.8/8.4 MB | 0.1/1.5 MB | 0/1.5 MB
Progress (3): 0.8/8.4 MB | 0.1/1.5 MB | 0/1.5 MB
Progress (3): 0.8/8.4 MB | 0.1/1.5 MB | 0/1.5 MB
Progress (3): 0.8/8.4 MB | 0.1/1.5 MB | 0/1.5 MB
Progress (3): 0.8/8.4 MB | 0.1/1.5 MB | 0/1.5 MB
Progress (3): 0.8/8.4 MB | 0.1/1.5 MB | 0/1.5 MB
Progress (3): 0.8/8.4 MB | 0.1/1.5 MB | 0/1.5 MB
Progress (3): 0.9/8.4 MB | 0.1/1.5 MB | 0/1.5 MB
Progress (3): 0.9/8.4 MB | 0.1/1.5 MB | 0/1.5 MB
Progress (3): 0.9/8.4 MB | 0.1/1.5 MB | 0/1.5 MB
Progress (3): 0.9/8.4 MB | 0.1/1.5 MB | 0/1.5 MB
Progress (3): 0.9/8.4 MB | 0.1/1.5 MB | 0.1/1.5 MB
Progress (3): 0.9/8.4 MB | 0.1/1.5 MB | 0.1/1.5 MB
Progress (3): 0.9/8.4 MB | 0.1/1.5 MB | 0.1/1.5 MB
Progress (3): 0.9/8.4 MB | 0.1/1.5 MB | 0.1/1.5 MB
Progress (3): 0.9/8.4 MB | 0.1/1.5 MB | 0.1/1.5 MB
Progress (3): 0.9/8.4 MB | 0.1/1.5 MB | 0.1/1.5 MB
Progress (3): 0.9/8.4 MB | 0.1/1.5 MB | 0.1/1.5 MB
Progress (3): 0.9/8.4 MB | 0.1/1.5 MB | 0.1/1.5 MB
Progress (3): 0.9/8.4 MB | 0.1/1.5 MB | 0.1/1.5 MB
Progress (3): 0.9/8.4 MB | 0.1/1.5 MB | 0.1/1.5 MB
Progress (3): 0.9/8.4 MB | 0.1/1.5 MB | 0.1/1.5 MB
Progress (3): 1.0/8.4 MB | 0.1/1.5 MB | 0.1/1.5 MB
Progress (3): 1.0/8.4 MB | 0.1/1.5 MB | 0.1/1.5 MB
Progress (3): 1.0/8.4 MB | 0.1/1.5 MB | 0.1/1.5 MB
Progress (3): 1.0/8.4 MB | 0.1/1.5 MB | 0.1/1.5 MB
Progress (3): 1.0/8.4 MB | 0.1/1.5 MB | 0.1/1.5 MB
Progress (3): 1.0/8.4 MB | 0.1/1.5 MB | 0.1/1.5 MB
Progress (3): 1.0/8.4 MB | 0.1/1.5 MB | 0.1/1.5 MB
Progress (3): 1.0/8.4 MB | 0.1/1.5 MB | 0.1/1.5 MB
Progress (3): 1.0/8.4 MB | 0.1/1.5 MB | 0.1/1.5 MB
Progress (3): 1.0/8.4 MB | 0.1/1.5 MB | 0.1/1.5 MB
Progress (3): 1.0/8.4 MB | 0.1/1.5 MB | 0.1/1.5 MB
Progress (3): 1.0/8.4 MB | 0.1/1.5 MB | 0.1/1.5 MB
Progress (3): 1.0/8.4 MB | 0.1/1.5 MB | 0.1/1.5 MB
Progress (3): 1.0/8.4 MB | 0.1/1.5 MB | 0.1/1.5 MB
Progress (3): 1.0/8.4 MB | 0.1/1.5 MB | 0.1/1.5 MB
Progress (3): 1.0/8.4 MB | 0.1/1.5 MB | 0.1/1.5 MB
Progress (3): 1.0/8.4 MB | 0.1/1.5 MB | 0.1/1.5 MB
Progress (3): 1.1/8.4 MB | 0.1/1.5 MB | 0.1/1.5 MB
Progress (3): 1.1/8.4 MB | 0.1/1.5 MB | 0.1/1.5 MB
Progress (3): 1.1/8.4 MB | 0.1/1.5 MB | 0.1/1.5 MB
Progress (3): 1.1/8.4 MB | 0.1/1.5 MB | 0.1/1.5 MB
Progress (3): 1.1/8.4 MB | 0.1/1.5 MB | 0.1/1.5 MB
Progress (3): 1.1/8.4 MB | 0.1/1.5 MB | 0.1/1.5 MB
Progress (3): 1.1/8.4 MB | 0.1/1.5 MB | 0.1/1.5 MB
Progress (3): 1.1/8.4 MB | 0.1/1.5 MB | 0.1/1.5 MB
Progress (3): 1.1/8.4 MB | 0.1/1.5 MB | 0.1/1.5 MB
Progress (3): 1.1/8.4 MB | 0.2/1.5 MB | 0.1/1.5 MB
Progress (3): 1.1/8.4 MB | 0.2/1.5 MB | 0.1/1.5 MB
Progress (3): 1.1/8.4 MB | 0.2/1.5 MB | 0.1/1.5 MB
Progress (3): 1.1/8.4 MB | 0.2/1.5 MB | 0.1/1.5 MB
Progress (3): 1.1/8.4 MB | 0.2/1.5 MB | 0.1/1.5 MB
Progress (3): 1.1/8.4 MB | 0.2/1.5 MB | 0.1/1.5 MB
Progress (3): 1.1/8.4 MB | 0.2/1.5 MB | 0.1/1.5 MB
Progress (3): 1.1/8.4 MB | 0.2/1.5 MB | 0.1/1.5 MB
Progress (3): 1.1/8.4 MB | 0.2/1.5 MB | 0.1/1.5 MB
Progress (3): 1.1/8.4 MB | 0.2/1.5 MB | 0.1/1.5 MB
Progress (3): 1.1/8.4 MB | 0.2/1.5 MB | 0.1/1.5 MB
Progress (3): 1.1/8.4 MB | 0.2/1.5 MB | 0.1/1.5 MB
Progress (3): 1.1/8.4 MB | 0.2/1.5 MB | 0.1/1.5 MB
Progress (3): 1.1/8.4 MB | 0.2/1.5 MB | 0.1/1.5 MB
Progress (3): 1.2/8.4 MB | 0.2/1.5 MB | 0.1/1.5 MB
Progress (3): 1.2/8.4 MB | 0.2/1.5 MB | 0.1/1.5 MB
Progress (3): 1.2/8.4 MB | 0.2/1.5 MB | 0.1/1.5 MB
Progress (3): 1.2/8.4 MB | 0.2/1.5 MB | 0.1/1.5 MB
Progress (3): 1.2/8.4 MB | 0.2/1.5 MB | 0.1/1.5 MB
Progress (3): 1.2/8.4 MB | 0.2/1.5 MB | 0.1/1.5 MB
Progress (3): 1.2/8.4 MB | 0.2/1.5 MB | 0.1/1.5 MB
Progress (3): 1.2/8.4 MB | 0.2/1.5 MB | 0.1/1.5 MB
Progress (3): 1.2/8.4 MB | 0.2/1.5 MB | 0.1/1.5 MB
Progress (3): 1.2/8.4 MB | 0.2/1.5 MB | 0.1/1.5 MB
Progress (3): 1.2/8.4 MB | 0.2/1.5 MB | 0.1/1.5 MB
Progress (3): 1.2/8.4 MB | 0.2/1.5 MB | 0.1/1.5 MB
Progress (4): 1.2/8.4 MB | 0.2/1.5 MB | 0.1/1.5 MB | 0/1.5 MB
Progress (4): 1.2/8.4 MB | 0.2/1.5 MB | 0.1/1.5 MB | 0/1.5 MB
Progress (4): 1.2/8.4 MB | 0.2/1.5 MB | 0.1/1.5 MB | 0/1.5 MB
Progress (4): 1.2/8.4 MB | 0.2/1.5 MB | 0.1/1.5 MB | 0/1.5 MB
Progress (4): 1.2/8.4 MB | 0.2/1.5 MB | 0.1/1.5 MB | 0/1.5 MB
Progress (4): 1.2/8.4 MB | 0.2/1.5 MB | 0.1/1.5 MB | 0/1.5 MB
Progress (4): 1.2/8.4 MB | 0.2/1.5 MB | 0.1/1.5 MB | 0/1.5 MB
Progress (4): 1.2/8.4 MB | 0.2/1.5 MB | 0.1/1.5 MB | 0/1.5 MB
Progress (4): 1.2/8.4 MB | 0.2/1.5 MB | 0.1/1.5 MB | 0/1.5 MB
Progress (4): 1.2/8.4 MB | 0.2/1.5 MB | 0.1/1.5 MB | 0/1.5 MB
Progress (4): 1.2/8.4 MB | 0.2/1.5 MB | 0.1/1.5 MB | 0/1.5 MB
Progress (4): 1.2/8.4 MB | 0.2/1.5 MB | 0.1/1.5 MB | 0/1.5 MB
Progress (4): 1.2/8.4 MB | 0.2/1.5 MB | 0.1/1.5 MB | 0/1.5 MB
Progress (4): 1.3/8.4 MB | 0.2/1.5 MB | 0.1/1.5 MB | 0/1.5 MB
Progress (4): 1.3/8.4 MB | 0.2/1.5 MB | 0.1/1.5 MB | 0/1.5 MB
Progress (4): 1.3/8.4 MB | 0.2/1.5 MB | 0.1/1.5 MB | 0/1.5 MB
Progress (4): 1.3/8.4 MB | 0.2/1.5 MB | 0.1/1.5 MB | 0/1.5 MB
Progress (4): 1.3/8.4 MB | 0.2/1.5 MB | 0.1/1.5 MB | 0/1.5 MB
Progress (4): 1.3/8.4 MB | 0.2/1.5 MB | 0.1/1.5 MB | 0/1.5 MB
Progress (4): 1.3/8.4 MB | 0.2/1.5 MB | 0.1/1.5 MB | 0/1.5 MB
Progress (4): 1.3/8.4 MB | 0.2/1.5 MB | 0.1/1.5 MB | 0/1.5 MB
Progress (4): 1.3/8.4 MB | 0.2/1.5 MB | 0.1/1.5 MB | 0/1.5 MB
Progress (4): 1.3/8.4 MB | 0.2/1.5 MB | 0.1/1.5 MB | 0/1.5 MB
Progress (4): 1.3/8.4 MB | 0.2/1.5 MB | 0.1/1.5 MB | 0/1.5 MB
Progress (4): 1.3/8.4 MB | 0.2/1.5 MB | 0.1/1.5 MB | 0/1.5 MB
Progress (4): 1.3/8.4 MB | 0.2/1.5 MB | 0.1/1.5 MB | 0/1.5 MB
Progress (4): 1.3/8.4 MB | 0.2/1.5 MB | 0.1/1.5 MB | 0/1.5 MB
Progress (4): 1.3/8.4 MB | 0.2/1.5 MB | 0.1/1.5 MB | 0/1.5 MB
Progress (4): 1.3/8.4 MB | 0.2/1.5 MB | 0.1/1.5 MB | 0/1.5 MB
Progress (4): 1.3/8.4 MB | 0.2/1.5 MB | 0.1/1.5 MB | 0/1.5 MB
Progress (5): 1.3/8.4 MB | 0.2/1.5 MB | 0.1/1.5 MB | 0/1.5 MB | 0/1.0 MB
Progress (5): 1.3/8.4 MB | 0.2/1.5 MB | 0.1/1.5 MB | 0/1.5 MB | 0/1.0 MB
Progress (5): 1.3/8.4 MB | 0.2/1.5 MB | 0.1/1.5 MB | 0/1.5 MB | 0/1.0 MB
Progress (5): 1.3/8.4 MB | 0.2/1.5 MB | 0.1/1.5 MB | 0/1.5 MB | 0/1.0 MB
Progress (5): 1.3/8.4 MB | 0.2/1.5 MB | 0.1/1.5 MB | 0/1.5 MB | 0/1.0 MB
Progress (5): 1.3/8.4 MB | 0.2/1.5 MB | 0.1/1.5 MB | 0/1.5 MB | 0/1.0 MB
Progress (5): 1.3/8.4 MB | 0.2/1.5 MB | 0.1/1.5 MB | 0/1.5 MB | 0/1.0 MB
Progress (5): 1.3/8.4 MB | 0.2/1.5 MB | 0.1/1.5 MB | 0/1.5 MB | 0/1.0 MB
Progress (5): 1.3/8.4 MB | 0.2/1.5 MB | 0.1/1.5 MB | 0/1.5 MB | 0/1.0 MB
Progress (5): 1.3/8.4 MB | 0.2/1.5 MB | 0.1/1.5 MB | 0/1.5 MB | 0/1.0 MB
Progress (5): 1.3/8.4 MB | 0.2/1.5 MB | 0.1/1.5 MB | 0/1.5 MB | 0/1.0 MB
Progress (5): 1.3/8.4 MB | 0.2/1.5 MB | 0.1/1.5 MB | 0/1.5 MB | 0/1.0 MB
Progress (5): 1.3/8.4 MB | 0.2/1.5 MB | 0.1/1.5 MB | 0/1.5 MB | 0/1.0 MB
Progress (5): 1.3/8.4 MB | 0.2/1.5 MB | 0.1/1.5 MB | 0/1.5 MB | 0/1.0 MB
Progress (5): 1.3/8.4 MB | 0.2/1.5 MB | 0.1/1.5 MB | 0/1.5 MB | 0/1.0 MB
Progress (5): 1.3/8.4 MB | 0.2/1.5 MB | 0.1/1.5 MB | 0/1.5 MB | 0/1.0 MB
Progress (5): 1.3/8.4 MB | 0.2/1.5 MB | 0.1/1.5 MB | 0/1.5 MB | 0/1.0 MB
Progress (5): 1.3/8.4 MB | 0.2/1.5 MB | 0.1/1.5 MB | 0/1.5 MB | 0/1.0 MB
Progress (5): 1.3/8.4 MB | 0.2/1.5 MB | 0.1/1.5 MB | 0/1.5 MB | 0/1.0 MB
Progress (5): 1.3/8.4 MB | 0.2/1.5 MB | 0.1/1.5 MB | 0/1.5 MB | 0/1.0 MB
Progress (5): 1.4/8.4 MB | 0.2/1.5 MB | 0.1/1.5 MB | 0/1.5 MB | 0/1.0 MB
Progress (5): 1.4/8.4 MB | 0.2/1.5 MB | 0.1/1.5 MB | 0/1.5 MB | 0/1.0 MB
Progress (5): 1.4/8.4 MB | 0.2/1.5 MB | 0.1/1.5 MB | 0/1.5 MB | 0/1.0 MB
Progress (5): 1.4/8.4 MB | 0.2/1.5 MB | 0.1/1.5 MB | 0/1.5 MB | 0/1.0 MB
Progress (5): 1.4/8.4 MB | 0.2/1.5 MB | 0.1/1.5 MB | 0/1.5 MB | 0/1.0 MB
Progress (5): 1.4/8.4 MB | 0.2/1.5 MB | 0.1/1.5 MB | 0/1.5 MB | 0/1.0 MB
Progress (5): 1.4/8.4 MB | 0.2/1.5 MB | 0.1/1.5 MB | 0/1.5 MB | 0/1.0 MB
Progress (5): 1.4/8.4 MB | 0.2/1.5 MB | 0.2/1.5 MB | 0/1.5 MB | 0/1.0 MB
Progress (5): 1.4/8.4 MB | 0.2/1.5 MB | 0.2/1.5 MB | 0/1.5 MB | 0/1.0 MB
Progress (5): 1.4/8.4 MB | 0.2/1.5 MB | 0.2/1.5 MB | 0/1.5 MB | 0/1.0 MB
Progress (5): 1.4/8.4 MB | 0.2/1.5 MB | 0.2/1.5 MB | 0/1.5 MB | 0/1.0 MB
Progress (5): 1.4/8.4 MB | 0.2/1.5 MB | 0.2/1.5 MB | 0/1.5 MB | 0/1.0 MB
Progress (5): 1.4/8.4 MB | 0.2/1.5 MB | 0.2/1.5 MB | 0.1/1.5 MB | 0/1.0 MB
Progress (5): 1.4/8.4 MB | 0.2/1.5 MB | 0.2/1.5 MB | 0.1/1.5 MB | 0/1.0 MB
Progress (5): 1.4/8.4 MB | 0.2/1.5 MB | 0.2/1.5 MB | 0.1/1.5 MB | 0/1.0 MB
Progress (5): 1.4/8.4 MB | 0.2/1.5 MB | 0.2/1.5 MB | 0.1/1.5 MB | 0/1.0 MB
Progress (5): 1.4/8.4 MB | 0.2/1.5 MB | 0.2/1.5 MB | 0.1/1.5 MB | 0/1.0 MB
Progress (5): 1.4/8.4 MB | 0.2/1.5 MB | 0.2/1.5 MB | 0.1/1.5 MB | 0/1.0 MB
Progress (5): 1.4/8.4 MB | 0.2/1.5 MB | 0.2/1.5 MB | 0.1/1.5 MB | 0/1.0 MB
Progress (5): 1.4/8.4 MB | 0.2/1.5 MB | 0.2/1.5 MB | 0.1/1.5 MB | 0/1.0 MB
Progress (5): 1.5/8.4 MB | 0.2/1.5 MB | 0.2/1.5 MB | 0.1/1.5 MB | 0/1.0 MB
Progress (5): 1.5/8.4 MB | 0.2/1.5 MB | 0.2/1.5 MB | 0.1/1.5 MB | 0/1.0 MB
Progress (5): 1.5/8.4 MB | 0.2/1.5 MB | 0.2/1.5 MB | 0.1/1.5 MB | 0/1.0 MB
Progress (5): 1.5/8.4 MB | 0.2/1.5 MB | 0.2/1.5 MB | 0.1/1.5 MB | 0/1.0 MB
Progress (5): 1.5/8.4 MB | 0.2/1.5 MB | 0.2/1.5 MB | 0.1/1.5 MB | 0/1.0 MB
Progress (5): 1.5/8.4 MB | 0.2/1.5 MB | 0.2/1.5 MB | 0.1/1.5 MB | 0/1.0 MB
Progress (5): 1.5/8.4 MB | 0.2/1.5 MB | 0.2/1.5 MB | 0.1/1.5 MB | 0/1.0 MB
Progress (5): 1.5/8.4 MB | 0.2/1.5 MB | 0.2/1.5 MB | 0.1/1.5 MB | 0/1.0 MB
Progress (5): 1.5/8.4 MB | 0.2/1.5 MB | 0.2/1.5 MB | 0.1/1.5 MB | 0/1.0 MB
Progress (5): 1.5/8.4 MB | 0.2/1.5 MB | 0.2/1.5 MB | 0.1/1.5 MB | 0/1.0 MB
Progress (5): 1.6/8.4 MB | 0.2/1.5 MB | 0.2/1.5 MB | 0.1/1.5 MB | 0/1.0 MB
Progress (5): 1.6/8.4 MB | 0.2/1.5 MB | 0.2/1.5 MB | 0.1/1.5 MB | 0/1.0 MB
Progress (5): 1.6/8.4 MB | 0.2/1.5 MB | 0.2/1.5 MB | 0.1/1.5 MB | 0/1.0 MB
Progress (5): 1.6/8.4 MB | 0.2/1.5 MB | 0.2/1.5 MB | 0.1/1.5 MB | 0/1.0 MB
Progress (5): 1.6/8.4 MB | 0.2/1.5 MB | 0.2/1.5 MB | 0.1/1.5 MB | 0/1.0 MB
Progress (5): 1.6/8.4 MB | 0.2/1.5 MB | 0.2/1.5 MB | 0.1/1.5 MB | 0/1.0 MB
Progress (5): 1.6/8.4 MB | 0.2/1.5 MB | 0.2/1.5 MB | 0.1/1.5 MB | 0/1.0 MB
Progress (5): 1.6/8.4 MB | 0.2/1.5 MB | 0.2/1.5 MB | 0.1/1.5 MB | 0/1.0 MB
Progress (5): 1.6/8.4 MB | 0.2/1.5 MB | 0.2/1.5 MB | 0.1/1.5 MB | 0/1.0 MB
Progress (5): 1.6/8.4 MB | 0.2/1.5 MB | 0.2/1.5 MB | 0.1/1.5 MB | 0/1.0 MB
Progress (5): 1.6/8.4 MB | 0.2/1.5 MB | 0.2/1.5 MB | 0.1/1.5 MB | 0/1.0 MB
Progress (5): 1.6/8.4 MB | 0.2/1.5 MB | 0.2/1.5 MB | 0.1/1.5 MB | 0/1.0 MB
Progress (5): 1.6/8.4 MB | 0.2/1.5 MB | 0.2/1.5 MB | 0.1/1.5 MB | 0/1.0 MB
Progress (5): 1.6/8.4 MB | 0.2/1.5 MB | 0.2/1.5 MB | 0.1/1.5 MB | 0/1.0 MB
Progress (5): 1.6/8.4 MB | 0.2/1.5 MB | 0.2/1.5 MB | 0.1/1.5 MB | 0/1.0 MB
Progress (5): 1.6/8.4 MB | 0.2/1.5 MB | 0.2/1.5 MB | 0.1/1.5 MB | 0/1.0 MB
Progress (5): 1.6/8.4 MB | 0.2/1.5 MB | 0.2/1.5 MB | 0.1/1.5 MB | 0/1.0 MB
Progress (5): 1.6/8.4 MB | 0.2/1.5 MB | 0.2/1.5 MB | 0.1/1.5 MB | 0/1.0 MB
Progress (5): 1.7/8.4 MB | 0.2/1.5 MB | 0.2/1.5 MB | 0.1/1.5 MB | 0/1.0 MB
Progress (5): 1.7/8.4 MB | 0.2/1.5 MB | 0.2/1.5 MB | 0.1/1.5 MB | 0/1.0 MB
Progress (5): 1.7/8.4 MB | 0.2/1.5 MB | 0.2/1.5 MB | 0.1/1.5 MB | 0/1.0 MB
Progress (5): 1.7/8.4 MB | 0.2/1.5 MB | 0.2/1.5 MB | 0.1/1.5 MB | 0/1.0 MB
Progress (5): 1.7/8.4 MB | 0.2/1.5 MB | 0.2/1.5 MB | 0.1/1.5 MB | 0.1/1.0 MB
Progress (5): 1.7/8.4 MB | 0.2/1.5 MB | 0.2/1.5 MB | 0.1/1.5 MB | 0.1/1.0 MB
Progress (5): 1.7/8.4 MB | 0.2/1.5 MB | 0.2/1.5 MB | 0.1/1.5 MB | 0.1/1.0 MB
Progress (5): 1.7/8.4 MB | 0.2/1.5 MB | 0.2/1.5 MB | 0.1/1.5 MB | 0.1/1.0 MB
Progress (5): 1.7/8.4 MB | 0.2/1.5 MB | 0.2/1.5 MB | 0.1/1.5 MB | 0.1/1.0 MB
Progress (5): 1.7/8.4 MB | 0.2/1.5 MB | 0.2/1.5 MB | 0.1/1.5 MB | 0.1/1.0 MB
Progress (5): 1.7/8.4 MB | 0.2/1.5 MB | 0.2/1.5 MB | 0.1/1.5 MB | 0.1/1.0 MB
Progress (5): 1.7/8.4 MB | 0.2/1.5 MB | 0.2/1.5 MB | 0.1/1.5 MB | 0.1/1.0 MB
Progress (5): 1.7/8.4 MB | 0.2/1.5 MB | 0.2/1.5 MB | 0.1/1.5 MB | 0.1/1.0 MB
Progress (5): 1.7/8.4 MB | 0.2/1.5 MB | 0.2/1.5 MB | 0.1/1.5 MB | 0.1/1.0 MB
Progress (5): 1.7/8.4 MB | 0.2/1.5 MB | 0.2/1.5 MB | 0.1/1.5 MB | 0.1/1.0 MB
Progress (5): 1.7/8.4 MB | 0.2/1.5 MB | 0.2/1.5 MB | 0.1/1.5 MB | 0.1/1.0 MB
Progress (5): 1.7/8.4 MB | 0.2/1.5 MB | 0.2/1.5 MB | 0.1/1.5 MB | 0.1/1.0 MB
Progress (5): 1.7/8.4 MB | 0.2/1.5 MB | 0.2/1.5 MB | 0.1/1.5 MB | 0.1/1.0 MB
Progress (5): 1.7/8.4 MB | 0.2/1.5 MB | 0.2/1.5 MB | 0.1/1.5 MB | 0.1/1.0 MB
Progress (5): 1.7/8.4 MB | 0.2/1.5 MB | 0.2/1.5 MB | 0.1/1.5 MB | 0.1/1.0 MB
Progress (5): 1.8/8.4 MB | 0.2/1.5 MB | 0.2/1.5 MB | 0.1/1.5 MB | 0.1/1.0 MB
Progress (5): 1.8/8.4 MB | 0.2/1.5 MB | 0.2/1.5 MB | 0.1/1.5 MB | 0.1/1.0 MB
Progress (5): 1.8/8.4 MB | 0.2/1.5 MB | 0.2/1.5 MB | 0.1/1.5 MB | 0.1/1.0 MB
Progress (5): 1.8/8.4 MB | 0.2/1.5 MB | 0.2/1.5 MB | 0.1/1.5 MB | 0.1/1.0 MB
Progress (5): 1.8/8.4 MB | 0.2/1.5 MB | 0.2/1.5 MB | 0.1/1.5 MB | 0.1/1.0 MB
Progress (5): 1.8/8.4 MB | 0.2/1.5 MB | 0.2/1.5 MB | 0.1/1.5 MB | 0.1/1.0 MB
Progress (5): 1.8/8.4 MB | 0.2/1.5 MB | 0.2/1.5 MB | 0.1/1.5 MB | 0.1/1.0 MB
Progress (5): 1.8/8.4 MB | 0.2/1.5 MB | 0.2/1.5 MB | 0.1/1.5 MB | 0.1/1.0 MB
Progress (5): 1.8/8.4 MB | 0.2/1.5 MB | 0.2/1.5 MB | 0.1/1.5 MB | 0.1/1.0 MB
Progress (5): 1.8/8.4 MB | 0.2/1.5 MB | 0.2/1.5 MB | 0.1/1.5 MB | 0.1/1.0 MB
Progress (5): 1.8/8.4 MB | 0.2/1.5 MB | 0.2/1.5 MB | 0.1/1.5 MB | 0.1/1.0 MB
Progress (5): 1.8/8.4 MB | 0.2/1.5 MB | 0.2/1.5 MB | 0.1/1.5 MB | 0.1/1.0 MB
Progress (5): 1.8/8.4 MB | 0.2/1.5 MB | 0.2/1.5 MB | 0.1/1.5 MB | 0.1/1.0 MB
Progress (5): 1.8/8.4 MB | 0.2/1.5 MB | 0.2/1.5 MB | 0.1/1.5 MB | 0.1/1.0 MB
Progress (5): 1.9/8.4 MB | 0.2/1.5 MB | 0.2/1.5 MB | 0.1/1.5 MB | 0.1/1.0 MB
Progress (5): 1.9/8.4 MB | 0.2/1.5 MB | 0.2/1.5 MB | 0.1/1.5 MB | 0.1/1.0 MB
Progress (5): 1.9/8.4 MB | 0.2/1.5 MB | 0.2/1.5 MB | 0.1/1.5 MB | 0.1/1.0 MB
Progress (5): 1.9/8.4 MB | 0.2/1.5 MB | 0.2/1.5 MB | 0.1/1.5 MB | 0.1/1.0 MB
Progress (5): 1.9/8.4 MB | 0.2/1.5 MB | 0.2/1.5 MB | 0.1/1.5 MB | 0.1/1.0 MB
Progress (5): 1.9/8.4 MB | 0.2/1.5 MB | 0.2/1.5 MB | 0.1/1.5 MB | 0.1/1.0 MB
Progress (5): 1.9/8.4 MB | 0.2/1.5 MB | 0.2/1.5 MB | 0.1/1.5 MB | 0.1/1.0 MB
Progress (5): 1.9/8.4 MB | 0.2/1.5 MB | 0.2/1.5 MB | 0.1/1.5 MB | 0.1/1.0 MB
Progress (5): 1.9/8.4 MB | 0.2/1.5 MB | 0.2/1.5 MB | 0.1/1.5 MB | 0.1/1.0 MB
Progress (5): 1.9/8.4 MB | 0.2/1.5 MB | 0.2/1.5 MB | 0.1/1.5 MB | 0.1/1.0 MB
Progress (5): 1.9/8.4 MB | 0.2/1.5 MB | 0.2/1.5 MB | 0.1/1.5 MB | 0.1/1.0 MB
Progress (5): 1.9/8.4 MB | 0.2/1.5 MB | 0.2/1.5 MB | 0.1/1.5 MB | 0.1/1.0 MB
Progress (5): 2.0/8.4 MB | 0.2/1.5 MB | 0.2/1.5 MB | 0.1/1.5 MB | 0.1/1.0 MB
Progress (5): 2.0/8.4 MB | 0.2/1.5 MB | 0.2/1.5 MB | 0.1/1.5 MB | 0.1/1.0 MB
Progress (5): 2.0/8.4 MB | 0.3/1.5 MB | 0.2/1.5 MB | 0.1/1.5 MB | 0.1/1.0 MB
Progress (5): 2.0/8.4 MB | 0.3/1.5 MB | 0.2/1.5 MB | 0.1/1.5 MB | 0.1/1.0 MB
Progress (5): 2.0/8.4 MB | 0.3/1.5 MB | 0.2/1.5 MB | 0.1/1.5 MB | 0.1/1.0 MB
Progress (5): 2.0/8.4 MB | 0.3/1.5 MB | 0.2/1.5 MB | 0.1/1.5 MB | 0.1/1.0 MB
Progress (5): 2.0/8.4 MB | 0.3/1.5 MB | 0.2/1.5 MB | 0.1/1.5 MB | 0.1/1.0 MB
Progress (5): 2.0/8.4 MB | 0.3/1.5 MB | 0.2/1.5 MB | 0.1/1.5 MB | 0.1/1.0 MB
Progress (5): 2.0/8.4 MB | 0.3/1.5 MB | 0.2/1.5 MB | 0.1/1.5 MB | 0.1/1.0 MB
Progress (5): 2.0/8.4 MB | 0.3/1.5 MB | 0.2/1.5 MB | 0.1/1.5 MB | 0.1/1.0 MB
Progress (5): 2.0/8.4 MB | 0.3/1.5 MB | 0.2/1.5 MB | 0.1/1.5 MB | 0.1/1.0 MB
Progress (5): 2.1/8.4 MB | 0.3/1.5 MB | 0.2/1.5 MB | 0.1/1.5 MB | 0.1/1.0 MB
Progress (5): 2.1/8.4 MB | 0.3/1.5 MB | 0.2/1.5 MB | 0.1/1.5 MB | 0.1/1.0 MB
Progress (5): 2.1/8.4 MB | 0.3/1.5 MB | 0.2/1.5 MB | 0.1/1.5 MB | 0.1/1.0 MB
Progress (5): 2.1/8.4 MB | 0.3/1.5 MB | 0.2/1.5 MB | 0.1/1.5 MB | 0.1/1.0 MB
Progress (5): 2.1/8.4 MB | 0.3/1.5 MB | 0.2/1.5 MB | 0.1/1.5 MB | 0.1/1.0 MB
Progress (5): 2.1/8.4 MB | 0.3/1.5 MB | 0.2/1.5 MB | 0.1/1.5 MB | 0.1/1.0 MB
Progress (5): 2.1/8.4 MB | 0.3/1.5 MB | 0.2/1.5 MB | 0.1/1.5 MB | 0.1/1.0 MB
Progress (5): 2.1/8.4 MB | 0.3/1.5 MB | 0.2/1.5 MB | 0.1/1.5 MB | 0.1/1.0 MB
Progress (5): 2.1/8.4 MB | 0.3/1.5 MB | 0.2/1.5 MB | 0.1/1.5 MB | 0.1/1.0 MB
Progress (5): 2.1/8.4 MB | 0.3/1.5 MB | 0.2/1.5 MB | 0.1/1.5 MB | 0.1/1.0 MB
Progress (5): 2.1/8.4 MB | 0.3/1.5 MB | 0.2/1.5 MB | 0.1/1.5 MB | 0.1/1.0 MB
Progress (5): 2.2/8.4 MB | 0.3/1.5 MB | 0.2/1.5 MB | 0.1/1.5 MB | 0.1/1.0 MB
Progress (5): 2.2/8.4 MB | 0.3/1.5 MB | 0.2/1.5 MB | 0.1/1.5 MB | 0.1/1.0 MB
Progress (5): 2.2/8.4 MB | 0.3/1.5 MB | 0.2/1.5 MB | 0.1/1.5 MB | 0.1/1.0 MB
Progress (5): 2.2/8.4 MB | 0.3/1.5 MB | 0.2/1.5 MB | 0.1/1.5 MB | 0.1/1.0 MB
Progress (5): 2.2/8.4 MB | 0.3/1.5 MB | 0.2/1.5 MB | 0.1/1.5 MB | 0.1/1.0 MB
Progress (5): 2.2/8.4 MB | 0.3/1.5 MB | 0.2/1.5 MB | 0.1/1.5 MB | 0.1/1.0 MB
Progress (5): 2.2/8.4 MB | 0.3/1.5 MB | 0.2/1.5 MB | 0.1/1.5 MB | 0.1/1.0 MB
Progress (5): 2.2/8.4 MB | 0.3/1.5 MB | 0.2/1.5 MB | 0.1/1.5 MB | 0.1/1.0 MB
Progress (5): 2.2/8.4 MB | 0.3/1.5 MB | 0.2/1.5 MB | 0.1/1.5 MB | 0.1/1.0 MB
Progress (5): 2.2/8.4 MB | 0.3/1.5 MB | 0.2/1.5 MB | 0.1/1.5 MB | 0.1/1.0 MB
Progress (5): 2.2/8.4 MB | 0.3/1.5 MB | 0.2/1.5 MB | 0.1/1.5 MB | 0.1/1.0 MB
Progress (5): 2.2/8.4 MB | 0.3/1.5 MB | 0.2/1.5 MB | 0.1/1.5 MB | 0.1/1.0 MB
Progress (5): 2.2/8.4 MB | 0.3/1.5 MB | 0.2/1.5 MB | 0.1/1.5 MB | 0.1/1.0 MB
Progress (5): 2.2/8.4 MB | 0.3/1.5 MB | 0.2/1.5 MB | 0.1/1.5 MB | 0.1/1.0 MB
Progress (5): 2.2/8.4 MB | 0.3/1.5 MB | 0.2/1.5 MB | 0.1/1.5 MB | 0.1/1.0 MB
Progress (5): 2.2/8.4 MB | 0.3/1.5 MB | 0.2/1.5 MB | 0.1/1.5 MB | 0.1/1.0 MB
Progress (5): 2.2/8.4 MB | 0.3/1.5 MB | 0.2/1.5 MB | 0.1/1.5 MB | 0.1/1.0 MB
Progress (5): 2.2/8.4 MB | 0.3/1.5 MB | 0.2/1.5 MB | 0.1/1.5 MB | 0.1/1.0 MB
Progress (5): 2.3/8.4 MB | 0.3/1.5 MB | 0.2/1.5 MB | 0.1/1.5 MB | 0.1/1.0 MB
Progress (5): 2.3/8.4 MB | 0.3/1.5 MB | 0.2/1.5 MB | 0.1/1.5 MB | 0.1/1.0 MB
Progress (5): 2.3/8.4 MB | 0.3/1.5 MB | 0.2/1.5 MB | 0.1/1.5 MB | 0.1/1.0 MB
Progress (5): 2.3/8.4 MB | 0.3/1.5 MB | 0.2/1.5 MB | 0.1/1.5 MB | 0.1/1.0 MB
Progress (5): 2.3/8.4 MB | 0.3/1.5 MB | 0.2/1.5 MB | 0.1/1.5 MB | 0.1/1.0 MB
Progress (5): 2.3/8.4 MB | 0.3/1.5 MB | 0.2/1.5 MB | 0.1/1.5 MB | 0.1/1.0 MB
Progress (5): 2.3/8.4 MB | 0.3/1.5 MB | 0.2/1.5 MB | 0.1/1.5 MB | 0.1/1.0 MB
Progress (5): 2.3/8.4 MB | 0.3/1.5 MB | 0.2/1.5 MB | 0.1/1.5 MB | 0.1/1.0 MB
Progress (5): 2.3/8.4 MB | 0.3/1.5 MB | 0.2/1.5 MB | 0.1/1.5 MB | 0.1/1.0 MB
Progress (5): 2.3/8.4 MB | 0.3/1.5 MB | 0.2/1.5 MB | 0.1/1.5 MB | 0.1/1.0 MB
Progress (5): 2.3/8.4 MB | 0.3/1.5 MB | 0.2/1.5 MB | 0.1/1.5 MB | 0.1/1.0 MB
Progress (5): 2.4/8.4 MB | 0.3/1.5 MB | 0.2/1.5 MB | 0.1/1.5 MB | 0.1/1.0 MB
Progress (5): 2.4/8.4 MB | 0.3/1.5 MB | 0.2/1.5 MB | 0.1/1.5 MB | 0.1/1.0 MB
Progress (5): 2.4/8.4 MB | 0.3/1.5 MB | 0.2/1.5 MB | 0.1/1.5 MB | 0.1/1.0 MB
Progress (5): 2.4/8.4 MB | 0.3/1.5 MB | 0.3/1.5 MB | 0.1/1.5 MB | 0.1/1.0 MB
Progress (5): 2.4/8.4 MB | 0.3/1.5 MB | 0.3/1.5 MB | 0.1/1.5 MB | 0.1/1.0 MB
Progress (5): 2.4/8.4 MB | 0.3/1.5 MB | 0.3/1.5 MB | 0.1/1.5 MB | 0.1/1.0 MB
Progress (5): 2.4/8.4 MB | 0.3/1.5 MB | 0.3/1.5 MB | 0.1/1.5 MB | 0.1/1.0 MB
Progress (5): 2.4/8.4 MB | 0.3/1.5 MB | 0.3/1.5 MB | 0.2/1.5 MB | 0.1/1.0 MB
Progress (5): 2.4/8.4 MB | 0.3/1.5 MB | 0.3/1.5 MB | 0.2/1.5 MB | 0.1/1.0 MB
Progress (5): 2.4/8.4 MB | 0.3/1.5 MB | 0.3/1.5 MB | 0.2/1.5 MB | 0.1/1.0 MB
Progress (5): 2.4/8.4 MB | 0.3/1.5 MB | 0.3/1.5 MB | 0.2/1.5 MB | 0.1/1.0 MB
Progress (5): 2.4/8.4 MB | 0.3/1.5 MB | 0.3/1.5 MB | 0.2/1.5 MB | 0.1/1.0 MB
Progress (5): 2.5/8.4 MB | 0.3/1.5 MB | 0.3/1.5 MB | 0.2/1.5 MB | 0.1/1.0 MB
Progress (5): 2.5/8.4 MB | 0.3/1.5 MB | 0.3/1.5 MB | 0.2/1.5 MB | 0.1/1.0 MB
Progress (5): 2.5/8.4 MB | 0.3/1.5 MB | 0.3/1.5 MB | 0.2/1.5 MB | 0.1/1.0 MB
Progress (5): 2.5/8.4 MB | 0.3/1.5 MB | 0.3/1.5 MB | 0.2/1.5 MB | 0.1/1.0 MB
Progress (5): 2.5/8.4 MB | 0.3/1.5 MB | 0.3/1.5 MB | 0.2/1.5 MB | 0.1/1.0 MB
Progress (5): 2.5/8.4 MB | 0.3/1.5 MB | 0.3/1.5 MB | 0.2/1.5 MB | 0.1/1.0 MB
Progress (5): 2.5/8.4 MB | 0.3/1.5 MB | 0.3/1.5 MB | 0.2/1.5 MB | 0.1/1.0 MB
Progress (5): 2.5/8.4 MB | 0.3/1.5 MB | 0.3/1.5 MB | 0.2/1.5 MB | 0.1/1.0 MB
Progress (5): 2.5/8.4 MB | 0.3/1.5 MB | 0.3/1.5 MB | 0.2/1.5 MB | 0.1/1.0 MB
Progress (5): 2.5/8.4 MB | 0.3/1.5 MB | 0.3/1.5 MB | 0.2/1.5 MB | 0.1/1.0 MB
Progress (5): 2.5/8.4 MB | 0.3/1.5 MB | 0.3/1.5 MB | 0.2/1.5 MB | 0.1/1.0 MB
Progress (5): 2.5/8.4 MB | 0.3/1.5 MB | 0.3/1.5 MB | 0.2/1.5 MB | 0.1/1.0 MB
Progress (5): 2.5/8.4 MB | 0.3/1.5 MB | 0.3/1.5 MB | 0.2/1.5 MB | 0.1/1.0 MB
Progress (5): 2.5/8.4 MB | 0.3/1.5 MB | 0.3/1.5 MB | 0.2/1.5 MB | 0.1/1.0 MB
Progress (5): 2.5/8.4 MB | 0.3/1.5 MB | 0.3/1.5 MB | 0.2/1.5 MB | 0.1/1.0 MB
Progress (5): 2.5/8.4 MB | 0.3/1.5 MB | 0.3/1.5 MB | 0.2/1.5 MB | 0.1/1.0 MB
Progress (5): 2.5/8.4 MB | 0.3/1.5 MB | 0.3/1.5 MB | 0.2/1.5 MB | 0.1/1.0 MB
Progress (5): 2.5/8.4 MB | 0.3/1.5 MB | 0.3/1.5 MB | 0.2/1.5 MB | 0.1/1.0 MB
Progress (5): 2.6/8.4 MB | 0.3/1.5 MB | 0.3/1.5 MB | 0.2/1.5 MB | 0.1/1.0 MB
Progress (5): 2.6/8.4 MB | 0.3/1.5 MB | 0.3/1.5 MB | 0.2/1.5 MB | 0.1/1.0 MB
Progress (5): 2.6/8.4 MB | 0.3/1.5 MB | 0.3/1.5 MB | 0.2/1.5 MB | 0.1/1.0 MB
Progress (5): 2.6/8.4 MB | 0.3/1.5 MB | 0.3/1.5 MB | 0.2/1.5 MB | 0.1/1.0 MB
Progress (5): 2.6/8.4 MB | 0.3/1.5 MB | 0.3/1.5 MB | 0.2/1.5 MB | 0.1/1.0 MB
Progress (5): 2.6/8.4 MB | 0.3/1.5 MB | 0.3/1.5 MB | 0.2/1.5 MB | 0.1/1.0 MB
Progress (5): 2.6/8.4 MB | 0.3/1.5 MB | 0.3/1.5 MB | 0.2/1.5 MB | 0.1/1.0 MB
Progress (5): 2.6/8.4 MB | 0.3/1.5 MB | 0.4/1.5 MB | 0.2/1.5 MB | 0.1/1.0 MB
Progress (5): 2.6/8.4 MB | 0.3/1.5 MB | 0.4/1.5 MB | 0.2/1.5 MB | 0.1/1.0 MB
Progress (5): 2.6/8.4 MB | 0.3/1.5 MB | 0.4/1.5 MB | 0.2/1.5 MB | 0.1/1.0 MB
Progress (5): 2.6/8.4 MB | 0.3/1.5 MB | 0.4/1.5 MB | 0.2/1.5 MB | 0.2/1.0 MB
Progress (5): 2.6/8.4 MB | 0.3/1.5 MB | 0.4/1.5 MB | 0.2/1.5 MB | 0.2/1.0 MB
Progress (5): 2.6/8.4 MB | 0.3/1.5 MB | 0.4/1.5 MB | 0.2/1.5 MB | 0.2/1.0 MB
Progress (5): 2.6/8.4 MB | 0.3/1.5 MB | 0.4/1.5 MB | 0.2/1.5 MB | 0.2/1.0 MB
Progress (5): 2.6/8.4 MB | 0.3/1.5 MB | 0.4/1.5 MB | 0.2/1.5 MB | 0.2/1.0 MB
Progress (5): 2.6/8.4 MB | 0.3/1.5 MB | 0.4/1.5 MB | 0.2/1.5 MB | 0.2/1.0 MB
Progress (5): 2.6/8.4 MB | 0.4/1.5 MB | 0.4/1.5 MB | 0.2/1.5 MB | 0.2/1.0 MB
Progress (5): 2.7/8.4 MB | 0.4/1.5 MB | 0.4/1.5 MB | 0.2/1.5 MB | 0.2/1.0 MB
Progress (5): 2.7/8.4 MB | 0.4/1.5 MB | 0.4/1.5 MB | 0.2/1.5 MB | 0.2/1.0 MB
Progress (5): 2.7/8.4 MB | 0.4/1.5 MB | 0.4/1.5 MB | 0.2/1.5 MB | 0.2/1.0 MB
Progress (5): 2.7/8.4 MB | 0.4/1.5 MB | 0.4/1.5 MB | 0.2/1.5 MB | 0.2/1.0 MB
Progress (5): 2.7/8.4 MB | 0.4/1.5 MB | 0.4/1.5 MB | 0.2/1.5 MB | 0.2/1.0 MB
Progress (5): 2.7/8.4 MB | 0.4/1.5 MB | 0.4/1.5 MB | 0.2/1.5 MB | 0.2/1.0 MB
Progress (5): 2.7/8.4 MB | 0.4/1.5 MB | 0.4/1.5 MB | 0.2/1.5 MB | 0.2/1.0 MB
Progress (5): 2.7/8.4 MB | 0.4/1.5 MB | 0.4/1.5 MB | 0.2/1.5 MB | 0.2/1.0 MB
Progress (5): 2.7/8.4 MB | 0.4/1.5 MB | 0.4/1.5 MB | 0.2/1.5 MB | 0.2/1.0 MB
Progress (5): 2.7/8.4 MB | 0.4/1.5 MB | 0.4/1.5 MB | 0.2/1.5 MB | 0.2/1.0 MB
Progress (5): 2.7/8.4 MB | 0.4/1.5 MB | 0.4/1.5 MB | 0.2/1.5 MB | 0.2/1.0 MB
Progress (5): 2.7/8.4 MB | 0.4/1.5 MB | 0.4/1.5 MB | 0.2/1.5 MB | 0.2/1.0 MB
Progress (5): 2.7/8.4 MB | 0.4/1.5 MB | 0.4/1.5 MB | 0.2/1.5 MB | 0.2/1.0 MB
Progress (5): 2.8/8.4 MB | 0.4/1.5 MB | 0.4/1.5 MB | 0.2/1.5 MB | 0.2/1.0 MB
Progress (5): 2.8/8.4 MB | 0.4/1.5 MB | 0.4/1.5 MB | 0.2/1.5 MB | 0.2/1.0 MB
Progress (5): 2.8/8.4 MB | 0.4/1.5 MB | 0.4/1.5 MB | 0.2/1.5 MB | 0.2/1.0 MB
Progress (5): 2.8/8.4 MB | 0.4/1.5 MB | 0.4/1.5 MB | 0.2/1.5 MB | 0.2/1.0 MB
Progress (5): 2.8/8.4 MB | 0.4/1.5 MB | 0.4/1.5 MB | 0.2/1.5 MB | 0.2/1.0 MB
Progress (5): 2.8/8.4 MB | 0.4/1.5 MB | 0.4/1.5 MB | 0.2/1.5 MB | 0.2/1.0 MB
Progress (5): 2.8/8.4 MB | 0.4/1.5 MB | 0.4/1.5 MB | 0.2/1.5 MB | 0.2/1.0 MB
Progress (5): 2.8/8.4 MB | 0.4/1.5 MB | 0.4/1.5 MB | 0.2/1.5 MB | 0.2/1.0 MB
Progress (5): 2.8/8.4 MB | 0.4/1.5 MB | 0.4/1.5 MB | 0.2/1.5 MB | 0.2/1.0 MB
Progress (5): 2.8/8.4 MB | 0.4/1.5 MB | 0.4/1.5 MB | 0.2/1.5 MB | 0.2/1.0 MB
Progress (5): 2.8/8.4 MB | 0.4/1.5 MB | 0.4/1.5 MB | 0.3/1.5 MB | 0.2/1.0 MB
Progress (5): 2.8/8.4 MB | 0.4/1.5 MB | 0.4/1.5 MB | 0.3/1.5 MB | 0.2/1.0 MB
Progress (5): 2.8/8.4 MB | 0.4/1.5 MB | 0.4/1.5 MB | 0.3/1.5 MB | 0.2/1.0 MB
Progress (5): 2.8/8.4 MB | 0.4/1.5 MB | 0.4/1.5 MB | 0.3/1.5 MB | 0.2/1.0 MB
Progress (5): 2.8/8.4 MB | 0.4/1.5 MB | 0.4/1.5 MB | 0.3/1.5 MB | 0.2/1.0 MB
Progress (5): 2.8/8.4 MB | 0.4/1.5 MB | 0.4/1.5 MB | 0.3/1.5 MB | 0.2/1.0 MB
Progress (5): 2.8/8.4 MB | 0.4/1.5 MB | 0.4/1.5 MB | 0.3/1.5 MB | 0.2/1.0 MB
Progress (5): 2.8/8.4 MB | 0.4/1.5 MB | 0.4/1.5 MB | 0.3/1.5 MB | 0.2/1.0 MB
Progress (5): 2.8/8.4 MB | 0.4/1.5 MB | 0.4/1.5 MB | 0.3/1.5 MB | 0.2/1.0 MB
Progress (5): 2.8/8.4 MB | 0.4/1.5 MB | 0.4/1.5 MB | 0.3/1.5 MB | 0.2/1.0 MB
Progress (5): 2.8/8.4 MB | 0.4/1.5 MB | 0.4/1.5 MB | 0.3/1.5 MB | 0.2/1.0 MB
Progress (5): 2.8/8.4 MB | 0.4/1.5 MB | 0.4/1.5 MB | 0.3/1.5 MB | 0.2/1.0 MB
Progress (5): 2.9/8.4 MB | 0.4/1.5 MB | 0.4/1.5 MB | 0.3/1.5 MB | 0.2/1.0 MB
Progress (5): 2.9/8.4 MB | 0.4/1.5 MB | 0.5/1.5 MB | 0.3/1.5 MB | 0.2/1.0 MB
Progress (5): 2.9/8.4 MB | 0.4/1.5 MB | 0.5/1.5 MB | 0.3/1.5 MB | 0.2/1.0 MB
Progress (5): 2.9/8.4 MB | 0.4/1.5 MB | 0.5/1.5 MB | 0.3/1.5 MB | 0.2/1.0 MB
Progress (5): 2.9/8.4 MB | 0.4/1.5 MB | 0.5/1.5 MB | 0.3/1.5 MB | 0.2/1.0 MB
Progress (5): 2.9/8.4 MB | 0.4/1.5 MB | 0.5/1.5 MB | 0.3/1.5 MB | 0.2/1.0 MB
Progress (5): 2.9/8.4 MB | 0.4/1.5 MB | 0.5/1.5 MB | 0.3/1.5 MB | 0.2/1.0 MB
Progress (5): 2.9/8.4 MB | 0.4/1.5 MB | 0.5/1.5 MB | 0.3/1.5 MB | 0.2/1.0 MB
Progress (5): 2.9/8.4 MB | 0.4/1.5 MB | 0.5/1.5 MB | 0.3/1.5 MB | 0.2/1.0 MB
Progress (5): 2.9/8.4 MB | 0.4/1.5 MB | 0.5/1.5 MB | 0.3/1.5 MB | 0.2/1.0 MB
Progress (5): 2.9/8.4 MB | 0.4/1.5 MB | 0.5/1.5 MB | 0.3/1.5 MB | 0.2/1.0 MB
Progress (5): 2.9/8.4 MB | 0.4/1.5 MB | 0.5/1.5 MB | 0.3/1.5 MB | 0.2/1.0 MB
Progress (5): 2.9/8.4 MB | 0.4/1.5 MB | 0.5/1.5 MB | 0.3/1.5 MB | 0.2/1.0 MB
Progress (5): 2.9/8.4 MB | 0.4/1.5 MB | 0.5/1.5 MB | 0.3/1.5 MB | 0.2/1.0 MB
Progress (5): 2.9/8.4 MB | 0.4/1.5 MB | 0.5/1.5 MB | 0.3/1.5 MB | 0.2/1.0 MB
Progress (5): 2.9/8.4 MB | 0.4/1.5 MB | 0.5/1.5 MB | 0.3/1.5 MB | 0.2/1.0 MB
Progress (5): 2.9/8.4 MB | 0.4/1.5 MB | 0.5/1.5 MB | 0.3/1.5 MB | 0.3/1.0 MB
Progress (5): 2.9/8.4 MB | 0.4/1.5 MB | 0.5/1.5 MB | 0.3/1.5 MB | 0.3/1.0 MB
Progress (5): 2.9/8.4 MB | 0.4/1.5 MB | 0.5/1.5 MB | 0.3/1.5 MB | 0.3/1.0 MB
Progress (5): 2.9/8.4 MB | 0.4/1.5 MB | 0.5/1.5 MB | 0.3/1.5 MB | 0.3/1.0 MB
Progress (5): 2.9/8.4 MB | 0.4/1.5 MB | 0.5/1.5 MB | 0.3/1.5 MB | 0.3/1.0 MB
Progress (5): 2.9/8.4 MB | 0.5/1.5 MB | 0.5/1.5 MB | 0.3/1.5 MB | 0.3/1.0 MB
Progress (5): 2.9/8.4 MB | 0.5/1.5 MB | 0.5/1.5 MB | 0.3/1.5 MB | 0.3/1.0 MB
Progress (5): 3.0/8.4 MB | 0.5/1.5 MB | 0.5/1.5 MB | 0.3/1.5 MB | 0.3/1.0 MB
Progress (5): 3.0/8.4 MB | 0.5/1.5 MB | 0.5/1.5 MB | 0.3/1.5 MB | 0.3/1.0 MB
Progress (5): 3.0/8.4 MB | 0.5/1.5 MB | 0.5/1.5 MB | 0.3/1.5 MB | 0.3/1.0 MB
Progress (5): 3.0/8.4 MB | 0.5/1.5 MB | 0.5/1.5 MB | 0.3/1.5 MB | 0.3/1.0 MB
Progress (5): 3.0/8.4 MB | 0.5/1.5 MB | 0.5/1.5 MB | 0.3/1.5 MB | 0.4/1.0 MB
Progress (5): 3.0/8.4 MB | 0.5/1.5 MB | 0.5/1.5 MB | 0.3/1.5 MB | 0.4/1.0 MB
Progress (5): 3.0/8.4 MB | 0.5/1.5 MB | 0.5/1.5 MB | 0.3/1.5 MB | 0.4/1.0 MB
Progress (5): 3.0/8.4 MB | 0.5/1.5 MB | 0.5/1.5 MB | 0.3/1.5 MB | 0.4/1.0 MB
Progress (5): 3.0/8.4 MB | 0.5/1.5 MB | 0.5/1.5 MB | 0.3/1.5 MB | 0.4/1.0 MB
Progress (5): 3.0/8.4 MB | 0.5/1.5 MB | 0.5/1.5 MB | 0.3/1.5 MB | 0.4/1.0 MB
Progress (5): 3.0/8.4 MB | 0.5/1.5 MB | 0.5/1.5 MB | 0.3/1.5 MB | 0.4/1.0 MB
Progress (5): 3.0/8.4 MB | 0.5/1.5 MB | 0.5/1.5 MB | 0.3/1.5 MB | 0.4/1.0 MB
Progress (5): 3.0/8.4 MB | 0.5/1.5 MB | 0.5/1.5 MB | 0.3/1.5 MB | 0.4/1.0 MB
Progress (5): 3.0/8.4 MB | 0.5/1.5 MB | 0.5/1.5 MB | 0.3/1.5 MB | 0.4/1.0 MB
Progress (5): 3.0/8.4 MB | 0.5/1.5 MB | 0.5/1.5 MB | 0.3/1.5 MB | 0.4/1.0 MB
Progress (5): 3.0/8.4 MB | 0.5/1.5 MB | 0.5/1.5 MB | 0.3/1.5 MB | 0.4/1.0 MB
Progress (5): 3.0/8.4 MB | 0.5/1.5 MB | 0.5/1.5 MB | 0.3/1.5 MB | 0.4/1.0 MB
Progress (5): 3.0/8.4 MB | 0.5/1.5 MB | 0.5/1.5 MB | 0.3/1.5 MB | 0.4/1.0 MB
Progress (5): 3.1/8.4 MB | 0.5/1.5 MB | 0.5/1.5 MB | 0.3/1.5 MB | 0.4/1.0 MB
Progress (5): 3.1/8.4 MB | 0.5/1.5 MB | 0.5/1.5 MB | 0.3/1.5 MB | 0.5/1.0 MB
Progress (5): 3.1/8.4 MB | 0.5/1.5 MB | 0.5/1.5 MB | 0.3/1.5 MB | 0.5/1.0 MB
Progress (5): 3.1/8.4 MB | 0.5/1.5 MB | 0.5/1.5 MB | 0.3/1.5 MB | 0.5/1.0 MB
Progress (5): 3.1/8.4 MB | 0.5/1.5 MB | 0.5/1.5 MB | 0.3/1.5 MB | 0.5/1.0 MB
Progress (5): 3.1/8.4 MB | 0.6/1.5 MB | 0.5/1.5 MB | 0.3/1.5 MB | 0.5/1.0 MB
Progress (5): 3.1/8.4 MB | 0.6/1.5 MB | 0.5/1.5 MB | 0.3/1.5 MB | 0.5/1.0 MB
Progress (5): 3.1/8.4 MB | 0.6/1.5 MB | 0.5/1.5 MB | 0.3/1.5 MB | 0.5/1.0 MB
Progress (5): 3.1/8.4 MB | 0.6/1.5 MB | 0.5/1.5 MB | 0.3/1.5 MB | 0.5/1.0 MB
Progress (5): 3.1/8.4 MB | 0.6/1.5 MB | 0.5/1.5 MB | 0.3/1.5 MB | 0.5/1.0 MB
Progress (5): 3.1/8.4 MB | 0.6/1.5 MB | 0.5/1.5 MB | 0.3/1.5 MB | 0.5/1.0 MB
Progress (5): 3.1/8.4 MB | 0.6/1.5 MB | 0.5/1.5 MB | 0.3/1.5 MB | 0.5/1.0 MB
Progress (5): 3.1/8.4 MB | 0.6/1.5 MB | 0.5/1.5 MB | 0.3/1.5 MB | 0.5/1.0 MB
Progress (5): 3.1/8.4 MB | 0.6/1.5 MB | 0.5/1.5 MB | 0.3/1.5 MB | 0.5/1.0 MB
Progress (5): 3.1/8.4 MB | 0.6/1.5 MB | 0.5/1.5 MB | 0.3/1.5 MB | 0.5/1.0 MB
Progress (5): 3.1/8.4 MB | 0.6/1.5 MB | 0.5/1.5 MB | 0.3/1.5 MB | 0.5/1.0 MB
Progress (5): 3.1/8.4 MB | 0.6/1.5 MB | 0.5/1.5 MB | 0.3/1.5 MB | 0.5/1.0 MB
Progress (5): 3.1/8.4 MB | 0.6/1.5 MB | 0.5/1.5 MB | 0.3/1.5 MB | 0.5/1.0 MB
Progress (5): 3.1/8.4 MB | 0.6/1.5 MB | 0.6/1.5 MB | 0.3/1.5 MB | 0.5/1.0 MB
Progress (5): 3.1/8.4 MB | 0.6/1.5 MB | 0.6/1.5 MB | 0.3/1.5 MB | 0.5/1.0 MB
Progress (5): 3.2/8.4 MB | 0.6/1.5 MB | 0.6/1.5 MB | 0.3/1.5 MB | 0.5/1.0 MB
Progress (5): 3.2/8.4 MB | 0.6/1.5 MB | 0.6/1.5 MB | 0.3/1.5 MB | 0.5/1.0 MB
Progress (5): 3.2/8.4 MB | 0.6/1.5 MB | 0.6/1.5 MB | 0.3/1.5 MB | 0.5/1.0 MB
Progress (5): 3.2/8.4 MB | 0.6/1.5 MB | 0.6/1.5 MB | 0.3/1.5 MB | 0.5/1.0 MB
Progress (5): 3.2/8.4 MB | 0.6/1.5 MB | 0.6/1.5 MB | 0.3/1.5 MB | 0.5/1.0 MB
Progress (5): 3.2/8.4 MB | 0.6/1.5 MB | 0.6/1.5 MB | 0.3/1.5 MB | 0.5/1.0 MB
Progress (5): 3.2/8.4 MB | 0.6/1.5 MB | 0.6/1.5 MB | 0.3/1.5 MB | 0.5/1.0 MB
Progress (5): 3.2/8.4 MB | 0.7/1.5 MB | 0.6/1.5 MB | 0.3/1.5 MB | 0.5/1.0 MB
Progress (5): 3.2/8.4 MB | 0.7/1.5 MB | 0.6/1.5 MB | 0.3/1.5 MB | 0.5/1.0 MB
Progress (5): 3.2/8.4 MB | 0.7/1.5 MB | 0.6/1.5 MB | 0.3/1.5 MB | 0.5/1.0 MB
Progress (5): 3.2/8.4 MB | 0.7/1.5 MB | 0.6/1.5 MB | 0.3/1.5 MB | 0.5/1.0 MB
Progress (5): 3.2/8.4 MB | 0.7/1.5 MB | 0.6/1.5 MB | 0.3/1.5 MB | 0.5/1.0 MB
Progress (5): 3.2/8.4 MB | 0.7/1.5 MB | 0.7/1.5 MB | 0.3/1.5 MB | 0.5/1.0 MB
Progress (5): 3.2/8.4 MB | 0.7/1.5 MB | 0.7/1.5 MB | 0.3/1.5 MB | 0.5/1.0 MB
Progress (5): 3.2/8.4 MB | 0.7/1.5 MB | 0.7/1.5 MB | 0.3/1.5 MB | 0.5/1.0 MB
Progress (5): 3.2/8.4 MB | 0.7/1.5 MB | 0.7/1.5 MB | 0.3/1.5 MB | 0.5/1.0 MB
Progress (5): 3.2/8.4 MB | 0.7/1.5 MB | 0.7/1.5 MB | 0.3/1.5 MB | 0.5/1.0 MB
Progress (5): 3.2/8.4 MB | 0.7/1.5 MB | 0.7/1.5 MB | 0.3/1.5 MB | 0.5/1.0 MB
Progress (5): 3.2/8.4 MB | 0.7/1.5 MB | 0.7/1.5 MB | 0.4/1.5 MB | 0.5/1.0 MB
Progress (5): 3.2/8.4 MB | 0.7/1.5 MB | 0.7/1.5 MB | 0.4/1.5 MB | 0.5/1.0 MB
Progress (5): 3.2/8.4 MB | 0.7/1.5 MB | 0.7/1.5 MB | 0.4/1.5 MB | 0.5/1.0 MB
Progress (5): 3.2/8.4 MB | 0.7/1.5 MB | 0.7/1.5 MB | 0.4/1.5 MB | 0.5/1.0 MB
Progress (5): 3.2/8.4 MB | 0.7/1.5 MB | 0.7/1.5 MB | 0.4/1.5 MB | 0.5/1.0 MB
Progress (5): 3.2/8.4 MB | 0.7/1.5 MB | 0.7/1.5 MB | 0.4/1.5 MB | 0.5/1.0 MB
Progress (5): 3.2/8.4 MB | 0.7/1.5 MB | 0.7/1.5 MB | 0.4/1.5 MB | 0.5/1.0 MB
Progress (5): 3.2/8.4 MB | 0.7/1.5 MB | 0.8/1.5 MB | 0.4/1.5 MB | 0.5/1.0 MB
Progress (5): 3.2/8.4 MB | 0.7/1.5 MB | 0.8/1.5 MB | 0.4/1.5 MB | 0.5/1.0 MB
Progress (5): 3.2/8.4 MB | 0.7/1.5 MB | 0.8/1.5 MB | 0.4/1.5 MB | 0.5/1.0 MB
Progress (5): 3.2/8.4 MB | 0.7/1.5 MB | 0.8/1.5 MB | 0.4/1.5 MB | 0.5/1.0 MB
Progress (5): 3.2/8.4 MB | 0.7/1.5 MB | 0.8/1.5 MB | 0.4/1.5 MB | 0.5/1.0 MB
Progress (5): 3.2/8.4 MB | 0.7/1.5 MB | 0.8/1.5 MB | 0.4/1.5 MB | 0.5/1.0 MB
Progress (5): 3.2/8.4 MB | 0.7/1.5 MB | 0.8/1.5 MB | 0.4/1.5 MB | 0.5/1.0 MB
Progress (5): 3.2/8.4 MB | 0.7/1.5 MB | 0.8/1.5 MB | 0.4/1.5 MB | 0.5/1.0 MB
Progress (5): 3.2/8.4 MB | 0.7/1.5 MB | 0.8/1.5 MB | 0.5/1.5 MB | 0.5/1.0 MB
Progress (5): 3.2/8.4 MB | 0.7/1.5 MB | 0.8/1.5 MB | 0.5/1.5 MB | 0.5/1.0 MB
Progress (5): 3.2/8.4 MB | 0.7/1.5 MB | 0.8/1.5 MB | 0.5/1.5 MB | 0.5/1.0 MB
Progress (5): 3.2/8.4 MB | 0.7/1.5 MB | 0.8/1.5 MB | 0.5/1.5 MB | 0.5/1.0 MB
Progress (5): 3.2/8.4 MB | 0.7/1.5 MB | 0.8/1.5 MB | 0.5/1.5 MB | 0.5/1.0 MB
Progress (5): 3.2/8.4 MB | 0.7/1.5 MB | 0.8/1.5 MB | 0.5/1.5 MB | 0.5/1.0 MB
Progress (5): 3.2/8.4 MB | 0.7/1.5 MB | 0.8/1.5 MB | 0.5/1.5 MB | 0.5/1.0 MB
Progress (5): 3.2/8.4 MB | 0.7/1.5 MB | 0.8/1.5 MB | 0.5/1.5 MB | 0.5/1.0 MB
Progress (5): 3.2/8.4 MB | 0.7/1.5 MB | 0.8/1.5 MB | 0.5/1.5 MB | 0.5/1.0 MB
Progress (5): 3.2/8.4 MB | 0.7/1.5 MB | 0.8/1.5 MB | 0.5/1.5 MB | 0.5/1.0 MB
Progress (5): 3.2/8.4 MB | 0.7/1.5 MB | 0.8/1.5 MB | 0.5/1.5 MB | 0.5/1.0 MB
Progress (5): 3.2/8.4 MB | 0.7/1.5 MB | 0.8/1.5 MB | 0.5/1.5 MB | 0.5/1.0 MB
Progress (5): 3.2/8.4 MB | 0.7/1.5 MB | 0.8/1.5 MB | 0.5/1.5 MB | 0.5/1.0 MB
Progress (5): 3.2/8.4 MB | 0.8/1.5 MB | 0.8/1.5 MB | 0.5/1.5 MB | 0.5/1.0 MB
Progress (5): 3.2/8.4 MB | 0.8/1.5 MB | 0.8/1.5 MB | 0.5/1.5 MB | 0.5/1.0 MB
Progress (5): 3.2/8.4 MB | 0.8/1.5 MB | 0.9/1.5 MB | 0.5/1.5 MB | 0.5/1.0 MB
Progress (5): 3.2/8.4 MB | 0.8/1.5 MB | 0.9/1.5 MB | 0.5/1.5 MB | 0.6/1.0 MB
Progress (5): 3.2/8.4 MB | 0.8/1.5 MB | 0.9/1.5 MB | 0.5/1.5 MB | 0.6/1.0 MB
Progress (5): 3.2/8.4 MB | 0.8/1.5 MB | 0.9/1.5 MB | 0.5/1.5 MB | 0.6/1.0 MB
Progress (5): 3.2/8.4 MB | 0.8/1.5 MB | 0.9/1.5 MB | 0.5/1.5 MB | 0.6/1.0 MB
Progress (5): 3.2/8.4 MB | 0.8/1.5 MB | 0.9/1.5 MB | 0.5/1.5 MB | 0.6/1.0 MB
Progress (5): 3.2/8.4 MB | 0.8/1.5 MB | 0.9/1.5 MB | 0.5/1.5 MB | 0.6/1.0 MB
Progress (5): 3.2/8.4 MB | 0.8/1.5 MB | 0.9/1.5 MB | 0.6/1.5 MB | 0.6/1.0 MB
Progress (5): 3.2/8.4 MB | 0.8/1.5 MB | 0.9/1.5 MB | 0.6/1.5 MB | 0.6/1.0 MB
Progress (5): 3.2/8.4 MB | 0.8/1.5 MB | 0.9/1.5 MB | 0.6/1.5 MB | 0.6/1.0 MB
Progress (5): 3.2/8.4 MB | 0.8/1.5 MB | 0.9/1.5 MB | 0.6/1.5 MB | 0.6/1.0 MB
Progress (5): 3.2/8.4 MB | 0.8/1.5 MB | 0.9/1.5 MB | 0.6/1.5 MB | 0.6/1.0 MB
Progress (5): 3.2/8.4 MB | 0.8/1.5 MB | 0.9/1.5 MB | 0.6/1.5 MB | 0.6/1.0 MB
Progress (5): 3.2/8.4 MB | 0.8/1.5 MB | 0.9/1.5 MB | 0.6/1.5 MB | 0.6/1.0 MB
Progress (5): 3.2/8.4 MB | 0.8/1.5 MB | 0.9/1.5 MB | 0.6/1.5 MB | 0.6/1.0 MB
Progress (5): 3.2/8.4 MB | 0.8/1.5 MB | 0.9/1.5 MB | 0.6/1.5 MB | 0.6/1.0 MB
Progress (5): 3.2/8.4 MB | 0.8/1.5 MB | 0.9/1.5 MB | 0.6/1.5 MB | 0.6/1.0 MB
Progress (5): 3.2/8.4 MB | 0.8/1.5 MB | 0.9/1.5 MB | 0.6/1.5 MB | 0.6/1.0 MB
Progress (5): 3.2/8.4 MB | 0.8/1.5 MB | 0.9/1.5 MB | 0.6/1.5 MB | 0.6/1.0 MB
Progress (5): 3.2/8.4 MB | 0.8/1.5 MB | 1.0/1.5 MB | 0.6/1.5 MB | 0.6/1.0 MB
Progress (5): 3.2/8.4 MB | 0.8/1.5 MB | 1.0/1.5 MB | 0.6/1.5 MB | 0.6/1.0 MB
Progress (5): 3.2/8.4 MB | 0.8/1.5 MB | 1.0/1.5 MB | 0.6/1.5 MB | 0.6/1.0 MB
Progress (5): 3.2/8.4 MB | 0.8/1.5 MB | 1.0/1.5 MB | 0.6/1.5 MB | 0.6/1.0 MB
Progress (5): 3.2/8.4 MB | 0.8/1.5 MB | 1.0/1.5 MB | 0.6/1.5 MB | 0.6/1.0 MB
Progress (5): 3.2/8.4 MB | 0.8/1.5 MB | 1.0/1.5 MB | 0.6/1.5 MB | 0.6/1.0 MB
Progress (5): 3.2/8.4 MB | 0.8/1.5 MB | 1.0/1.5 MB | 0.6/1.5 MB | 0.6/1.0 MB
Progress (5): 3.2/8.4 MB | 0.8/1.5 MB | 1.0/1.5 MB | 0.6/1.5 MB | 0.6/1.0 MB
Progress (5): 3.2/8.4 MB | 0.8/1.5 MB | 1.0/1.5 MB | 0.7/1.5 MB | 0.6/1.0 MB
Progress (5): 3.2/8.4 MB | 0.8/1.5 MB | 1.0/1.5 MB | 0.7/1.5 MB | 0.7/1.0 MB
Progress (5): 3.2/8.4 MB | 0.8/1.5 MB | 1.0/1.5 MB | 0.7/1.5 MB | 0.7/1.0 MB
Progress (5): 3.2/8.4 MB | 0.9/1.5 MB | 1.0/1.5 MB | 0.7/1.5 MB | 0.7/1.0 MB
Progress (5): 3.2/8.4 MB | 0.9/1.5 MB | 1.0/1.5 MB | 0.7/1.5 MB | 0.7/1.0 MB
Progress (5): 3.2/8.4 MB | 0.9/1.5 MB | 1.0/1.5 MB | 0.7/1.5 MB | 0.7/1.0 MB
Progress (5): 3.2/8.4 MB | 0.9/1.5 MB | 1.0/1.5 MB | 0.7/1.5 MB | 0.7/1.0 MB
Progress (5): 3.2/8.4 MB | 0.9/1.5 MB | 1.0/1.5 MB | 0.7/1.5 MB | 0.7/1.0 MB
Progress (5): 3.2/8.4 MB | 0.9/1.5 MB | 1.0/1.5 MB | 0.7/1.5 MB | 0.7/1.0 MB
Progress (5): 3.2/8.4 MB | 0.9/1.5 MB | 1.0/1.5 MB | 0.7/1.5 MB | 0.7/1.0 MB
Progress (5): 3.2/8.4 MB | 0.9/1.5 MB | 1.0/1.5 MB | 0.7/1.5 MB | 0.7/1.0 MB
Progress (5): 3.2/8.4 MB | 0.9/1.5 MB | 1.0/1.5 MB | 0.7/1.5 MB | 0.7/1.0 MB
Progress (5): 3.2/8.4 MB | 0.9/1.5 MB | 1.1/1.5 MB | 0.7/1.5 MB | 0.7/1.0 MB
Progress (5): 3.2/8.4 MB | 0.9/1.5 MB | 1.1/1.5 MB | 0.7/1.5 MB | 0.7/1.0 MB
Progress (5): 3.2/8.4 MB | 0.9/1.5 MB | 1.1/1.5 MB | 0.7/1.5 MB | 0.7/1.0 MB
Progress (5): 3.2/8.4 MB | 0.9/1.5 MB | 1.1/1.5 MB | 0.7/1.5 MB | 0.7/1.0 MB
Progress (5): 3.2/8.4 MB | 0.9/1.5 MB | 1.1/1.5 MB | 0.7/1.5 MB | 0.7/1.0 MB
Progress (5): 3.2/8.4 MB | 0.9/1.5 MB | 1.1/1.5 MB | 0.7/1.5 MB | 0.8/1.0 MB
Progress (5): 3.2/8.4 MB | 0.9/1.5 MB | 1.1/1.5 MB | 0.7/1.5 MB | 0.8/1.0 MB
Progress (5): 3.2/8.4 MB | 0.9/1.5 MB | 1.1/1.5 MB | 0.7/1.5 MB | 0.8/1.0 MB
Progress (5): 3.2/8.4 MB | 0.9/1.5 MB | 1.1/1.5 MB | 0.7/1.5 MB | 0.8/1.0 MB
Progress (5): 3.2/8.4 MB | 0.9/1.5 MB | 1.1/1.5 MB | 0.7/1.5 MB | 0.8/1.0 MB
Progress (5): 3.2/8.4 MB | 0.9/1.5 MB | 1.1/1.5 MB | 0.7/1.5 MB | 0.8/1.0 MB
Progress (5): 3.2/8.4 MB | 0.9/1.5 MB | 1.1/1.5 MB | 0.7/1.5 MB | 0.9/1.0 MB
Progress (5): 3.2/8.4 MB | 0.9/1.5 MB | 1.1/1.5 MB | 0.7/1.5 MB | 0.9/1.0 MB
Progress (5): 3.2/8.4 MB | 0.9/1.5 MB | 1.1/1.5 MB | 0.7/1.5 MB | 0.9/1.0 MB
Progress (5): 3.2/8.4 MB | 0.9/1.5 MB | 1.1/1.5 MB | 0.7/1.5 MB | 0.9/1.0 MB
Progress (5): 3.2/8.4 MB | 0.9/1.5 MB | 1.1/1.5 MB | 0.7/1.5 MB | 0.9/1.0 MB
Progress (5): 3.3/8.4 MB | 0.9/1.5 MB | 1.1/1.5 MB | 0.7/1.5 MB | 0.9/1.0 MB
Progress (5): 3.3/8.4 MB | 0.9/1.5 MB | 1.1/1.5 MB | 0.7/1.5 MB | 0.9/1.0 MB
Progress (5): 3.3/8.4 MB | 0.9/1.5 MB | 1.1/1.5 MB | 0.7/1.5 MB | 0.9/1.0 MB
Progress (5): 3.3/8.4 MB | 0.9/1.5 MB | 1.1/1.5 MB | 0.7/1.5 MB | 0.9/1.0 MB
Progress (5): 3.3/8.4 MB | 0.9/1.5 MB | 1.1/1.5 MB | 0.7/1.5 MB | 0.9/1.0 MB
Progress (5): 3.3/8.4 MB | 0.9/1.5 MB | 1.1/1.5 MB | 0.7/1.5 MB | 0.9/1.0 MB
Progress (5): 3.3/8.4 MB | 0.9/1.5 MB | 1.1/1.5 MB | 0.7/1.5 MB | 0.9/1.0 MB
Progress (5): 3.3/8.4 MB | 0.9/1.5 MB | 1.1/1.5 MB | 0.7/1.5 MB | 1.0/1.0 MB
Progress (5): 3.3/8.4 MB | 0.9/1.5 MB | 1.1/1.5 MB | 0.7/1.5 MB | 1.0/1.0 MB
Progress (5): 3.3/8.4 MB | 0.9/1.5 MB | 1.1/1.5 MB | 0.7/1.5 MB | 1.0/1.0 MB
Progress (5): 3.3/8.4 MB | 1.0/1.5 MB | 1.1/1.5 MB | 0.7/1.5 MB | 1.0/1.0 MB
Progress (5): 3.3/8.4 MB | 1.0/1.5 MB | 1.1/1.5 MB | 0.7/1.5 MB | 1.0/1.0 MB
Progress (5): 3.3/8.4 MB | 1.0/1.5 MB | 1.1/1.5 MB | 0.7/1.5 MB | 1.0/1.0 MB
Progress (5): 3.3/8.4 MB | 1.0/1.5 MB | 1.1/1.5 MB | 0.7/1.5 MB | 1.0/1.0 MB
Progress (5): 3.3/8.4 MB | 1.0/1.5 MB | 1.1/1.5 MB | 0.7/1.5 MB | 1.0/1.0 MB
Progress (5): 3.3/8.4 MB | 1.0/1.5 MB | 1.1/1.5 MB | 0.7/1.5 MB | 1.0/1.0 MB
Progress (5): 3.3/8.4 MB | 1.0/1.5 MB | 1.1/1.5 MB | 0.7/1.5 MB | 1.0/1.0 MB
Progress (5): 3.4/8.4 MB | 1.0/1.5 MB | 1.1/1.5 MB | 0.7/1.5 MB | 1.0/1.0 MB
Progress (5): 3.4/8.4 MB | 1.0/1.5 MB | 1.1/1.5 MB | 0.7/1.5 MB | 1.0/1.0 MB
Progress (5): 3.4/8.4 MB | 1.0/1.5 MB | 1.1/1.5 MB | 0.7/1.5 MB | 1.0/1.0 MB
Progress (5): 3.4/8.4 MB | 1.0/1.5 MB | 1.1/1.5 MB | 0.7/1.5 MB | 1.0/1.0 MB
Progress (5): 3.4/8.4 MB | 1.0/1.5 MB | 1.1/1.5 MB | 0.7/1.5 MB | 1.0 MB    
                                                                        
Downloaded from central: https://repo.maven.apache.org/maven2/org/seleniumhq/selenium/selenium-devtools-v85/4.20.0/selenium-devtools-v85-4.20.0.jar (1.0 MB at 4.6 MB/s)
Downloading from central: https://repo.maven.apache.org/maven2/org/seleniumhq/selenium/selenium-edge-driver/4.20.0/selenium-edge-driver-4.20.0.jar
Progress (4): 3.4/8.4 MB | 1.0/1.5 MB | 1.1/1.5 MB | 0.7/1.5 MB
Progress (4): 3.4/8.4 MB | 1.0/1.5 MB | 1.1/1.5 MB | 0.7/1.5 MB
Progress (4): 3.4/8.4 MB | 1.0/1.5 MB | 1.1/1.5 MB | 0.7/1.5 MB
Progress (4): 3.4/8.4 MB | 1.0/1.5 MB | 1.1/1.5 MB | 0.7/1.5 MB
Progress (4): 3.5/8.4 MB | 1.0/1.5 MB | 1.1/1.5 MB | 0.7/1.5 MB
Progress (4): 3.5/8.4 MB | 1.0/1.5 MB | 1.1/1.5 MB | 0.7/1.5 MB
Progress (4): 3.5/8.4 MB | 1.0/1.5 MB | 1.1/1.5 MB | 0.7/1.5 MB
Progress (4): 3.5/8.4 MB | 1.0/1.5 MB | 1.1/1.5 MB | 0.7/1.5 MB
Progress (4): 3.5/8.4 MB | 1.0/1.5 MB | 1.1/1.5 MB | 0.8/1.5 MB
Progress (4): 3.5/8.4 MB | 1.0/1.5 MB | 1.1/1.5 MB | 0.8/1.5 MB
Progress (4): 3.5/8.4 MB | 1.0/1.5 MB | 1.1/1.5 MB | 0.8/1.5 MB
Progress (4): 3.5/8.4 MB | 1.0/1.5 MB | 1.1/1.5 MB | 0.8/1.5 MB
Progress (4): 3.5/8.4 MB | 1.0/1.5 MB | 1.1/1.5 MB | 0.8/1.5 MB
Progress (4): 3.5/8.4 MB | 1.0/1.5 MB | 1.1/1.5 MB | 0.8/1.5 MB
Progress (4): 3.5/8.4 MB | 1.1/1.5 MB | 1.1/1.5 MB | 0.8/1.5 MB
Progress (4): 3.5/8.4 MB | 1.1/1.5 MB | 1.1/1.5 MB | 0.8/1.5 MB
Progress (4): 3.5/8.4 MB | 1.1/1.5 MB | 1.1/1.5 MB | 0.8/1.5 MB
Progress (4): 3.5/8.4 MB | 1.1/1.5 MB | 1.1/1.5 MB | 0.8/1.5 MB
Progress (4): 3.5/8.4 MB | 1.1/1.5 MB | 1.1/1.5 MB | 0.8/1.5 MB
Progress (4): 3.5/8.4 MB | 1.1/1.5 MB | 1.1/1.5 MB | 0.8/1.5 MB
Progress (4): 3.5/8.4 MB | 1.1/1.5 MB | 1.1/1.5 MB | 0.8/1.5 MB
Progress (4): 3.5/8.4 MB | 1.1/1.5 MB | 1.1/1.5 MB | 0.8/1.5 MB
Progress (4): 3.5/8.4 MB | 1.1/1.5 MB | 1.1/1.5 MB | 0.8/1.5 MB
Progress (4): 3.5/8.4 MB | 1.1/1.5 MB | 1.1/1.5 MB | 0.8/1.5 MB
Progress (4): 3.5/8.4 MB | 1.1/1.5 MB | 1.1/1.5 MB | 0.8/1.5 MB
Progress (4): 3.5/8.4 MB | 1.1/1.5 MB | 1.1/1.5 MB | 0.8/1.5 MB
Progress (4): 3.5/8.4 MB | 1.1/1.5 MB | 1.1/1.5 MB | 0.8/1.5 MB
Progress (4): 3.5/8.4 MB | 1.1/1.5 MB | 1.1/1.5 MB | 0.8/1.5 MB
Progress (4): 3.5/8.4 MB | 1.1/1.5 MB | 1.1/1.5 MB | 0.9/1.5 MB
Progress (4): 3.5/8.4 MB | 1.1/1.5 MB | 1.1/1.5 MB | 0.9/1.5 MB
Progress (4): 3.5/8.4 MB | 1.1/1.5 MB | 1.1/1.5 MB | 0.9/1.5 MB
Progress (4): 3.5/8.4 MB | 1.1/1.5 MB | 1.1/1.5 MB | 0.9/1.5 MB
Progress (4): 3.5/8.4 MB | 1.1/1.5 MB | 1.1/1.5 MB | 0.9/1.5 MB
Progress (4): 3.5/8.4 MB | 1.1/1.5 MB | 1.1/1.5 MB | 0.9/1.5 MB
Progress (4): 3.5/8.4 MB | 1.2/1.5 MB | 1.1/1.5 MB | 0.9/1.5 MB
Progress (4): 3.5/8.4 MB | 1.2/1.5 MB | 1.1/1.5 MB | 0.9/1.5 MB
Progress (4): 3.5/8.4 MB | 1.2/1.5 MB | 1.2/1.5 MB | 0.9/1.5 MB
Progress (4): 3.5/8.4 MB | 1.2/1.5 MB | 1.2/1.5 MB | 0.9/1.5 MB
Progress (4): 3.5/8.4 MB | 1.2/1.5 MB | 1.2/1.5 MB | 0.9/1.5 MB
Progress (4): 3.5/8.4 MB | 1.2/1.5 MB | 1.2/1.5 MB | 0.9/1.5 MB
Progress (4): 3.5/8.4 MB | 1.2/1.5 MB | 1.2/1.5 MB | 0.9/1.5 MB
Progress (4): 3.5/8.4 MB | 1.2/1.5 MB | 1.2/1.5 MB | 0.9/1.5 MB
Progress (4): 3.5/8.4 MB | 1.2/1.5 MB | 1.2/1.5 MB | 0.9/1.5 MB
Progress (4): 3.5/8.4 MB | 1.2/1.5 MB | 1.2/1.5 MB | 0.9/1.5 MB
Progress (4): 3.5/8.4 MB | 1.2/1.5 MB | 1.2/1.5 MB | 0.9/1.5 MB
Progress (4): 3.5/8.4 MB | 1.2/1.5 MB | 1.2/1.5 MB | 1.0/1.5 MB
Progress (4): 3.5/8.4 MB | 1.2/1.5 MB | 1.2/1.5 MB | 1.0/1.5 MB
Progress (4): 3.5/8.4 MB | 1.2/1.5 MB | 1.2/1.5 MB | 1.0/1.5 MB
Progress (4): 3.5/8.4 MB | 1.2/1.5 MB | 1.2/1.5 MB | 1.0/1.5 MB
Progress (4): 3.5/8.4 MB | 1.2/1.5 MB | 1.2/1.5 MB | 1.0/1.5 MB
Progress (4): 3.5/8.4 MB | 1.2/1.5 MB | 1.2/1.5 MB | 1.0/1.5 MB
Progress (4): 3.5/8.4 MB | 1.2/1.5 MB | 1.2/1.5 MB | 1.0/1.5 MB
Progress (4): 3.5/8.4 MB | 1.2/1.5 MB | 1.2/1.5 MB | 1.0/1.5 MB
Progress (4): 3.5/8.4 MB | 1.2/1.5 MB | 1.3/1.5 MB | 1.0/1.5 MB
Progress (4): 3.5/8.4 MB | 1.3/1.5 MB | 1.3/1.5 MB | 1.0/1.5 MB
Progress (4): 3.5/8.4 MB | 1.3/1.5 MB | 1.3/1.5 MB | 1.0/1.5 MB
Progress (4): 3.5/8.4 MB | 1.3/1.5 MB | 1.3/1.5 MB | 1.0/1.5 MB
Progress (4): 3.5/8.4 MB | 1.3/1.5 MB | 1.3/1.5 MB | 1.0/1.5 MB
Progress (4): 3.5/8.4 MB | 1.3/1.5 MB | 1.3/1.5 MB | 1.0/1.5 MB
Progress (4): 3.5/8.4 MB | 1.3/1.5 MB | 1.3/1.5 MB | 1.0/1.5 MB
Progress (4): 3.5/8.4 MB | 1.3/1.5 MB | 1.3/1.5 MB | 1.0/1.5 MB
Progress (4): 3.5/8.4 MB | 1.3/1.5 MB | 1.3/1.5 MB | 1.0/1.5 MB
Progress (4): 3.5/8.4 MB | 1.3/1.5 MB | 1.3/1.5 MB | 1.0/1.5 MB
Progress (4): 3.6/8.4 MB | 1.3/1.5 MB | 1.3/1.5 MB | 1.0/1.5 MB
Progress (4): 3.6/8.4 MB | 1.3/1.5 MB | 1.3/1.5 MB | 1.0/1.5 MB
Progress (4): 3.6/8.4 MB | 1.3/1.5 MB | 1.3/1.5 MB | 1.0/1.5 MB
Progress (4): 3.6/8.4 MB | 1.3/1.5 MB | 1.3/1.5 MB | 1.0/1.5 MB
Progress (4): 3.6/8.4 MB | 1.3/1.5 MB | 1.3/1.5 MB | 1.0/1.5 MB
Progress (4): 3.6/8.4 MB | 1.3/1.5 MB | 1.3/1.5 MB | 1.0/1.5 MB
Progress (4): 3.6/8.4 MB | 1.3/1.5 MB | 1.3/1.5 MB | 1.0/1.5 MB
Progress (4): 3.6/8.4 MB | 1.3/1.5 MB | 1.3/1.5 MB | 1.0/1.5 MB
Progress (4): 3.6/8.4 MB | 1.3/1.5 MB | 1.3/1.5 MB | 1.0/1.5 MB
Progress (4): 3.6/8.4 MB | 1.3/1.5 MB | 1.3/1.5 MB | 1.0/1.5 MB
Progress (4): 3.6/8.4 MB | 1.3/1.5 MB | 1.3/1.5 MB | 1.0/1.5 MB
Progress (4): 3.6/8.4 MB | 1.4/1.5 MB | 1.3/1.5 MB | 1.0/1.5 MB
Progress (4): 3.7/8.4 MB | 1.4/1.5 MB | 1.3/1.5 MB | 1.0/1.5 MB
Progress (4): 3.7/8.4 MB | 1.4/1.5 MB | 1.3/1.5 MB | 1.0/1.5 MB
Progress (4): 3.7/8.4 MB | 1.4/1.5 MB | 1.3/1.5 MB | 1.0/1.5 MB
Progress (4): 3.7/8.4 MB | 1.4/1.5 MB | 1.3/1.5 MB | 1.0/1.5 MB
Progress (4): 3.7/8.4 MB | 1.4/1.5 MB | 1.3/1.5 MB | 1.0/1.5 MB
Progress (4): 3.7/8.4 MB | 1.4/1.5 MB | 1.3/1.5 MB | 1.0/1.5 MB
Progress (4): 3.7/8.4 MB | 1.4/1.5 MB | 1.3/1.5 MB | 1.0/1.5 MB
Progress (4): 3.7/8.4 MB | 1.4/1.5 MB | 1.3/1.5 MB | 1.0/1.5 MB
Progress (4): 3.7/8.4 MB | 1.4/1.5 MB | 1.3/1.5 MB | 1.0/1.5 MB
Progress (4): 3.7/8.4 MB | 1.4/1.5 MB | 1.3/1.5 MB | 1.0/1.5 MB
Progress (4): 3.7/8.4 MB | 1.4/1.5 MB | 1.3/1.5 MB | 1.0/1.5 MB
Progress (4): 3.8/8.4 MB | 1.4/1.5 MB | 1.3/1.5 MB | 1.0/1.5 MB
Progress (4): 3.8/8.4 MB | 1.4/1.5 MB | 1.3/1.5 MB | 1.0/1.5 MB
Progress (4): 3.8/8.4 MB | 1.4/1.5 MB | 1.3/1.5 MB | 1.0/1.5 MB
Progress (4): 3.8/8.4 MB | 1.5/1.5 MB | 1.3/1.5 MB | 1.0/1.5 MB
Progress (4): 3.8/8.4 MB | 1.5/1.5 MB | 1.3/1.5 MB | 1.0/1.5 MB
Progress (4): 3.8/8.4 MB | 1.5/1.5 MB | 1.3/1.5 MB | 1.0/1.5 MB
Progress (4): 3.8/8.4 MB | 1.5/1.5 MB | 1.3/1.5 MB | 1.0/1.5 MB
Progress (4): 3.8/8.4 MB | 1.5 MB | 1.3/1.5 MB | 1.0/1.5 MB    
Progress (4): 3.8/8.4 MB | 1.5 MB | 1.3/1.5 MB | 1.0/1.5 MB
Progress (4): 3.8/8.4 MB | 1.5 MB | 1.3/1.5 MB | 1.0/1.5 MB
Progress (4): 3.8/8.4 MB | 1.5 MB | 1.3/1.5 MB | 1.0/1.5 MB
Progress (4): 3.8/8.4 MB | 1.5 MB | 1.3/1.5 MB | 1.0/1.5 MB
Progress (4): 3.8/8.4 MB | 1.5 MB | 1.3/1.5 MB | 1.0/1.5 MB
Progress (4): 3.8/8.4 MB | 1.5 MB | 1.4/1.5 MB | 1.0/1.5 MB
Progress (4): 3.8/8.4 MB | 1.5 MB | 1.4/1.5 MB | 1.0/1.5 MB
Progress (4): 3.8/8.4 MB | 1.5 MB | 1.4/1.5 MB | 1.0/1.5 MB
Progress (4): 3.8/8.4 MB | 1.5 MB | 1.4/1.5 MB | 1.0/1.5 MB
Progress (4): 3.8/8.4 MB | 1.5 MB | 1.4/1.5 MB | 1.0/1.5 MB
Progress (4): 3.8/8.4 MB | 1.5 MB | 1.4/1.5 MB | 1.0/1.5 MB
Progress (4): 3.8/8.4 MB | 1.5 MB | 1.4/1.5 MB | 1.0/1.5 MB
Progress (4): 3.8/8.4 MB | 1.5 MB | 1.5/1.5 MB | 1.0/1.5 MB
Progress (4): 3.8/8.4 MB | 1.5 MB | 1.5/1.5 MB | 1.1/1.5 MB
Progress (4): 3.8/8.4 MB | 1.5 MB | 1.5/1.5 MB | 1.1/1.5 MB
Progress (4): 3.8/8.4 MB | 1.5 MB | 1.5/1.5 MB | 1.1/1.5 MB
Progress (4): 3.8/8.4 MB | 1.5 MB | 1.5 MB | 1.1/1.5 MB    
Progress (4): 3.8/8.4 MB | 1.5 MB | 1.5 MB | 1.1/1.5 MB
Progress (4): 3.8/8.4 MB | 1.5 MB | 1.5 MB | 1.1/1.5 MB
                                                       
Downloaded from central: https://repo.maven.apache.org/maven2/org/seleniumhq/selenium/selenium-devtools-v122/4.20.0/selenium-devtools-v122-4.20.0.jar (1.5 MB at 6.3 MB/s)
Progress (3): 3.8/8.4 MB | 1.5 MB | 1.1/1.5 MB
                                              
Downloading from central: https://repo.maven.apache.org/maven2/org/seleniumhq/selenium/selenium-firefox-driver/4.20.0/selenium-firefox-driver-4.20.0.jar
Downloaded from central: https://repo.maven.apache.org/maven2/org/seleniumhq/selenium/selenium-devtools-v123/4.20.0/selenium-devtools-v123-4.20.0.jar (1.5 MB at 6.4 MB/s)
Downloading from central: https://repo.maven.apache.org/maven2/org/seleniumhq/selenium/selenium-http/4.20.0/selenium-http-4.20.0.jar
Progress (2): 3.8/8.4 MB | 1.1/1.5 MB
Progress (2): 3.8/8.4 MB | 1.2/1.5 MB
Progress (2): 3.8/8.4 MB | 1.2/1.5 MB
Progress (2): 3.8/8.4 MB | 1.2/1.5 MB
Progress (2): 3.8/8.4 MB | 1.2/1.5 MB
Progress (2): 3.8/8.4 MB | 1.2/1.5 MB
Progress (2): 3.8/8.4 MB | 1.2/1.5 MB
Progress (2): 3.8/8.4 MB | 1.3/1.5 MB
Progress (2): 3.8/8.4 MB | 1.3/1.5 MB
Progress (2): 3.8/8.4 MB | 1.3/1.5 MB
Progress (2): 3.8/8.4 MB | 1.3/1.5 MB
Progress (2): 3.8/8.4 MB | 1.3/1.5 MB
Progress (2): 3.8/8.4 MB | 1.3/1.5 MB
Progress (2): 3.8/8.4 MB | 1.4/1.5 MB
Progress (2): 3.8/8.4 MB | 1.4/1.5 MB
Progress (2): 3.8/8.4 MB | 1.4/1.5 MB
Progress (2): 3.8/8.4 MB | 1.4/1.5 MB
Progress (2): 3.8/8.4 MB | 1.4/1.5 MB
Progress (2): 3.8/8.4 MB | 1.4/1.5 MB
Progress (2): 3.8/8.4 MB | 1.5/1.5 MB
Progress (2): 3.9/8.4 MB | 1.5/1.5 MB
Progress (2): 3.9/8.4 MB | 1.5/1.5 MB
Progress (2): 3.9/8.4 MB | 1.5/1.5 MB
Progress (2): 3.9/8.4 MB | 1.5/1.5 MB
Progress (2): 3.9/8.4 MB | 1.5/1.5 MB
Progress (2): 3.9/8.4 MB | 1.5/1.5 MB
Progress (2): 3.9/8.4 MB | 1.5 MB    
Progress (2): 3.9/8.4 MB | 1.5 MB
Progress (2): 3.9/8.4 MB | 1.5 MB
Progress (2): 4.0/8.4 MB | 1.5 MB
                                 
Downloaded from central: https://repo.maven.apache.org/maven2/org/seleniumhq/selenium/selenium-devtools-v124/4.20.0/selenium-devtools-v124-4.20.0.jar (1.5 MB at 6.4 MB/s)
Downloading from central: https://repo.maven.apache.org/maven2/dev/failsafe/failsafe/3.3.2/failsafe-3.3.2.jar
Progress (1): 4.0/8.4 MB
Progress (1): 4.0/8.4 MB
Progress (1): 4.0/8.4 MB
Progress (1): 4.0/8.4 MB
Progress (1): 4.0/8.4 MB
Progress (1): 4.1/8.4 MB
Progress (1): 4.1/8.4 MB
Progress (1): 4.1/8.4 MB
Progress (1): 4.1/8.4 MB
Progress (1): 4.1/8.4 MB
Progress (1): 4.1/8.4 MB
Progress (1): 4.2/8.4 MB
Progress (1): 4.2/8.4 MB
Progress (1): 4.2/8.4 MB
Progress (1): 4.2/8.4 MB
Progress (1): 4.2/8.4 MB
Progress (1): 4.2/8.4 MB
Progress (1): 4.3/8.4 MB
Progress (1): 4.3/8.4 MB
Progress (1): 4.3/8.4 MB
Progress (1): 4.3/8.4 MB
Progress (1): 4.3/8.4 MB
Progress (1): 4.3/8.4 MB
Progress (1): 4.4/8.4 MB
Progress (1): 4.4/8.4 MB
Progress (1): 4.4/8.4 MB
Progress (1): 4.4/8.4 MB
Progress (1): 4.4/8.4 MB
Progress (1): 4.4/8.4 MB
Progress (1): 4.5/8.4 MB
Progress (1): 4.5/8.4 MB
Progress (1): 4.5/8.4 MB
Progress (1): 4.5/8.4 MB
Progress (1): 4.5/8.4 MB
Progress (1): 4.5/8.4 MB
Progress (1): 4.5/8.4 MB
Progress (1): 4.6/8.4 MB
Progress (1): 4.6/8.4 MB
Progress (1): 4.6/8.4 MB
Progress (1): 4.6/8.4 MB
Progress (1): 4.6/8.4 MB
Progress (1): 4.6/8.4 MB
Progress (1): 4.6/8.4 MB
Progress (1): 4.7/8.4 MB
Progress (1): 4.7/8.4 MB
Progress (1): 4.7/8.4 MB
Progress (1): 4.7/8.4 MB
Progress (1): 4.7/8.4 MB
Progress (1): 4.7/8.4 MB
Progress (1): 4.8/8.4 MB
Progress (1): 4.8/8.4 MB
Progress (1): 4.8/8.4 MB
Progress (1): 4.8/8.4 MB
Progress (1): 4.8/8.4 MB
Progress (1): 4.8/8.4 MB
Progress (1): 4.9/8.4 MB
Progress (1): 4.9/8.4 MB
Progress (1): 4.9/8.4 MB
Progress (1): 4.9/8.4 MB
Progress (1): 4.9/8.4 MB
Progress (1): 4.9/8.4 MB
Progress (1): 5.0/8.4 MB
Progress (2): 5.0/8.4 MB | 7.7/15 kB
Progress (2): 5.0/8.4 MB | 8.2/15 kB
Progress (2): 5.0/8.4 MB | 8.2/15 kB
Progress (2): 5.0/8.4 MB | 15 kB    
Progress (2): 5.0/8.4 MB | 15 kB
Progress (2): 5.0/8.4 MB | 15 kB
                                
Downloaded from central: https://repo.maven.apache.org/maven2/org/seleniumhq/selenium/selenium-edge-driver/4.20.0/selenium-edge-driver-4.20.0.jar (15 kB at 60 kB/s)
Progress (1): 5.0/8.4 MB
                        
Downloading from central: https://repo.maven.apache.org/maven2/org/seleniumhq/selenium/selenium-ie-driver/4.20.0/selenium-ie-driver-4.20.0.jar
Progress (1): 5.0/8.4 MB
Progress (1): 5.1/8.4 MB
Progress (1): 5.1/8.4 MB
Progress (1): 5.1/8.4 MB
Progress (1): 5.1/8.4 MB
Progress (1): 5.1/8.4 MB
Progress (1): 5.1/8.4 MB
Progress (1): 5.2/8.4 MB
Progress (1): 5.2/8.4 MB
Progress (1): 5.2/8.4 MB
Progress (1): 5.2/8.4 MB
Progress (1): 5.2/8.4 MB
Progress (1): 5.2/8.4 MB
Progress (1): 5.3/8.4 MB
Progress (1): 5.3/8.4 MB
Progress (1): 5.3/8.4 MB
Progress (1): 5.3/8.4 MB
Progress (1): 5.3/8.4 MB
Progress (1): 5.3/8.4 MB
Progress (1): 5.4/8.4 MB
Progress (1): 5.4/8.4 MB
Progress (1): 5.4/8.4 MB
Progress (1): 5.4/8.4 MB
Progress (1): 5.4/8.4 MB
Progress (1): 5.4/8.4 MB
Progress (1): 5.5/8.4 MB
Progress (1): 5.5/8.4 MB
Progress (1): 5.5/8.4 MB
Progress (1): 5.5/8.4 MB
Progress (1): 5.5/8.4 MB
Progress (1): 5.5/8.4 MB
Progress (1): 5.5/8.4 MB
Progress (1): 5.6/8.4 MB
Progress (1): 5.6/8.4 MB
Progress (1): 5.6/8.4 MB
Progress (2): 5.6/8.4 MB | 7.7/82 kB
Progress (2): 5.6/8.4 MB | 16/82 kB 
Progress (2): 5.6/8.4 MB | 16/82 kB
Progress (2): 5.6/8.4 MB | 24/82 kB
Progress (2): 5.6/8.4 MB | 24/82 kB
Progress (2): 5.6/8.4 MB | 40/82 kB
Progress (2): 5.6/8.4 MB | 40/82 kB
Progress (2): 5.7/8.4 MB | 40/82 kB
Progress (2): 5.7/8.4 MB | 57/82 kB
Progress (2): 5.7/8.4 MB | 57/82 kB
Progress (2): 5.7/8.4 MB | 73/82 kB
Progress (2): 5.7/8.4 MB | 82 kB   
Progress (2): 5.7/8.4 MB | 82 kB
Progress (2): 5.7/8.4 MB | 82 kB
Progress (2): 5.7/8.4 MB | 82 kB
                                
Downloaded from central: https://repo.maven.apache.org/maven2/org/seleniumhq/selenium/selenium-http/4.20.0/selenium-http-4.20.0.jar (82 kB at 315 kB/s)
Progress (1): 5.7/8.4 MB
                        
Downloading from central: https://repo.maven.apache.org/maven2/org/seleniumhq/selenium/selenium-remote-driver/4.20.0/selenium-remote-driver-4.20.0.jar
Progress (1): 5.8/8.4 MB
Progress (1): 5.8/8.4 MB
Progress (1): 5.8/8.4 MB
Progress (1): 5.8/8.4 MB
Progress (1): 5.8/8.4 MB
Progress (2): 5.8/8.4 MB | 7.7/83 kB
Progress (2): 5.8/8.4 MB | 8.2/83 kB
Progress (2): 5.8/8.4 MB | 8.2/83 kB
Progress (2): 5.9/8.4 MB | 8.2/83 kB
Progress (2): 5.9/8.4 MB | 25/83 kB 
Progress (2): 5.9/8.4 MB | 25/83 kB
Progress (2): 5.9/8.4 MB | 41/83 kB
Progress (2): 5.9/8.4 MB | 41/83 kB
Progress (2): 5.9/8.4 MB | 41/83 kB
Progress (2): 5.9/8.4 MB | 57/83 kB
Progress (2): 5.9/8.4 MB | 57/83 kB
Progress (2): 5.9/8.4 MB | 57/83 kB
Progress (2): 6.0/8.4 MB | 57/83 kB
Progress (2): 6.0/8.4 MB | 57/83 kB
Progress (2): 6.0/8.4 MB | 57/83 kB
Progress (2): 6.0/8.4 MB | 57/83 kB
Progress (2): 6.0/8.4 MB | 57/83 kB
Progress (2): 6.0/8.4 MB | 57/83 kB
Progress (2): 6.1/8.4 MB | 57/83 kB
Progress (2): 6.1/8.4 MB | 74/83 kB
Progress (2): 6.1/8.4 MB | 74/83 kB
Progress (2): 6.1/8.4 MB | 74/83 kB
Progress (2): 6.1/8.4 MB | 74/83 kB
Progress (2): 6.1/8.4 MB | 83 kB   
Progress (2): 6.1/8.4 MB | 83 kB
Progress (2): 6.1/8.4 MB | 83 kB
Progress (2): 6.1/8.4 MB | 83 kB
Progress (2): 6.2/8.4 MB | 83 kB
Progress (2): 6.2/8.4 MB | 83 kB
Progress (2): 6.2/8.4 MB | 83 kB
Progress (2): 6.2/8.4 MB | 83 kB
Progress (2): 6.2/8.4 MB | 83 kB
Progress (2): 6.2/8.4 MB | 83 kB
Progress (2): 6.3/8.4 MB | 83 kB
                                
Downloaded from central: https://repo.maven.apache.org/maven2/org/seleniumhq/selenium/selenium-firefox-driver/4.20.0/selenium-firefox-driver-4.20.0.jar (83 kB at 308 kB/s)
Downloading from central: https://repo.maven.apache.org/maven2/com/google/guava/guava/33.1.0-jre/guava-33.1.0-jre.jar
Progress (1): 6.3/8.4 MB
Progress (1): 6.3/8.4 MB
Progress (1): 6.3/8.4 MB
Progress (1): 6.3/8.4 MB
Progress (1): 6.3/8.4 MB
Progress (1): 6.4/8.4 MB
Progress (1): 6.4/8.4 MB
Progress (1): 6.4/8.4 MB
Progress (1): 6.4/8.4 MB
Progress (1): 6.4/8.4 MB
Progress (1): 6.4/8.4 MB
Progress (1): 6.5/8.4 MB
Progress (1): 6.5/8.4 MB
Progress (1): 6.5/8.4 MB
Progress (1): 6.5/8.4 MB
Progress (1): 6.5/8.4 MB
Progress (1): 6.5/8.4 MB
Progress (1): 6.5/8.4 MB
Progress (1): 6.6/8.4 MB
Progress (1): 6.6/8.4 MB
Progress (1): 6.6/8.4 MB
Progress (1): 6.6/8.4 MB
Progress (1): 6.6/8.4 MB
Progress (2): 6.6/8.4 MB | 7.7/144 kB
Progress (2): 6.6/8.4 MB | 7.7/144 kB
Progress (2): 6.6/8.4 MB | 7.7/144 kB
Progress (2): 6.7/8.4 MB | 7.7/144 kB
Progress (2): 6.7/8.4 MB | 24/144 kB 
Progress (2): 6.7/8.4 MB | 24/144 kB
Progress (2): 6.7/8.4 MB | 40/144 kB
Progress (2): 6.7/8.4 MB | 40/144 kB
Progress (2): 6.7/8.4 MB | 57/144 kB
Progress (2): 6.7/8.4 MB | 57/144 kB
Progress (2): 6.7/8.4 MB | 73/144 kB
Progress (2): 6.7/8.4 MB | 73/144 kB
Progress (2): 6.7/8.4 MB | 90/144 kB
Progress (2): 6.7/8.4 MB | 90/144 kB
Progress (2): 6.7/8.4 MB | 106/144 kB
Progress (2): 6.7/8.4 MB | 106/144 kB
Progress (2): 6.7/8.4 MB | 122/144 kB
Progress (2): 6.8/8.4 MB | 122/144 kB
Progress (2): 6.8/8.4 MB | 122/144 kB
Progress (2): 6.8/8.4 MB | 122/144 kB
Progress (2): 6.8/8.4 MB | 122/144 kB
Progress (2): 6.8/8.4 MB | 122/144 kB
Progress (2): 6.8/8.4 MB | 122/144 kB
Progress (2): 6.9/8.4 MB | 122/144 kB
Progress (2): 6.9/8.4 MB | 139/144 kB
Progress (2): 6.9/8.4 MB | 139/144 kB
Progress (2): 6.9/8.4 MB | 144 kB    
Progress (2): 6.9/8.4 MB | 144 kB
Progress (2): 6.9/8.4 MB | 144 kB
Progress (2): 6.9/8.4 MB | 144 kB
Progress (2): 6.9/8.4 MB | 144 kB
                                 
Downloaded from central: https://repo.maven.apache.org/maven2/dev/failsafe/failsafe/3.3.2/failsafe-3.3.2.jar (144 kB at 518 kB/s)
Progress (1): 7.0/8.4 MB
                        
Downloading from central: https://repo.maven.apache.org/maven2/com/google/guava/failureaccess/1.0.2/failureaccess-1.0.2.jar
Progress (1): 7.0/8.4 MB
Progress (1): 7.0/8.4 MB
Progress (1): 7.0/8.4 MB
Progress (1): 7.0/8.4 MB
Progress (1): 7.0/8.4 MB
Progress (1): 7.1/8.4 MB
Progress (1): 7.1/8.4 MB
Progress (1): 7.1/8.4 MB
Progress (1): 7.1/8.4 MB
Progress (1): 7.1/8.4 MB
Progress (1): 7.1/8.4 MB
Progress (1): 7.2/8.4 MB
Progress (1): 7.2/8.4 MB
Progress (1): 7.2/8.4 MB
Progress (1): 7.2/8.4 MB
Progress (1): 7.2/8.4 MB
Progress (1): 7.2/8.4 MB
Progress (1): 7.3/8.4 MB
Progress (1): 7.3/8.4 MB
Progress (1): 7.3/8.4 MB
Progress (1): 7.3/8.4 MB
Progress (1): 7.3/8.4 MB
Progress (1): 7.3/8.4 MB
Progress (1): 7.3/8.4 MB
Progress (1): 7.4/8.4 MB
Progress (1): 7.4/8.4 MB
Progress (1): 7.4/8.4 MB
Progress (1): 7.4/8.4 MB
Progress (1): 7.4/8.4 MB
Progress (1): 7.4/8.4 MB
Progress (1): 7.5/8.4 MB
Progress (1): 7.5/8.4 MB
Progress (1): 7.5/8.4 MB
Progress (1): 7.5/8.4 MB
Progress (1): 7.5/8.4 MB
Progress (1): 7.5/8.4 MB
Progress (1): 7.5/8.4 MB
Progress (1): 7.6/8.4 MB
Progress (1): 7.6/8.4 MB
Progress (1): 7.6/8.4 MB
Progress (1): 7.6/8.4 MB
Progress (1): 7.6/8.4 MB
Progress (1): 7.6/8.4 MB
Progress (1): 7.7/8.4 MB
Progress (1): 7.7/8.4 MB
Progress (1): 7.7/8.4 MB
Progress (1): 7.7/8.4 MB
Progress (1): 7.7/8.4 MB
Progress (1): 7.7/8.4 MB
Progress (1): 7.7/8.4 MB
Progress (1): 7.8/8.4 MB
Progress (1): 7.8/8.4 MB
Progress (1): 7.8/8.4 MB
Progress (1): 7.8/8.4 MB
Progress (1): 7.8/8.4 MB
Progress (1): 7.8/8.4 MB
Progress (1): 7.9/8.4 MB
Progress (1): 7.9/8.4 MB
Progress (1): 7.9/8.4 MB
Progress (1): 7.9/8.4 MB
Progress (1): 7.9/8.4 MB
Progress (1): 7.9/8.4 MB
Progress (1): 8.0/8.4 MB
Progress (1): 8.0/8.4 MB
Progress (1): 8.0/8.4 MB
Progress (1): 8.0/8.4 MB
Progress (1): 8.0/8.4 MB
Progress (1): 8.0/8.4 MB
Progress (1): 8.0/8.4 MB
Progress (1): 8.1/8.4 MB
Progress (1): 8.1/8.4 MB
Progress (2): 8.1/8.4 MB | 7.7/17 kB
Progress (2): 8.1/8.4 MB | 8.2/17 kB
Progress (2): 8.1/8.4 MB | 8.2/17 kB
Progress (2): 8.1/8.4 MB | 8.2/17 kB
Progress (2): 8.1/8.4 MB | 8.2/17 kB
Progress (2): 8.1/8.4 MB | 17 kB    
Progress (2): 8.1/8.4 MB | 17 kB
Progress (2): 8.2/8.4 MB | 17 kB
                                
Downloaded from central: https://repo.maven.apache.org/maven2/org/seleniumhq/selenium/selenium-ie-driver/4.20.0/selenium-ie-driver-4.20.0.jar (17 kB at 57 kB/s)
Downloading from central: https://repo.maven.apache.org/maven2/com/google/guava/listenablefuture/9999.0-empty-to-avoid-conflict-with-guava/listenablefuture-9999.0-empty-to-avoid-conflict-with-guava.jar
Progress (1): 8.2/8.4 MB
Progress (1): 8.2/8.4 MB
Progress (1): 8.2/8.4 MB
Progress (1): 8.2/8.4 MB
Progress (1): 8.2/8.4 MB
Progress (1): 8.3/8.4 MB
Progress (1): 8.3/8.4 MB
Progress (1): 8.3/8.4 MB
Progress (1): 8.3/8.4 MB
Progress (1): 8.3/8.4 MB
Progress (2): 8.3/8.4 MB | 7.7/522 kB
Progress (2): 8.3/8.4 MB | 7.7/522 kB
Progress (2): 8.3/8.4 MB | 16/522 kB 
Progress (2): 8.3/8.4 MB | 25/522 kB
Progress (2): 8.4/8.4 MB | 25/522 kB
Progress (2): 8.4/8.4 MB | 41/522 kB
Progress (2): 8.4/8.4 MB | 41/522 kB
Progress (2): 8.4/8.4 MB | 57/522 kB
Progress (2): 8.4/8.4 MB | 57/522 kB
Progress (2): 8.4/8.4 MB | 74/522 kB
Progress (2): 8.4/8.4 MB | 74/522 kB
Progress (2): 8.4/8.4 MB | 90/522 kB
Progress (2): 8.4/8.4 MB | 106/522 kB
Progress (2): 8.4/8.4 MB | 106/522 kB
Progress (2): 8.4/8.4 MB | 123/522 kB
Progress (2): 8.4/8.4 MB | 123/522 kB
Progress (2): 8.4/8.4 MB | 139/522 kB
Progress (2): 8.4 MB | 139/522 kB    
Progress (2): 8.4 MB | 156/522 kB
Progress (2): 8.4 MB | 172/522 kB
Progress (2): 8.4 MB | 188/522 kB
Progress (2): 8.4 MB | 197/522 kB
Progress (2): 8.4 MB | 213/522 kB
                                 
Downloaded from central: https://repo.maven.apache.org/maven2/org/seleniumhq/selenium/selenium-manager/4.20.0/selenium-manager-4.20.0.jar (8.4 MB at 28 MB/s)
Downloading from central: https://repo.maven.apache.org/maven2/com/google/code/findbugs/jsr305/3.0.2/jsr305-3.0.2.jar
Progress (1): 229/522 kB
Progress (1): 246/522 kB
Progress (1): 262/522 kB
Progress (1): 279/522 kB
Progress (2): 279/522 kB | 0/3.1 MB
Progress (2): 295/522 kB | 0/3.1 MB
Progress (2): 295/522 kB | 0/3.1 MB
Progress (2): 311/522 kB | 0/3.1 MB
Progress (2): 311/522 kB | 0/3.1 MB
Progress (2): 311/522 kB | 0/3.1 MB
Progress (2): 328/522 kB | 0/3.1 MB
Progress (2): 344/522 kB | 0/3.1 MB
Progress (2): 344/522 kB | 0.1/3.1 MB
Progress (2): 344/522 kB | 0.1/3.1 MB
Progress (2): 360/522 kB | 0.1/3.1 MB
Progress (2): 377/522 kB | 0.1/3.1 MB
Progress (2): 377/522 kB | 0.1/3.1 MB
Progress (2): 393/522 kB | 0.1/3.1 MB
Progress (2): 393/522 kB | 0.1/3.1 MB
Progress (2): 410/522 kB | 0.1/3.1 MB
Progress (2): 410/522 kB | 0.1/3.1 MB
Progress (2): 410/522 kB | 0.1/3.1 MB
Progress (2): 426/522 kB | 0.1/3.1 MB
Progress (2): 426/522 kB | 0.1/3.1 MB
Progress (2): 442/522 kB | 0.1/3.1 MB
Progress (2): 442/522 kB | 0.2/3.1 MB
Progress (2): 459/522 kB | 0.2/3.1 MB
Progress (2): 459/522 kB | 0.2/3.1 MB
Progress (2): 459/522 kB | 0.2/3.1 MB
Progress (2): 475/522 kB | 0.2/3.1 MB
Progress (2): 475/522 kB | 0.2/3.1 MB
Progress (2): 492/522 kB | 0.2/3.1 MB
Progress (2): 492/522 kB | 0.2/3.1 MB
Progress (2): 492/522 kB | 0.2/3.1 MB
Progress (2): 508/522 kB | 0.2/3.1 MB
Progress (2): 508/522 kB | 0.2/3.1 MB
Progress (2): 522 kB | 0.2/3.1 MB    
Progress (2): 522 kB | 0.3/3.1 MB
                                 
Downloaded from central: https://repo.maven.apache.org/maven2/org/seleniumhq/selenium/selenium-remote-driver/4.20.0/selenium-remote-driver-4.20.0.jar (522 kB at 1.7 MB/s)
Downloading from central: https://repo.maven.apache.org/maven2/org/checkerframework/checker-qual/3.42.0/checker-qual-3.42.0.jar
Progress (2): 0.3/3.1 MB | 4.7 kB
Progress (2): 0.3/3.1 MB | 4.7 kB
Progress (2): 0.3/3.1 MB | 4.7 kB
                                 
Downloaded from central: https://repo.maven.apache.org/maven2/com/google/guava/failureaccess/1.0.2/failureaccess-1.0.2.jar (4.7 kB at 15 kB/s)
Downloading from central: https://repo.maven.apache.org/maven2/com/google/errorprone/error_prone_annotations/2.26.1/error_prone_annotations-2.26.1.jar
Progress (1): 0.3/3.1 MB
Progress (1): 0.3/3.1 MB
Progress (1): 0.3/3.1 MB
Progress (1): 0.4/3.1 MB
Progress (1): 0.4/3.1 MB
Progress (1): 0.4/3.1 MB
Progress (1): 0.4/3.1 MB
Progress (1): 0.4/3.1 MB
Progress (1): 0.4/3.1 MB
Progress (1): 0.5/3.1 MB
Progress (1): 0.5/3.1 MB
Progress (1): 0.5/3.1 MB
Progress (1): 0.5/3.1 MB
Progress (1): 0.5/3.1 MB
Progress (1): 0.5/3.1 MB
Progress (1): 0.5/3.1 MB
Progress (1): 0.6/3.1 MB
Progress (1): 0.6/3.1 MB
Progress (1): 0.6/3.1 MB
Progress (1): 0.6/3.1 MB
Progress (1): 0.6/3.1 MB
Progress (1): 0.6/3.1 MB
Progress (1): 0.7/3.1 MB
Progress (1): 0.7/3.1 MB
Progress (1): 0.7/3.1 MB
Progress (1): 0.7/3.1 MB
Progress (1): 0.7/3.1 MB
Progress (1): 0.7/3.1 MB
Progress (1): 0.8/3.1 MB
Progress (1): 0.8/3.1 MB
Progress (1): 0.8/3.1 MB
Progress (1): 0.8/3.1 MB
Progress (1): 0.8/3.1 MB
Progress (1): 0.8/3.1 MB
Progress (1): 0.9/3.1 MB
Progress (1): 0.9/3.1 MB
Progress (1): 0.9/3.1 MB
Progress (1): 0.9/3.1 MB
Progress (1): 0.9/3.1 MB
Progress (1): 0.9/3.1 MB
Progress (1): 0.9/3.1 MB
Progress (1): 1.0/3.1 MB
Progress (1): 1.0/3.1 MB
Progress (1): 1.0/3.1 MB
Progress (1): 1.0/3.1 MB
Progress (1): 1.0/3.1 MB
Progress (1): 1.0/3.1 MB
Progress (1): 1.1/3.1 MB
Progress (1): 1.1/3.1 MB
Progress (1): 1.1/3.1 MB
Progress (1): 1.1/3.1 MB
Progress (1): 1.1/3.1 MB
Progress (2): 1.1/3.1 MB | 2.2 kB
Progress (2): 1.1/3.1 MB | 2.2 kB
Progress (2): 1.1/3.1 MB | 2.2 kB
                                 
Downloaded from central: https://repo.maven.apache.org/maven2/com/google/guava/listenablefuture/9999.0-empty-to-avoid-conflict-with-guava/listenablefuture-9999.0-empty-to-avoid-conflict-with-guava.jar (2.2 kB at 6.6 kB/s)
Downloading from central: https://repo.maven.apache.org/maven2/com/google/j2objc/j2objc-annotations/3.0.0/j2objc-annotations-3.0.0.jar
Progress (1): 1.2/3.1 MB
Progress (1): 1.2/3.1 MB
Progress (1): 1.2/3.1 MB
Progress (1): 1.2/3.1 MB
Progress (1): 1.2/3.1 MB
Progress (1): 1.2/3.1 MB
Progress (2): 1.2/3.1 MB | 7.7/20 kB
Progress (2): 1.2/3.1 MB | 16/20 kB 
Progress (2): 1.3/3.1 MB | 16/20 kB
Progress (2): 1.3/3.1 MB | 20 kB   
Progress (2): 1.3/3.1 MB | 20 kB
Progress (2): 1.3/3.1 MB | 20 kB
Progress (2): 1.3/3.1 MB | 20 kB
                                
Downloaded from central: https://repo.maven.apache.org/maven2/com/google/code/findbugs/jsr305/3.0.2/jsr305-3.0.2.jar (20 kB at 59 kB/s)
Progress (1): 1.3/3.1 MB
                        
Downloading from central: https://repo.maven.apache.org/maven2/io/opentelemetry/semconv/opentelemetry-semconv/1.25.0-alpha/opentelemetry-semconv-1.25.0-alpha.jar
Progress (1): 1.3/3.1 MB
Progress (1): 1.4/3.1 MB
Progress (2): 1.4/3.1 MB | 7.7/231 kB
Progress (2): 1.4/3.1 MB | 16/231 kB 
Progress (2): 1.4/3.1 MB | 16/231 kB
Progress (2): 1.4/3.1 MB | 16/231 kB
Progress (2): 1.4/3.1 MB | 32/231 kB
Progress (2): 1.4/3.1 MB | 32/231 kB
Progress (2): 1.4/3.1 MB | 49/231 kB
Progress (2): 1.4/3.1 MB | 49/231 kB
Progress (2): 1.4/3.1 MB | 57/231 kB
Progress (2): 1.4/3.1 MB | 57/231 kB
Progress (3): 1.4/3.1 MB | 57/231 kB | 7.7/19 kB
Progress (3): 1.4/3.1 MB | 57/231 kB | 16/19 kB 
Progress (3): 1.4/3.1 MB | 57/231 kB | 19 kB   
Progress (3): 1.4/3.1 MB | 73/231 kB | 19 kB
Progress (3): 1.4/3.1 MB | 90/231 kB | 19 kB
Progress (3): 1.5/3.1 MB | 90/231 kB | 19 kB
                                            
Downloaded from central: https://repo.maven.apache.org/maven2/com/google/errorprone/error_prone_annotations/2.26.1/error_prone_annotations-2.26.1.jar (19 kB at 56 kB/s)
Downloading from central: https://repo.maven.apache.org/maven2/io/opentelemetry/opentelemetry-api/1.37.0/opentelemetry-api-1.37.0.jar
Progress (2): 1.5/3.1 MB | 90/231 kB
Progress (2): 1.5/3.1 MB | 90/231 kB
Progress (2): 1.5/3.1 MB | 90/231 kB
Progress (2): 1.5/3.1 MB | 90/231 kB
Progress (2): 1.5/3.1 MB | 90/231 kB
Progress (2): 1.5/3.1 MB | 106/231 kB
Progress (2): 1.5/3.1 MB | 122/231 kB
Progress (2): 1.5/3.1 MB | 139/231 kB
Progress (2): 1.5/3.1 MB | 155/231 kB
Progress (2): 1.5/3.1 MB | 172/231 kB
Progress (2): 1.5/3.1 MB | 188/231 kB
Progress (2): 1.5/3.1 MB | 204/231 kB
Progress (2): 1.5/3.1 MB | 221/231 kB
Progress (2): 1.5/3.1 MB | 231 kB    
Progress (2): 1.6/3.1 MB | 231 kB
Progress (2): 1.6/3.1 MB | 231 kB
Progress (2): 1.6/3.1 MB | 231 kB
Progress (2): 1.6/3.1 MB | 231 kB
Progress (2): 1.6/3.1 MB | 231 kB
Progress (2): 1.6/3.1 MB | 231 kB
Progress (2): 1.7/3.1 MB | 231 kB
Progress (2): 1.7/3.1 MB | 231 kB
Progress (2): 1.7/3.1 MB | 231 kB
Progress (2): 1.7/3.1 MB | 231 kB
Progress (2): 1.7/3.1 MB | 231 kB
Progress (2): 1.7/3.1 MB | 231 kB
Progress (2): 1.7/3.1 MB | 231 kB
Progress (2): 1.8/3.1 MB | 231 kB
Progress (2): 1.8/3.1 MB | 231 kB
Progress (2): 1.8/3.1 MB | 231 kB
Progress (2): 1.8/3.1 MB | 231 kB
Progress (2): 1.8/3.1 MB | 231 kB
Progress (2): 1.8/3.1 MB | 231 kB
Progress (2): 1.9/3.1 MB | 231 kB
                                 
Downloaded from central: https://repo.maven.apache.org/maven2/org/checkerframework/checker-qual/3.42.0/checker-qual-3.42.0.jar (231 kB at 654 kB/s)
Progress (1): 1.9/3.1 MB
                        
Downloading from central: https://repo.maven.apache.org/maven2/io/opentelemetry/opentelemetry-context/1.37.0/opentelemetry-context-1.37.0.jar
Progress (1): 1.9/3.1 MB
Progress (1): 1.9/3.1 MB
Progress (1): 1.9/3.1 MB
Progress (1): 1.9/3.1 MB
Progress (1): 2.0/3.1 MB
Progress (1): 2.0/3.1 MB
Progress (1): 2.0/3.1 MB
Progress (1): 2.0/3.1 MB
Progress (1): 2.0/3.1 MB
Progress (1): 2.0/3.1 MB
Progress (1): 2.1/3.1 MB
Progress (1): 2.1/3.1 MB
Progress (1): 2.1/3.1 MB
Progress (1): 2.1/3.1 MB
Progress (1): 2.1/3.1 MB
Progress (1): 2.1/3.1 MB
Progress (1): 2.2/3.1 MB
Progress (1): 2.2/3.1 MB
Progress (1): 2.2/3.1 MB
Progress (1): 2.2/3.1 MB
Progress (1): 2.2/3.1 MB
Progress (1): 2.2/3.1 MB
Progress (1): 2.3/3.1 MB
Progress (1): 2.3/3.1 MB
Progress (1): 2.3/3.1 MB
Progress (1): 2.3/3.1 MB
Progress (1): 2.3/3.1 MB
Progress (1): 2.3/3.1 MB
Progress (1): 2.3/3.1 MB
Progress (1): 2.4/3.1 MB
Progress (1): 2.4/3.1 MB
Progress (1): 2.4/3.1 MB
Progress (1): 2.4/3.1 MB
Progress (1): 2.4/3.1 MB
Progress (1): 2.4/3.1 MB
Progress (1): 2.5/3.1 MB
Progress (1): 2.5/3.1 MB
Progress (1): 2.5/3.1 MB
Progress (1): 2.5/3.1 MB
Progress (1): 2.5/3.1 MB
Progress (1): 2.5/3.1 MB
Progress (1): 2.6/3.1 MB
Progress (1): 2.6/3.1 MB
Progress (1): 2.6/3.1 MB
Progress (1): 2.6/3.1 MB
Progress (1): 2.6/3.1 MB
Progress (1): 2.6/3.1 MB
Progress (1): 2.6/3.1 MB
Progress (1): 2.7/3.1 MB
Progress (1): 2.7/3.1 MB
Progress (1): 2.7/3.1 MB
Progress (1): 2.7/3.1 MB
Progress (1): 2.7/3.1 MB
Progress (1): 2.7/3.1 MB
Progress (1): 2.8/3.1 MB
Progress (1): 2.8/3.1 MB
Progress (1): 2.8/3.1 MB
Progress (1): 2.8/3.1 MB
Progress (1): 2.8/3.1 MB
Progress (1): 2.8/3.1 MB
Progress (1): 2.9/3.1 MB
Progress (1): 2.9/3.1 MB
Progress (1): 2.9/3.1 MB
Progress (1): 2.9/3.1 MB
Progress (1): 2.9/3.1 MB
Progress (1): 2.9/3.1 MB
Progress (1): 3.0/3.1 MB
Progress (1): 3.0/3.1 MB
Progress (1): 3.0/3.1 MB
Progress (1): 3.0/3.1 MB
Progress (1): 3.0/3.1 MB
Progress (1): 3.0/3.1 MB
Progress (1): 3.1 MB    
                    
Downloaded from central: https://repo.maven.apache.org/maven2/com/google/guava/guava/33.1.0-jre/guava-33.1.0-jre.jar (3.1 MB at 8.2 MB/s)
Downloading from central: https://repo.maven.apache.org/maven2/io/opentelemetry/opentelemetry-exporter-logging/1.37.0/opentelemetry-exporter-logging-1.37.0.jar
Progress (1): 7.7/75 kB
Progress (1): 16/75 kB 
Progress (2): 16/75 kB | 3.2/139 kB
Progress (2): 28/75 kB | 3.2/139 kB
Progress (2): 28/75 kB | 20/139 kB 
Progress (2): 28/75 kB | 36/139 kB
Progress (2): 44/75 kB | 36/139 kB
Progress (2): 44/75 kB | 52/139 kB
Progress (2): 44/75 kB | 69/139 kB
Progress (2): 61/75 kB | 69/139 kB
Progress (2): 61/75 kB | 85/139 kB
Progress (2): 75 kB | 85/139 kB   
Progress (2): 75 kB | 101/139 kB
                                
Downloaded from central: https://repo.maven.apache.org/maven2/io/opentelemetry/semconv/opentelemetry-semconv/1.25.0-alpha/opentelemetry-semconv-1.25.0-alpha.jar (75 kB at 197 kB/s)
Progress (1): 118/139 kB
                        
Downloading from central: https://repo.maven.apache.org/maven2/io/opentelemetry/opentelemetry-sdk-common/1.37.0/opentelemetry-sdk-common-1.37.0.jar
Progress (1): 134/139 kB
Progress (1): 139 kB    
                    
Downloaded from central: https://repo.maven.apache.org/maven2/io/opentelemetry/opentelemetry-api/1.37.0/opentelemetry-api-1.37.0.jar (139 kB at 366 kB/s)
Downloading from central: https://repo.maven.apache.org/maven2/io/opentelemetry/opentelemetry-sdk-extension-autoconfigure-spi/1.37.0/opentelemetry-sdk-extension-autoconfigure-spi-1.37.0.jar
Progress (1): 7.7/12 kB
Progress (1): 12 kB    
                   
Downloaded from central: https://repo.maven.apache.org/maven2/com/google/j2objc/j2objc-annotations/3.0.0/j2objc-annotations-3.0.0.jar (12 kB at 33 kB/s)
Downloading from central: https://repo.maven.apache.org/maven2/io/opentelemetry/opentelemetry-sdk-extension-autoconfigure/1.37.0/opentelemetry-sdk-extension-autoconfigure-1.37.0.jar
Progress (1): 3.2/47 kB
Progress (1): 20/47 kB 
Progress (1): 36/47 kB
Progress (1): 47 kB   
                   
Downloaded from central: https://repo.maven.apache.org/maven2/io/opentelemetry/opentelemetry-context/1.37.0/opentelemetry-context-1.37.0.jar (47 kB at 122 kB/s)
Downloading from central: https://repo.maven.apache.org/maven2/io/opentelemetry/opentelemetry-api-incubator/1.37.0-alpha/opentelemetry-api-incubator-1.37.0-alpha.jar
Progress (1): 7.7/13 kB
Progress (1): 13 kB    
                   
Downloaded from central: https://repo.maven.apache.org/maven2/io/opentelemetry/opentelemetry-exporter-logging/1.37.0/opentelemetry-exporter-logging-1.37.0.jar (13 kB at 33 kB/s)
Downloading from central: https://repo.maven.apache.org/maven2/io/opentelemetry/opentelemetry-sdk-trace/1.37.0/opentelemetry-sdk-trace-1.37.0.jar
Progress (1): 7.7/17 kB
Progress (1): 11/17 kB 
Progress (1): 17 kB   
                   
Downloaded from central: https://repo.maven.apache.org/maven2/io/opentelemetry/opentelemetry-sdk-extension-autoconfigure-spi/1.37.0/opentelemetry-sdk-extension-autoconfigure-spi-1.37.0.jar (17 kB at 43 kB/s)
Downloading from central: https://repo.maven.apache.org/maven2/io/opentelemetry/opentelemetry-sdk/1.37.0/opentelemetry-sdk-1.37.0.jar
Progress (1): 7.7/40 kB
Progress (1): 16/40 kB 
Progress (1): 25/40 kB
Progress (1): 40 kB   
                   
Downloaded from central: https://repo.maven.apache.org/maven2/io/opentelemetry/opentelemetry-api-incubator/1.37.0-alpha/opentelemetry-api-incubator-1.37.0-alpha.jar (40 kB at 96 kB/s)
Downloading from central: https://repo.maven.apache.org/maven2/io/opentelemetry/opentelemetry-sdk-metrics/1.37.0/opentelemetry-sdk-metrics-1.37.0.jar
Progress (1): 7.7/48 kB
Progress (1): 16/48 kB 
Progress (1): 24/48 kB
Progress (1): 40/48 kB
Progress (1): 48 kB   
                   
Downloaded from central: https://repo.maven.apache.org/maven2/io/opentelemetry/opentelemetry-sdk-common/1.37.0/opentelemetry-sdk-common-1.37.0.jar (48 kB at 115 kB/s)
Downloading from central: https://repo.maven.apache.org/maven2/io/opentelemetry/opentelemetry-sdk-logs/1.37.0/opentelemetry-sdk-logs-1.37.0.jar
Progress (1): 7.7/45 kB
Progress (1): 8.2/45 kB
Progress (1): 25/45 kB 
Progress (1): 41/45 kB
Progress (1): 45 kB   
                   
Downloaded from central: https://repo.maven.apache.org/maven2/io/opentelemetry/opentelemetry-sdk-extension-autoconfigure/1.37.0/opentelemetry-sdk-extension-autoconfigure-1.37.0.jar (45 kB at 108 kB/s)
Downloading from central: https://repo.maven.apache.org/maven2/net/bytebuddy/byte-buddy/1.14.14/byte-buddy-1.14.14.jar
Progress (1): 3.2/6.8 kB
Progress (2): 3.2/6.8 kB | 7.7/122 kB
Progress (2): 3.2/6.8 kB | 11/122 kB 
Progress (2): 6.8 kB | 11/122 kB    
Progress (2): 6.8 kB | 28/122 kB
Progress (2): 6.8 kB | 44/122 kB
                                
Downloaded from central: https://repo.maven.apache.org/maven2/io/opentelemetry/opentelemetry-sdk/1.37.0/opentelemetry-sdk-1.37.0.jar (6.8 kB at 15 kB/s)
Downloading from central: https://repo.maven.apache.org/maven2/org/seleniumhq/selenium/selenium-os/4.20.0/selenium-os-4.20.0.jar
Progress (1): 52/122 kB
Progress (1): 69/122 kB
Progress (1): 85/122 kB
Progress (2): 85/122 kB | 7.7/304 kB
Progress (2): 85/122 kB | 16/304 kB 
Progress (2): 85/122 kB | 24/304 kB
Progress (2): 85/122 kB | 40/304 kB
Progress (2): 85/122 kB | 57/304 kB
Progress (2): 101/122 kB | 57/304 kB
Progress (2): 110/122 kB | 57/304 kB
Progress (2): 110/122 kB | 73/304 kB
Progress (2): 122 kB | 73/304 kB    
Progress (2): 122 kB | 90/304 kB
Progress (2): 122 kB | 106/304 kB
Progress (2): 122 kB | 122/304 kB
                                 
Downloaded from central: https://repo.maven.apache.org/maven2/io/opentelemetry/opentelemetry-sdk-trace/1.37.0/opentelemetry-sdk-trace-1.37.0.jar (122 kB at 273 kB/s)
Downloading from central: https://repo.maven.apache.org/maven2/org/apache/commons/commons-exec/1.4.0/commons-exec-1.4.0.jar
Progress (1): 139/304 kB
Progress (1): 155/304 kB
Progress (1): 172/304 kB
Progress (1): 188/304 kB
Progress (1): 204/304 kB
Progress (1): 221/304 kB
Progress (1): 237/304 kB
Progress (1): 253/304 kB
Progress (1): 270/304 kB
Progress (1): 286/304 kB
Progress (1): 303/304 kB
Progress (1): 304 kB    
                    
Downloaded from central: https://repo.maven.apache.org/maven2/io/opentelemetry/opentelemetry-sdk-metrics/1.37.0/opentelemetry-sdk-metrics-1.37.0.jar (304 kB at 675 kB/s)
Downloading from central: https://repo.maven.apache.org/maven2/org/seleniumhq/selenium/selenium-safari-driver/4.20.0/selenium-safari-driver-4.20.0.jar
Progress (1): 7.7/50 kB
Progress (1): 16/50 kB 
Progress (1): 24/50 kB
Progress (1): 40/50 kB
Progress (1): 50 kB   
                   
Downloaded from central: https://repo.maven.apache.org/maven2/io/opentelemetry/opentelemetry-sdk-logs/1.37.0/opentelemetry-sdk-logs-1.37.0.jar (50 kB at 111 kB/s)
Downloading from central: https://repo.maven.apache.org/maven2/org/seleniumhq/selenium/selenium-support/4.20.0/selenium-support-4.20.0.jar
Progress (1): 0/4.2 MB
Progress (1): 0/4.2 MB
Progress (1): 0/4.2 MB
Progress (1): 0/4.2 MB
Progress (1): 0.1/4.2 MB
Progress (1): 0.1/4.2 MB
Progress (1): 0.1/4.2 MB
Progress (1): 0.1/4.2 MB
Progress (1): 0.1/4.2 MB
Progress (1): 0.1/4.2 MB
Progress (1): 0.2/4.2 MB
Progress (1): 0.2/4.2 MB
Progress (1): 0.2/4.2 MB
Progress (1): 0.2/4.2 MB
Progress (1): 0.2/4.2 MB
Progress (1): 0.2/4.2 MB
Progress (1): 0.3/4.2 MB
Progress (1): 0.3/4.2 MB
Progress (1): 0.3/4.2 MB
Progress (1): 0.3/4.2 MB
Progress (1): 0.3/4.2 MB
Progress (1): 0.3/4.2 MB
Progress (1): 0.3/4.2 MB
Progress (1): 0.4/4.2 MB
Progress (1): 0.4/4.2 MB
Progress (1): 0.4/4.2 MB
Progress (1): 0.4/4.2 MB
Progress (1): 0.4/4.2 MB
Progress (1): 0.4/4.2 MB
Progress (1): 0.5/4.2 MB
Progress (1): 0.5/4.2 MB
Progress (1): 0.5/4.2 MB
Progress (1): 0.5/4.2 MB
Progress (1): 0.5/4.2 MB
Progress (1): 0.5/4.2 MB
Progress (1): 0.6/4.2 MB
Progress (1): 0.6/4.2 MB
Progress (1): 0.6/4.2 MB
Progress (1): 0.6/4.2 MB
Progress (1): 0.6/4.2 MB
Progress (1): 0.6/4.2 MB
Progress (1): 0.7/4.2 MB
Progress (1): 0.7/4.2 MB
Progress (1): 0.7/4.2 MB
Progress (1): 0.7/4.2 MB
Progress (1): 0.7/4.2 MB
Progress (1): 0.7/4.2 MB
Progress (1): 0.7/4.2 MB
Progress (1): 0.8/4.2 MB
Progress (1): 0.8/4.2 MB
Progress (1): 0.8/4.2 MB
Progress (1): 0.8/4.2 MB
Progress (1): 0.8/4.2 MB
Progress (1): 0.8/4.2 MB
Progress (1): 0.8/4.2 MB
Progress (1): 0.9/4.2 MB
Progress (1): 0.9/4.2 MB
Progress (2): 0.9/4.2 MB | 3.2/29 kB
Progress (2): 0.9/4.2 MB | 20/29 kB 
Progress (2): 0.9/4.2 MB | 29 kB   
Progress (2): 0.9/4.2 MB | 29 kB
Progress (2): 0.9/4.2 MB | 29 kB
Progress (2): 0.9/4.2 MB | 29 kB
Progress (2): 0.9/4.2 MB | 29 kB
                                
Downloaded from central: https://repo.maven.apache.org/maven2/org/seleniumhq/selenium/selenium-os/4.20.0/selenium-os-4.20.0.jar (29 kB at 61 kB/s)
Progress (1): 0.9/4.2 MB
                        
Downloading from central: https://repo.maven.apache.org/maven2/org/testng/testng/7.10.2/testng-7.10.2.jar
Progress (1): 1.0/4.2 MB
Progress (1): 1.0/4.2 MB
Progress (1): 1.0/4.2 MB
Progress (1): 1.0/4.2 MB
Progress (2): 1.0/4.2 MB | 7.7/66 kB
Progress (2): 1.0/4.2 MB | 11/66 kB 
Progress (2): 1.0/4.2 MB | 11/66 kB
Progress (2): 1.0/4.2 MB | 11/66 kB
Progress (2): 1.0/4.2 MB | 28/66 kB
Progress (2): 1.0/4.2 MB | 28/66 kB
Progress (2): 1.0/4.2 MB | 44/66 kB
Progress (2): 1.1/4.2 MB | 44/66 kB
Progress (2): 1.1/4.2 MB | 61/66 kB
Progress (2): 1.1/4.2 MB | 61/66 kB
Progress (2): 1.1/4.2 MB | 66 kB   
Progress (2): 1.1/4.2 MB | 66 kB
Progress (2): 1.1/4.2 MB | 66 kB
                                
Downloaded from central: https://repo.maven.apache.org/maven2/org/apache/commons/commons-exec/1.4.0/commons-exec-1.4.0.jar (66 kB at 137 kB/s)
Progress (1): 1.1/4.2 MB
Progress (1): 1.1/4.2 MB
Progress (1): 1.2/4.2 MB
Progress (1): 1.2/4.2 MB
Progress (1): 1.2/4.2 MB
                        
Downloading from central: https://repo.maven.apache.org/maven2/org/slf4j/slf4j-api/1.7.36/slf4j-api-1.7.36.jar
Progress (1): 1.2/4.2 MB
Progress (1): 1.2/4.2 MB
Progress (2): 1.2/4.2 MB | 3.2/27 kB
Progress (2): 1.2/4.2 MB | 3.2/27 kB
Progress (2): 1.2/4.2 MB | 20/27 kB 
Progress (2): 1.2/4.2 MB | 27 kB   
Progress (2): 1.2/4.2 MB | 27 kB
                                
Downloaded from central: https://repo.maven.apache.org/maven2/org/seleniumhq/selenium/selenium-safari-driver/4.20.0/selenium-safari-driver-4.20.0.jar (27 kB at 56 kB/s)
Downloading from central: https://repo.maven.apache.org/maven2/com/beust/jcommander/1.82/jcommander-1.82.jar
Progress (1): 1.2/4.2 MB
Progress (1): 1.3/4.2 MB
Progress (1): 1.3/4.2 MB
Progress (1): 1.3/4.2 MB
Progress (1): 1.3/4.2 MB
Progress (1): 1.3/4.2 MB
Progress (1): 1.3/4.2 MB
Progress (1): 1.3/4.2 MB
Progress (1): 1.4/4.2 MB
Progress (1): 1.4/4.2 MB
Progress (1): 1.4/4.2 MB
Progress (1): 1.4/4.2 MB
Progress (1): 1.4/4.2 MB
Progress (1): 1.4/4.2 MB
Progress (1): 1.4/4.2 MB
Progress (1): 1.5/4.2 MB
Progress (1): 1.5/4.2 MB
Progress (1): 1.5/4.2 MB
Progress (1): 1.5/4.2 MB
Progress (1): 1.5/4.2 MB
Progress (1): 1.5/4.2 MB
Progress (1): 1.6/4.2 MB
Progress (1): 1.6/4.2 MB
Progress (1): 1.6/4.2 MB
Progress (1): 1.6/4.2 MB
Progress (1): 1.6/4.2 MB
Progress (1): 1.6/4.2 MB
Progress (1): 1.6/4.2 MB
Progress (1): 1.7/4.2 MB
Progress (2): 1.7/4.2 MB | 7.7/174 kB
Progress (2): 1.7/4.2 MB | 7.7/174 kB
Progress (2): 1.7/4.2 MB | 16/174 kB 
Progress (2): 1.7/4.2 MB | 16/174 kB
Progress (2): 1.7/4.2 MB | 28/174 kB
Progress (2): 1.7/4.2 MB | 28/174 kB
Progress (2): 1.7/4.2 MB | 44/174 kB
Progress (2): 1.7/4.2 MB | 44/174 kB
Progress (2): 1.7/4.2 MB | 60/174 kB
Progress (2): 1.7/4.2 MB | 60/174 kB
Progress (2): 1.7/4.2 MB | 77/174 kB
Progress (2): 1.8/4.2 MB | 77/174 kB
Progress (2): 1.8/4.2 MB | 93/174 kB
Progress (2): 1.8/4.2 MB | 93/174 kB
Progress (2): 1.8/4.2 MB | 93/174 kB
Progress (2): 1.8/4.2 MB | 93/174 kB
Progress (2): 1.8/4.2 MB | 110/174 kB
Progress (2): 1.8/4.2 MB | 110/174 kB
Progress (2): 1.8/4.2 MB | 110/174 kB
Progress (2): 1.8/4.2 MB | 110/174 kB
Progress (2): 1.9/4.2 MB | 110/174 kB
Progress (2): 1.9/4.2 MB | 126/174 kB
Progress (2): 1.9/4.2 MB | 126/174 kB
Progress (2): 1.9/4.2 MB | 126/174 kB
Progress (2): 1.9/4.2 MB | 126/174 kB
Progress (2): 1.9/4.2 MB | 142/174 kB
Progress (2): 1.9/4.2 MB | 142/174 kB
Progress (2): 1.9/4.2 MB | 142/174 kB
Progress (2): 2.0/4.2 MB | 142/174 kB
Progress (2): 2.0/4.2 MB | 159/174 kB
Progress (2): 2.0/4.2 MB | 159/174 kB
Progress (2): 2.0/4.2 MB | 159/174 kB
Progress (2): 2.0/4.2 MB | 174 kB    
Progress (2): 2.0/4.2 MB | 174 kB
Progress (2): 2.0/4.2 MB | 174 kB
Progress (2): 2.0/4.2 MB | 174 kB
Progress (2): 2.1/4.2 MB | 174 kB
Progress (2): 2.1/4.2 MB | 174 kB
Progress (2): 2.1/4.2 MB | 174 kB
                                 
Downloaded from central: https://repo.maven.apache.org/maven2/org/seleniumhq/selenium/selenium-support/4.20.0/selenium-support-4.20.0.jar (174 kB at 350 kB/s)
Downloading from central: https://repo.maven.apache.org/maven2/org/webjars/jquery/3.7.1/jquery-3.7.1.jar
Progress (1): 2.1/4.2 MB
Progress (1): 2.1/4.2 MB
Progress (1): 2.1/4.2 MB
Progress (1): 2.1/4.2 MB
Progress (1): 2.2/4.2 MB
Progress (1): 2.2/4.2 MB
Progress (1): 2.2/4.2 MB
Progress (1): 2.2/4.2 MB
Progress (1): 2.2/4.2 MB
Progress (1): 2.2/4.2 MB
Progress (1): 2.3/4.2 MB
Progress (1): 2.3/4.2 MB
Progress (1): 2.3/4.2 MB
Progress (1): 2.3/4.2 MB
Progress (1): 2.3/4.2 MB
Progress (1): 2.3/4.2 MB
Progress (1): 2.4/4.2 MB
Progress (1): 2.4/4.2 MB
Progress (1): 2.4/4.2 MB
Progress (1): 2.4/4.2 MB
Progress (1): 2.4/4.2 MB
Progress (1): 2.4/4.2 MB
Progress (1): 2.5/4.2 MB
Progress (1): 2.5/4.2 MB
Progress (1): 2.5/4.2 MB
Progress (1): 2.5/4.2 MB
Progress (1): 2.5/4.2 MB
Progress (1): 2.5/4.2 MB
Progress (1): 2.6/4.2 MB
Progress (1): 2.6/4.2 MB
Progress (1): 2.6/4.2 MB
Progress (1): 2.6/4.2 MB
Progress (1): 2.6/4.2 MB
Progress (1): 2.6/4.2 MB
Progress (1): 2.7/4.2 MB
Progress (1): 2.7/4.2 MB
Progress (1): 2.7/4.2 MB
Progress (1): 2.7/4.2 MB
Progress (1): 2.7/4.2 MB
Progress (1): 2.7/4.2 MB
Progress (1): 2.8/4.2 MB
Progress (1): 2.8/4.2 MB
Progress (1): 2.8/4.2 MB
Progress (1): 2.8/4.2 MB
Progress (1): 2.8/4.2 MB
Progress (1): 2.8/4.2 MB
Progress (1): 2.9/4.2 MB
Progress (1): 2.9/4.2 MB
Progress (1): 2.9/4.2 MB
Progress (1): 2.9/4.2 MB
Progress (1): 2.9/4.2 MB
Progress (1): 2.9/4.2 MB
Progress (1): 3.0/4.2 MB
Progress (1): 3.0/4.2 MB
Progress (1): 3.0/4.2 MB
Progress (1): 3.0/4.2 MB
Progress (1): 3.0/4.2 MB
Progress (1): 3.0/4.2 MB
Progress (1): 3.0/4.2 MB
Progress (2): 3.0/4.2 MB | 7.7/988 kB
Progress (2): 3.1/4.2 MB | 7.7/988 kB
Progress (2): 3.1/4.2 MB | 16/988 kB 
Progress (2): 3.1/4.2 MB | 16/988 kB
Progress (2): 3.1/4.2 MB | 24/988 kB
Progress (2): 3.1/4.2 MB | 24/988 kB
Progress (2): 3.1/4.2 MB | 40/988 kB
Progress (2): 3.1/4.2 MB | 40/988 kB
Progress (2): 3.1/4.2 MB | 40/988 kB
Progress (2): 3.1/4.2 MB | 57/988 kB
Progress (2): 3.1/4.2 MB | 57/988 kB
Progress (2): 3.1/4.2 MB | 73/988 kB
Progress (2): 3.2/4.2 MB | 73/988 kB
Progress (2): 3.2/4.2 MB | 90/988 kB
Progress (2): 3.2/4.2 MB | 90/988 kB
Progress (2): 3.2/4.2 MB | 106/988 kB
Progress (2): 3.2/4.2 MB | 122/988 kB
Progress (2): 3.2/4.2 MB | 122/988 kB
Progress (2): 3.2/4.2 MB | 139/988 kB
Progress (2): 3.2/4.2 MB | 139/988 kB
Progress (2): 3.2/4.2 MB | 155/988 kB
Progress (2): 3.2/4.2 MB | 155/988 kB
Progress (2): 3.2/4.2 MB | 172/988 kB
Progress (2): 3.2/4.2 MB | 172/988 kB
Progress (2): 3.2/4.2 MB | 188/988 kB
Progress (2): 3.2/4.2 MB | 188/988 kB
Progress (2): 3.2/4.2 MB | 204/988 kB
Progress (2): 3.3/4.2 MB | 204/988 kB
Progress (2): 3.3/4.2 MB | 213/988 kB
Progress (2): 3.3/4.2 MB | 213/988 kB
Progress (2): 3.3/4.2 MB | 229/988 kB
Progress (2): 3.3/4.2 MB | 229/988 kB
Progress (2): 3.3/4.2 MB | 246/988 kB
Progress (2): 3.3/4.2 MB | 246/988 kB
Progress (2): 3.3/4.2 MB | 262/988 kB
Progress (2): 3.3/4.2 MB | 262/988 kB
Progress (2): 3.3/4.2 MB | 279/988 kB
Progress (2): 3.3/4.2 MB | 279/988 kB
Progress (2): 3.4/4.2 MB | 279/988 kB
Progress (2): 3.4/4.2 MB | 279/988 kB
Progress (2): 3.4/4.2 MB | 295/988 kB
Progress (2): 3.4/4.2 MB | 295/988 kB
Progress (2): 3.4/4.2 MB | 295/988 kB
Progress (2): 3.4/4.2 MB | 295/988 kB
Progress (3): 3.4/4.2 MB | 295/988 kB | 7.7/88 kB
Progress (3): 3.4/4.2 MB | 295/988 kB | 16/88 kB 
Progress (3): 3.4/4.2 MB | 295/988 kB | 16/88 kB
Progress (3): 3.4/4.2 MB | 295/988 kB | 24/88 kB
Progress (3): 3.4/4.2 MB | 295/988 kB | 33/88 kB
Progress (4): 3.4/4.2 MB | 295/988 kB | 33/88 kB | 7.7/41 kB
Progress (4): 3.4/4.2 MB | 295/988 kB | 33/88 kB | 16/41 kB 
Progress (4): 3.4/4.2 MB | 295/988 kB | 33/88 kB | 25/41 kB
Progress (4): 3.4/4.2 MB | 295/988 kB | 49/88 kB | 25/41 kB
Progress (4): 3.5/4.2 MB | 295/988 kB | 49/88 kB | 25/41 kB
Progress (4): 3.5/4.2 MB | 295/988 kB | 49/88 kB | 41/41 kB
Progress (4): 3.5/4.2 MB | 295/988 kB | 49/88 kB | 41 kB   
Progress (4): 3.5/4.2 MB | 295/988 kB | 66/88 kB | 41 kB
Progress (4): 3.5/4.2 MB | 295/988 kB | 66/88 kB | 41 kB
Progress (4): 3.5/4.2 MB | 295/988 kB | 82/88 kB | 41 kB
Progress (4): 3.5/4.2 MB | 295/988 kB | 82/88 kB | 41 kB
Progress (4): 3.5/4.2 MB | 295/988 kB | 88 kB | 41 kB   
Progress (4): 3.5/4.2 MB | 295/988 kB | 88 kB | 41 kB
                                                     
Downloaded from central: https://repo.maven.apache.org/maven2/org/slf4j/slf4j-api/1.7.36/slf4j-api-1.7.36.jar (41 kB at 79 kB/s)
Downloading from central: https://repo.maven.apache.org/maven2/io/cucumber/cucumber-java/7.15.0/cucumber-java-7.15.0.jar
Progress (3): 3.5/4.2 MB | 295/988 kB | 88 kB
                                             
Downloaded from central: https://repo.maven.apache.org/maven2/com/beust/jcommander/1.82/jcommander-1.82.jar (88 kB at 170 kB/s)
Progress (2): 3.5/4.2 MB | 295/988 kB
                                     
Downloading from central: https://repo.maven.apache.org/maven2/io/cucumber/cucumber-core/7.15.0/cucumber-core-7.15.0.jar
Progress (2): 3.6/4.2 MB | 295/988 kB
Progress (2): 3.6/4.2 MB | 311/988 kB
Progress (2): 3.6/4.2 MB | 311/988 kB
Progress (2): 3.6/4.2 MB | 311/988 kB
Progress (2): 3.6/4.2 MB | 311/988 kB
Progress (2): 3.6/4.2 MB | 311/988 kB
Progress (2): 3.6/4.2 MB | 328/988 kB
Progress (2): 3.6/4.2 MB | 328/988 kB
Progress (2): 3.7/4.2 MB | 328/988 kB
Progress (2): 3.7/4.2 MB | 328/988 kB
Progress (2): 3.7/4.2 MB | 328/988 kB
Progress (2): 3.7/4.2 MB | 344/988 kB
Progress (2): 3.7/4.2 MB | 344/988 kB
Progress (2): 3.7/4.2 MB | 344/988 kB
Progress (2): 3.7/4.2 MB | 344/988 kB
Progress (2): 3.7/4.2 MB | 360/988 kB
Progress (2): 3.8/4.2 MB | 360/988 kB
Progress (2): 3.8/4.2 MB | 377/988 kB
Progress (2): 3.8/4.2 MB | 377/988 kB
Progress (2): 3.8/4.2 MB | 393/988 kB
Progress (2): 3.8/4.2 MB | 393/988 kB
Progress (2): 3.8/4.2 MB | 410/988 kB
Progress (2): 3.8/4.2 MB | 410/988 kB
Progress (2): 3.8/4.2 MB | 426/988 kB
Progress (2): 3.8/4.2 MB | 426/988 kB
Progress (2): 3.8/4.2 MB | 442/988 kB
Progress (2): 3.8/4.2 MB | 442/988 kB
Progress (2): 3.8/4.2 MB | 459/988 kB
Progress (2): 3.9/4.2 MB | 459/988 kB
Progress (2): 3.9/4.2 MB | 459/988 kB
Progress (2): 3.9/4.2 MB | 475/988 kB
Progress (2): 3.9/4.2 MB | 475/988 kB
Progress (2): 3.9/4.2 MB | 492/988 kB
Progress (2): 3.9/4.2 MB | 492/988 kB
Progress (2): 3.9/4.2 MB | 508/988 kB
Progress (2): 3.9/4.2 MB | 508/988 kB
Progress (2): 3.9/4.2 MB | 524/988 kB
Progress (2): 3.9/4.2 MB | 524/988 kB
Progress (2): 3.9/4.2 MB | 541/988 kB
Progress (2): 4.0/4.2 MB | 541/988 kB
Progress (2): 4.0/4.2 MB | 557/988 kB
Progress (2): 4.0/4.2 MB | 557/988 kB
Progress (2): 4.0/4.2 MB | 557/988 kB
Progress (2): 4.0/4.2 MB | 557/988 kB
Progress (2): 4.0/4.2 MB | 557/988 kB
Progress (2): 4.0/4.2 MB | 557/988 kB
Progress (2): 4.1/4.2 MB | 557/988 kB
Progress (2): 4.1/4.2 MB | 557/988 kB
Progress (2): 4.1/4.2 MB | 557/988 kB
Progress (2): 4.1/4.2 MB | 557/988 kB
Progress (2): 4.1/4.2 MB | 573/988 kB
Progress (2): 4.1/4.2 MB | 573/988 kB
Progress (2): 4.1/4.2 MB | 573/988 kB
Progress (2): 4.1/4.2 MB | 590/988 kB
Progress (2): 4.2/4.2 MB | 590/988 kB
Progress (2): 4.2/4.2 MB | 606/988 kB
Progress (2): 4.2/4.2 MB | 606/988 kB
Progress (2): 4.2/4.2 MB | 606/988 kB
Progress (2): 4.2/4.2 MB | 623/988 kB
Progress (2): 4.2/4.2 MB | 623/988 kB
Progress (2): 4.2 MB | 623/988 kB    
Progress (2): 4.2 MB | 639/988 kB
                                 
Downloaded from central: https://repo.maven.apache.org/maven2/net/bytebuddy/byte-buddy/1.14.14/byte-buddy-1.14.14.jar (4.2 MB at 7.9 MB/s)
Downloading from central: https://repo.maven.apache.org/maven2/io/cucumber/cucumber-gherkin/7.15.0/cucumber-gherkin-7.15.0.jar
Progress (1): 655/988 kB
Progress (1): 672/988 kB
Progress (1): 688/988 kB
Progress (2): 688/988 kB | 7.7/308 kB
Progress (2): 688/988 kB | 16/308 kB 
Progress (2): 688/988 kB | 28/308 kB
Progress (2): 688/988 kB | 44/308 kB
Progress (2): 705/988 kB | 44/308 kB
Progress (2): 705/988 kB | 61/308 kB
Progress (2): 705/988 kB | 77/308 kB
Progress (2): 721/988 kB | 77/308 kB
Progress (2): 721/988 kB | 93/308 kB
Progress (2): 721/988 kB | 110/308 kB
Progress (2): 721/988 kB | 126/308 kB
Progress (2): 737/988 kB | 126/308 kB
Progress (2): 737/988 kB | 142/308 kB
Progress (2): 737/988 kB | 159/308 kB
Progress (2): 754/988 kB | 159/308 kB
Progress (2): 754/988 kB | 175/308 kB
Progress (2): 754/988 kB | 192/308 kB
Progress (2): 754/988 kB | 208/308 kB
Progress (2): 770/988 kB | 208/308 kB
Progress (2): 770/988 kB | 224/308 kB
Progress (2): 770/988 kB | 241/308 kB
Progress (2): 770/988 kB | 257/308 kB
Progress (2): 786/988 kB | 257/308 kB
Progress (2): 786/988 kB | 274/308 kB
Progress (2): 786/988 kB | 290/308 kB
Progress (2): 786/988 kB | 306/308 kB
Progress (2): 786/988 kB | 308 kB    
Progress (2): 803/988 kB | 308 kB
                                 
Downloaded from central: https://repo.maven.apache.org/maven2/org/webjars/jquery/3.7.1/jquery-3.7.1.jar (308 kB at 571 kB/s)
Downloading from central: https://repo.maven.apache.org/maven2/io/cucumber/cucumber-gherkin-messages/7.15.0/cucumber-gherkin-messages-7.15.0.jar
Progress (1): 819/988 kB
Progress (1): 836/988 kB
Progress (1): 852/988 kB
Progress (1): 868/988 kB
Progress (1): 885/988 kB
Progress (1): 901/988 kB
Progress (1): 918/988 kB
Progress (1): 934/988 kB
Progress (1): 950/988 kB
Progress (1): 967/988 kB
Progress (1): 983/988 kB
Progress (1): 988 kB    
                    
Downloaded from central: https://repo.maven.apache.org/maven2/org/testng/testng/7.10.2/testng-7.10.2.jar (988 kB at 1.8 MB/s)
Downloading from central: https://repo.maven.apache.org/maven2/io/cucumber/gherkin/26.2.0/gherkin-26.2.0.jar
Progress (1): 7.7/739 kB
Progress (1): 11/739 kB 
Progress (1): 28/739 kB
Progress (1): 44/739 kB
Progress (1): 61/739 kB
Progress (1): 77/739 kB
Progress (1): 93/739 kB
Progress (1): 110/739 kB
Progress (1): 126/739 kB
Progress (1): 142/739 kB
Progress (1): 159/739 kB
Progress (2): 159/739 kB | 0/3.0 MB
Progress (2): 159/739 kB | 0/3.0 MB
Progress (2): 175/739 kB | 0/3.0 MB
Progress (2): 192/739 kB | 0/3.0 MB
Progress (2): 192/739 kB | 0/3.0 MB
Progress (2): 208/739 kB | 0/3.0 MB
Progress (2): 208/739 kB | 0/3.0 MB
Progress (2): 224/739 kB | 0/3.0 MB
Progress (2): 224/739 kB | 0.1/3.0 MB
Progress (2): 241/739 kB | 0.1/3.0 MB
Progress (2): 241/739 kB | 0.1/3.0 MB
Progress (2): 257/739 kB | 0.1/3.0 MB
Progress (2): 262/739 kB | 0.1/3.0 MB
Progress (2): 270/739 kB | 0.1/3.0 MB
Progress (2): 270/739 kB | 0.1/3.0 MB
Progress (2): 287/739 kB | 0.1/3.0 MB
Progress (2): 303/739 kB | 0.1/3.0 MB
Progress (2): 303/739 kB | 0.1/3.0 MB
Progress (2): 319/739 kB | 0.1/3.0 MB
Progress (2): 319/739 kB | 0.1/3.0 MB
Progress (2): 336/739 kB | 0.1/3.0 MB
Progress (2): 336/739 kB | 0.1/3.0 MB
Progress (2): 336/739 kB | 0.2/3.0 MB
Progress (2): 352/739 kB | 0.2/3.0 MB
Progress (2): 369/739 kB | 0.2/3.0 MB
Progress (2): 369/739 kB | 0.2/3.0 MB
Progress (2): 369/739 kB | 0.2/3.0 MB
Progress (2): 385/739 kB | 0.2/3.0 MB
Progress (2): 385/739 kB | 0.2/3.0 MB
Progress (2): 401/739 kB | 0.2/3.0 MB
Progress (2): 410/739 kB | 0.2/3.0 MB
Progress (2): 410/739 kB | 0.2/3.0 MB
Progress (2): 426/739 kB | 0.2/3.0 MB
Progress (2): 426/739 kB | 0.2/3.0 MB
Progress (2): 442/739 kB | 0.2/3.0 MB
Progress (2): 451/739 kB | 0.2/3.0 MB
Progress (2): 467/739 kB | 0.2/3.0 MB
Progress (2): 475/739 kB | 0.2/3.0 MB
Progress (2): 490/739 kB | 0.2/3.0 MB
Progress (2): 490/739 kB | 0.2/3.0 MB
Progress (2): 506/739 kB | 0.2/3.0 MB
Progress (2): 522/739 kB | 0.2/3.0 MB
Progress (2): 531/739 kB | 0.2/3.0 MB
Progress (2): 539/739 kB | 0.2/3.0 MB
Progress (2): 555/739 kB | 0.2/3.0 MB
Progress (2): 563/739 kB | 0.2/3.0 MB
Progress (2): 572/739 kB | 0.2/3.0 MB
Progress (2): 588/739 kB | 0.2/3.0 MB
Progress (2): 588/739 kB | 0.3/3.0 MB
Progress (2): 596/739 kB | 0.3/3.0 MB
Progress (2): 604/739 kB | 0.3/3.0 MB
Progress (2): 621/739 kB | 0.3/3.0 MB
Progress (2): 637/739 kB | 0.3/3.0 MB
Progress (2): 647/739 kB | 0.3/3.0 MB
Progress (2): 664/739 kB | 0.3/3.0 MB
Progress (2): 680/739 kB | 0.3/3.0 MB
Progress (2): 688/739 kB | 0.3/3.0 MB
Progress (2): 705/739 kB | 0.3/3.0 MB
Progress (2): 705/739 kB | 0.3/3.0 MB
Progress (2): 713/739 kB | 0.3/3.0 MB
Progress (2): 729/739 kB | 0.3/3.0 MB
Progress (2): 739 kB | 0.3/3.0 MB    
Progress (2): 739 kB | 0.3/3.0 MB
                                 
Downloaded from central: https://repo.maven.apache.org/maven2/io/cucumber/cucumber-java/7.15.0/cucumber-java-7.15.0.jar (739 kB at 1.3 MB/s)
Downloading from central: https://repo.maven.apache.org/maven2/io/cucumber/messages/22.0.0/messages-22.0.0.jar
Progress (1): 0.3/3.0 MB
Progress (1): 0.3/3.0 MB
Progress (1): 0.3/3.0 MB
Progress (1): 0.4/3.0 MB
Progress (1): 0.4/3.0 MB
Progress (1): 0.4/3.0 MB
Progress (1): 0.4/3.0 MB
Progress (1): 0.4/3.0 MB
Progress (1): 0.4/3.0 MB
Progress (1): 0.5/3.0 MB
Progress (1): 0.5/3.0 MB
Progress (1): 0.5/3.0 MB
Progress (1): 0.5/3.0 MB
Progress (1): 0.5/3.0 MB
Progress (1): 0.5/3.0 MB
Progress (1): 0.6/3.0 MB
Progress (1): 0.6/3.0 MB
Progress (2): 0.6/3.0 MB | 7.7/28 kB
Progress (2): 0.6/3.0 MB | 11/28 kB 
Progress (2): 0.6/3.0 MB | 11/28 kB
Progress (2): 0.6/3.0 MB | 28/28 kB
Progress (2): 0.6/3.0 MB | 28 kB   
Progress (2): 0.6/3.0 MB | 28 kB
Progress (2): 0.6/3.0 MB | 28 kB
                                
Downloaded from central: https://repo.maven.apache.org/maven2/io/cucumber/cucumber-gherkin-messages/7.15.0/cucumber-gherkin-messages-7.15.0.jar (28 kB at 49 kB/s)
Progress (1): 0.6/3.0 MB
                        
Downloading from central: https://repo.maven.apache.org/maven2/io/cucumber/tag-expressions/6.0.0/tag-expressions-6.0.0.jar
Progress (1): 0.7/3.0 MB
Progress (1): 0.7/3.0 MB
Progress (1): 0.7/3.0 MB
Progress (1): 0.7/3.0 MB
Progress (1): 0.7/3.0 MB
Progress (1): 0.7/3.0 MB
Progress (1): 0.8/3.0 MB
Progress (1): 0.8/3.0 MB
Progress (1): 0.8/3.0 MB
Progress (1): 0.8/3.0 MB
Progress (1): 0.8/3.0 MB
Progress (1): 0.8/3.0 MB
Progress (1): 0.9/3.0 MB
Progress (1): 0.9/3.0 MB
Progress (1): 0.9/3.0 MB
Progress (1): 0.9/3.0 MB
Progress (1): 0.9/3.0 MB
Progress (2): 0.9/3.0 MB | 7.7/111 kB
Progress (2): 0.9/3.0 MB | 12/111 kB 
Progress (2): 0.9/3.0 MB | 29/111 kB
Progress (2): 0.9/3.0 MB | 45/111 kB
Progress (2): 0.9/3.0 MB | 61/111 kB
Progress (2): 0.9/3.0 MB | 78/111 kB
Progress (2): 0.9/3.0 MB | 94/111 kB
Progress (2): 0.9/3.0 MB | 111/111 kB
Progress (2): 0.9/3.0 MB | 111 kB    
                                 
Downloaded from central: https://repo.maven.apache.org/maven2/io/cucumber/gherkin/26.2.0/gherkin-26.2.0.jar (111 kB at 190 kB/s)
Downloading from central: https://repo.maven.apache.org/maven2/io/cucumber/cucumber-expressions/17.0.1/cucumber-expressions-17.0.1.jar
Progress (1): 0.9/3.0 MB
Progress (2): 0.9/3.0 MB | 7.3 kB
Progress (2): 0.9/3.0 MB | 7.3 kB
Progress (2): 1.0/3.0 MB | 7.3 kB
                                 
Downloaded from central: https://repo.maven.apache.org/maven2/io/cucumber/cucumber-gherkin/7.15.0/cucumber-gherkin-7.15.0.jar (7.3 kB at 12 kB/s)
Downloading from central: https://repo.maven.apache.org/maven2/io/cucumber/datatable/7.15.0/datatable-7.15.0.jar
Progress (1): 1.0/3.0 MB
Progress (1): 1.0/3.0 MB
Progress (1): 1.0/3.0 MB
Progress (1): 1.0/3.0 MB
Progress (1): 1.0/3.0 MB
Progress (1): 1.0/3.0 MB
Progress (1): 1.1/3.0 MB
Progress (1): 1.1/3.0 MB
Progress (1): 1.1/3.0 MB
Progress (1): 1.1/3.0 MB
Progress (1): 1.1/3.0 MB
Progress (1): 1.1/3.0 MB
Progress (1): 1.2/3.0 MB
Progress (1): 1.2/3.0 MB
Progress (1): 1.2/3.0 MB
Progress (1): 1.2/3.0 MB
Progress (1): 1.2/3.0 MB
Progress (1): 1.2/3.0 MB
Progress (1): 1.3/3.0 MB
Progress (1): 1.3/3.0 MB
Progress (1): 1.3/3.0 MB
Progress (1): 1.3/3.0 MB
Progress (1): 1.3/3.0 MB
Progress (1): 1.3/3.0 MB
Progress (1): 1.4/3.0 MB
Progress (1): 1.4/3.0 MB
Progress (1): 1.4/3.0 MB
Progress (1): 1.4/3.0 MB
Progress (1): 1.4/3.0 MB
Progress (1): 1.4/3.0 MB
Progress (1): 1.5/3.0 MB
Progress (1): 1.5/3.0 MB
Progress (1): 1.5/3.0 MB
Progress (1): 1.5/3.0 MB
Progress (1): 1.5/3.0 MB
Progress (1): 1.5/3.0 MB
Progress (1): 1.6/3.0 MB
Progress (1): 1.6/3.0 MB
Progress (1): 1.6/3.0 MB
Progress (1): 1.6/3.0 MB
Progress (2): 1.6/3.0 MB | 7.7/90 kB
Progress (2): 1.6/3.0 MB | 8.2/90 kB
Progress (2): 1.6/3.0 MB | 8.2/90 kB
Progress (2): 1.6/3.0 MB | 25/90 kB 
Progress (2): 1.6/3.0 MB | 25/90 kB
Progress (2): 1.6/3.0 MB | 41/90 kB
Progress (2): 1.7/3.0 MB | 41/90 kB
Progress (2): 1.7/3.0 MB | 57/90 kB
Progress (2): 1.7/3.0 MB | 66/90 kB
Progress (2): 1.7/3.0 MB | 66/90 kB
Progress (2): 1.7/3.0 MB | 82/90 kB
Progress (2): 1.7/3.0 MB | 82/90 kB
Progress (2): 1.7/3.0 MB | 90 kB   
Progress (2): 1.7/3.0 MB | 90 kB
Progress (2): 1.7/3.0 MB | 90 kB
                                
Downloaded from central: https://repo.maven.apache.org/maven2/io/cucumber/messages/22.0.0/messages-22.0.0.jar (90 kB at 148 kB/s)
Downloading from central: https://repo.maven.apache.org/maven2/io/cucumber/cucumber-plugin/7.15.0/cucumber-plugin-7.15.0.jar
Progress (1): 1.7/3.0 MB
Progress (1): 1.8/3.0 MB
Progress (1): 1.8/3.0 MB
Progress (1): 1.8/3.0 MB
Progress (1): 1.8/3.0 MB
Progress (1): 1.8/3.0 MB
Progress (1): 1.8/3.0 MB
Progress (1): 1.9/3.0 MB
Progress (1): 1.9/3.0 MB
Progress (1): 1.9/3.0 MB
Progress (1): 1.9/3.0 MB
Progress (1): 1.9/3.0 MB
Progress (1): 1.9/3.0 MB
Progress (1): 1.9/3.0 MB
Progress (1): 2.0/3.0 MB
Progress (1): 2.0/3.0 MB
Progress (1): 2.0/3.0 MB
Progress (1): 2.0/3.0 MB
Progress (1): 2.0/3.0 MB
Progress (1): 2.0/3.0 MB
Progress (1): 2.1/3.0 MB
Progress (1): 2.1/3.0 MB
Progress (1): 2.1/3.0 MB
Progress (1): 2.1/3.0 MB
Progress (1): 2.1/3.0 MB
Progress (1): 2.1/3.0 MB
Progress (1): 2.2/3.0 MB
Progress (1): 2.2/3.0 MB
Progress (1): 2.2/3.0 MB
Progress (1): 2.2/3.0 MB
Progress (1): 2.2/3.0 MB
Progress (1): 2.2/3.0 MB
Progress (1): 2.3/3.0 MB
Progress (1): 2.3/3.0 MB
Progress (1): 2.3/3.0 MB
Progress (1): 2.3/3.0 MB
Progress (1): 2.3/3.0 MB
Progress (1): 2.3/3.0 MB
Progress (1): 2.4/3.0 MB
Progress (1): 2.4/3.0 MB
Progress (1): 2.4/3.0 MB
Progress (1): 2.4/3.0 MB
Progress (1): 2.4/3.0 MB
Progress (2): 2.4/3.0 MB | 7.7/78 kB
Progress (2): 2.4/3.0 MB | 7.7/78 kB
Progress (2): 2.4/3.0 MB | 16/78 kB 
Progress (2): 2.5/3.0 MB | 16/78 kB
Progress (2): 2.5/3.0 MB | 16/78 kB
Progress (2): 2.5/3.0 MB | 16/78 kB
Progress (2): 2.5/3.0 MB | 16/78 kB
Progress (2): 2.5/3.0 MB | 16/78 kB
Progress (2): 2.5/3.0 MB | 24/78 kB
Progress (2): 2.5/3.0 MB | 24/78 kB
Progress (2): 2.6/3.0 MB | 24/78 kB
Progress (2): 2.6/3.0 MB | 40/78 kB
Progress (2): 2.6/3.0 MB | 40/78 kB
Progress (2): 2.6/3.0 MB | 57/78 kB
Progress (2): 2.6/3.0 MB | 57/78 kB
Progress (2): 2.6/3.0 MB | 57/78 kB
Progress (2): 2.6/3.0 MB | 73/78 kB
Progress (2): 2.6/3.0 MB | 73/78 kB
Progress (2): 2.6/3.0 MB | 78 kB   
Progress (2): 2.6/3.0 MB | 78 kB
Progress (2): 2.6/3.0 MB | 78 kB
Progress (2): 2.7/3.0 MB | 78 kB
Progress (2): 2.7/3.0 MB | 78 kB
Progress (2): 2.7/3.0 MB | 78 kB
Progress (2): 2.7/3.0 MB | 78 kB
Progress (2): 2.7/3.0 MB | 78 kB
Progress (2): 2.7/3.0 MB | 78 kB
Progress (3): 2.7/3.0 MB | 78 kB | 7.7/13 kB
Progress (3): 2.7/3.0 MB | 78 kB | 13 kB    
Progress (3): 2.8/3.0 MB | 78 kB | 13 kB
Progress (3): 2.8/3.0 MB | 78 kB | 13 kB
                                        
Downloaded from central: https://repo.maven.apache.org/maven2/io/cucumber/tag-expressions/6.0.0/tag-expressions-6.0.0.jar (13 kB at 21 kB/s)
Downloading from central: https://repo.maven.apache.org/maven2/io/cucumber/docstring/7.15.0/docstring-7.15.0.jar
Progress (2): 2.8/3.0 MB | 78 kB
Progress (2): 2.8/3.0 MB | 78 kB
Progress (2): 2.8/3.0 MB | 78 kB
Progress (2): 2.8/3.0 MB | 78 kB
Progress (2): 2.9/3.0 MB | 78 kB
Progress (2): 2.9/3.0 MB | 78 kB
Progress (2): 2.9/3.0 MB | 78 kB
Progress (2): 2.9/3.0 MB | 78 kB
Progress (2): 2.9/3.0 MB | 78 kB
                                
Downloaded from central: https://repo.maven.apache.org/maven2/io/cucumber/cucumber-expressions/17.0.1/cucumber-expressions-17.0.1.jar (78 kB at 126 kB/s)
Downloading from central: https://repo.maven.apache.org/maven2/io/cucumber/html-formatter/20.4.0/html-formatter-20.4.0.jar
Progress (1): 2.9/3.0 MB
Progress (1): 2.9/3.0 MB
Progress (1): 3.0/3.0 MB
Progress (1): 3.0 MB    
                    
Downloaded from central: https://repo.maven.apache.org/maven2/io/cucumber/cucumber-core/7.15.0/cucumber-core-7.15.0.jar (3.0 MB at 4.7 MB/s)
Downloading from central: https://repo.maven.apache.org/maven2/io/cucumber/junit-xml-formatter/0.2.0/junit-xml-formatter-0.2.0.jar
Progress (1): 7.7/108 kB
Progress (1): 11/108 kB 
Progress (1): 28/108 kB
Progress (1): 44/108 kB
Progress (1): 61/108 kB
Progress (1): 77/108 kB
Progress (1): 93/108 kB
Progress (1): 108 kB   
                    
Downloaded from central: https://repo.maven.apache.org/maven2/io/cucumber/datatable/7.15.0/datatable-7.15.0.jar (108 kB at 173 kB/s)
Downloading from central: https://repo.maven.apache.org/maven2/io/cucumber/ci-environment/10.0.0/ci-environment-10.0.0.jar
Progress (1): 7.7/33 kB
Progress (1): 16/33 kB 
Progress (1): 25/33 kB
Progress (1): 33 kB   
                   
Downloaded from central: https://repo.maven.apache.org/maven2/io/cucumber/cucumber-plugin/7.15.0/cucumber-plugin-7.15.0.jar (33 kB at 52 kB/s)
Downloading from central: https://repo.maven.apache.org/maven2/org/apiguardian/apiguardian-api/1.1.2/apiguardian-api-1.1.2.jar
Progress (1): 7.7/17 kB
Progress (1): 7.7/17 kB
Progress (1): 17 kB    
                   
Downloaded from central: https://repo.maven.apache.org/maven2/io/cucumber/junit-xml-formatter/0.2.0/junit-xml-formatter-0.2.0.jar (17 kB at 26 kB/s)
Downloading from central: https://repo.maven.apache.org/maven2/io/cucumber/cucumber-testng/7.15.0/cucumber-testng-7.15.0.jar
Progress (1): 7.7/594 kB
Progress (1): 16/594 kB 
Progress (1): 32/594 kB
Progress (1): 49/594 kB
Progress (1): 65/594 kB
Progress (1): 81/594 kB
Progress (1): 98/594 kB
Progress (2): 98/594 kB | 7.7/12 kB
Progress (2): 98/594 kB | 11/12 kB 
Progress (2): 98/594 kB | 12 kB   
Progress (2): 114/594 kB | 12 kB
Progress (2): 131/594 kB | 12 kB
                                
Downloaded from central: https://repo.maven.apache.org/maven2/io/cucumber/docstring/7.15.0/docstring-7.15.0.jar (12 kB at 18 kB/s)
Downloading from central: https://repo.maven.apache.org/maven2/io/github/bonigarcia/webdrivermanager/5.6.3/webdrivermanager-5.6.3.jar
Progress (1): 147/594 kB
Progress (1): 163/594 kB
Progress (1): 180/594 kB
Progress (1): 196/594 kB
Progress (1): 213/594 kB
Progress (1): 229/594 kB
Progress (1): 245/594 kB
Progress (1): 262/594 kB
Progress (1): 278/594 kB
Progress (1): 294/594 kB
Progress (1): 311/594 kB
Progress (1): 327/594 kB
Progress (1): 344/594 kB
Progress (1): 360/594 kB
Progress (1): 376/594 kB
Progress (1): 393/594 kB
Progress (1): 409/594 kB
Progress (1): 426/594 kB
Progress (1): 442/594 kB
Progress (1): 458/594 kB
Progress (2): 458/594 kB | 7.7/50 kB
Progress (2): 458/594 kB | 16/50 kB 
Progress (2): 458/594 kB | 25/50 kB
Progress (2): 475/594 kB | 25/50 kB
Progress (2): 475/594 kB | 41/50 kB
Progress (2): 475/594 kB | 50 kB   
Progress (2): 491/594 kB | 50 kB
                                
Downloaded from central: https://repo.maven.apache.org/maven2/io/cucumber/ci-environment/10.0.0/ci-environment-10.0.0.jar (50 kB at 74 kB/s)
Downloading from central: https://repo.maven.apache.org/maven2/com/google/code/gson/gson/2.10.1/gson-2.10.1.jar
Progress (1): 507/594 kB
Progress (1): 524/594 kB
Progress (1): 540/594 kB
Progress (1): 557/594 kB
Progress (1): 573/594 kB
Progress (1): 589/594 kB
Progress (1): 594 kB    
                    
Downloaded from central: https://repo.maven.apache.org/maven2/io/cucumber/html-formatter/20.4.0/html-formatter-20.4.0.jar (594 kB at 884 kB/s)
Downloading from central: https://repo.maven.apache.org/maven2/com/github/docker-java/docker-java/3.3.4/docker-java-3.3.4.jar
Progress (1): 6.8 kB
                    
Downloaded from central: https://repo.maven.apache.org/maven2/org/apiguardian/apiguardian-api/1.1.2/apiguardian-api-1.1.2.jar (6.8 kB at 10 kB/s)
Downloading from central: https://repo.maven.apache.org/maven2/com/github/docker-java/docker-java-core/3.3.4/docker-java-core-3.3.4.jar
Progress (1): 3.2/21 kB
Progress (1): 20/21 kB 
Progress (1): 21 kB   
                   
Downloaded from central: https://repo.maven.apache.org/maven2/io/cucumber/cucumber-testng/7.15.0/cucumber-testng-7.15.0.jar (21 kB at 31 kB/s)
Downloading from central: https://repo.maven.apache.org/maven2/com/github/docker-java/docker-java-api/3.3.4/docker-java-api-3.3.4.jar
Progress (1): 7.7/894 kB
Progress (1): 16/894 kB 
Progress (1): 32/894 kB
Progress (1): 49/894 kB
Progress (2): 49/894 kB | 7.7/283 kB
Progress (2): 49/894 kB | 16/283 kB 
Progress (2): 65/894 kB | 16/283 kB
Progress (2): 65/894 kB | 25/283 kB
Progress (2): 81/894 kB | 25/283 kB
Progress (2): 81/894 kB | 41/283 kB
Progress (2): 98/894 kB | 41/283 kB
Progress (2): 98/894 kB | 57/283 kB
Progress (2): 114/894 kB | 57/283 kB
Progress (2): 114/894 kB | 74/283 kB
Progress (2): 114/894 kB | 90/283 kB
Progress (2): 131/894 kB | 90/283 kB
Progress (2): 131/894 kB | 106/283 kB
Progress (2): 147/894 kB | 106/283 kB
Progress (2): 147/894 kB | 123/283 kB
Progress (2): 163/894 kB | 123/283 kB
Progress (2): 163/894 kB | 139/283 kB
Progress (2): 180/894 kB | 139/283 kB
Progress (2): 180/894 kB | 156/283 kB
Progress (2): 196/894 kB | 156/283 kB
Progress (2): 196/894 kB | 172/283 kB
Progress (2): 212/894 kB | 172/283 kB
Progress (2): 212/894 kB | 188/283 kB
Progress (3): 212/894 kB | 188/283 kB | 4.5 kB
                                              
Downloaded from central: https://repo.maven.apache.org/maven2/com/github/docker-java/docker-java/3.3.4/docker-java-3.3.4.jar (4.5 kB at 6.4 kB/s)
Downloading from central: https://repo.maven.apache.org/maven2/com/fasterxml/jackson/core/jackson-annotations/2.10.3/jackson-annotations-2.10.3.jar
Progress (2): 229/894 kB | 188/283 kB
Progress (2): 229/894 kB | 188/283 kB
Progress (2): 246/894 kB | 188/283 kB
Progress (2): 262/894 kB | 188/283 kB
Progress (2): 279/894 kB | 188/283 kB
Progress (3): 279/894 kB | 188/283 kB | 7.7/372 kB
Progress (3): 279/894 kB | 188/283 kB | 8.2/372 kB
Progress (3): 295/894 kB | 188/283 kB | 8.2/372 kB
Progress (3): 295/894 kB | 188/283 kB | 25/372 kB 
Progress (3): 295/894 kB | 188/283 kB | 41/372 kB
Progress (3): 311/894 kB | 188/283 kB | 41/372 kB
Progress (3): 311/894 kB | 188/283 kB | 57/372 kB
Progress (3): 328/894 kB | 188/283 kB | 57/372 kB
Progress (3): 328/894 kB | 188/283 kB | 74/372 kB
Progress (3): 344/894 kB | 188/283 kB | 74/372 kB
Progress (3): 344/894 kB | 188/283 kB | 90/372 kB
Progress (3): 344/894 kB | 188/283 kB | 106/372 kB
Progress (3): 360/894 kB | 188/283 kB | 106/372 kB
Progress (3): 360/894 kB | 188/283 kB | 123/372 kB
Progress (3): 360/894 kB | 188/283 kB | 131/372 kB
Progress (3): 377/894 kB | 188/283 kB | 131/372 kB
Progress (3): 377/894 kB | 188/283 kB | 147/372 kB
Progress (3): 393/894 kB | 188/283 kB | 147/372 kB
Progress (3): 393/894 kB | 188/283 kB | 164/372 kB
Progress (3): 410/894 kB | 188/283 kB | 164/372 kB
Progress (3): 410/894 kB | 188/283 kB | 180/372 kB
Progress (3): 410/894 kB | 188/283 kB | 197/372 kB
Progress (3): 426/894 kB | 188/283 kB | 197/372 kB
Progress (3): 426/894 kB | 188/283 kB | 213/372 kB
Progress (3): 442/894 kB | 188/283 kB | 213/372 kB
Progress (3): 442/894 kB | 188/283 kB | 229/372 kB
Progress (3): 459/894 kB | 188/283 kB | 229/372 kB
Progress (3): 459/894 kB | 188/283 kB | 246/372 kB
Progress (3): 459/894 kB | 188/283 kB | 262/372 kB
Progress (3): 475/894 kB | 188/283 kB | 262/372 kB
Progress (3): 475/894 kB | 188/283 kB | 279/372 kB
Progress (3): 492/894 kB | 188/283 kB | 279/372 kB
Progress (3): 492/894 kB | 188/283 kB | 295/372 kB
Progress (3): 508/894 kB | 188/283 kB | 295/372 kB
Progress (3): 508/894 kB | 188/283 kB | 311/372 kB
Progress (3): 508/894 kB | 188/283 kB | 319/372 kB
Progress (3): 524/894 kB | 188/283 kB | 319/372 kB
Progress (3): 524/894 kB | 205/283 kB | 319/372 kB
Progress (3): 541/894 kB | 205/283 kB | 319/372 kB
Progress (3): 541/894 kB | 221/283 kB | 319/372 kB
Progress (3): 557/894 kB | 221/283 kB | 319/372 kB
Progress (3): 557/894 kB | 238/283 kB | 319/372 kB
Progress (3): 557/894 kB | 254/283 kB | 319/372 kB
Progress (3): 573/894 kB | 254/283 kB | 319/372 kB
Progress (3): 573/894 kB | 270/283 kB | 319/372 kB
Progress (3): 573/894 kB | 283 kB | 319/372 kB    
Progress (3): 590/894 kB | 283 kB | 319/372 kB
Progress (3): 606/894 kB | 283 kB | 319/372 kB
                                              
Downloaded from central: https://repo.maven.apache.org/maven2/com/google/code/gson/gson/2.10.1/gson-2.10.1.jar (283 kB at 398 kB/s)
Downloading from central: https://repo.maven.apache.org/maven2/commons-io/commons-io/2.13.0/commons-io-2.13.0.jar
Progress (2): 623/894 kB | 319/372 kB
Progress (2): 639/894 kB | 319/372 kB
Progress (2): 639/894 kB | 336/372 kB
Progress (3): 639/894 kB | 336/372 kB | 7.7/471 kB
Progress (3): 639/894 kB | 336/372 kB | 7.7/471 kB
Progress (3): 639/894 kB | 336/372 kB | 24/471 kB 
Progress (3): 639/894 kB | 352/372 kB | 24/471 kB
Progress (3): 655/894 kB | 352/372 kB | 24/471 kB
Progress (3): 672/894 kB | 352/372 kB | 24/471 kB
Progress (3): 672/894 kB | 369/372 kB | 24/471 kB
Progress (3): 672/894 kB | 369/372 kB | 40/471 kB
Progress (3): 672/894 kB | 372 kB | 40/471 kB    
Progress (3): 672/894 kB | 372 kB | 57/471 kB
Progress (3): 672/894 kB | 372 kB | 73/471 kB
                                             
Downloaded from central: https://repo.maven.apache.org/maven2/com/github/docker-java/docker-java-core/3.3.4/docker-java-core-3.3.4.jar (372 kB at 518 kB/s)
Downloading from central: https://repo.maven.apache.org/maven2/com/fasterxml/jackson/core/jackson-databind/2.10.3/jackson-databind-2.10.3.jar
Progress (2): 672/894 kB | 90/471 kB
Progress (2): 688/894 kB | 90/471 kB
Progress (2): 705/894 kB | 90/471 kB
Progress (2): 721/894 kB | 90/471 kB
Progress (2): 721/894 kB | 106/471 kB
Progress (2): 737/894 kB | 106/471 kB
Progress (2): 737/894 kB | 122/471 kB
Progress (2): 754/894 kB | 122/471 kB
Progress (2): 754/894 kB | 139/471 kB
Progress (2): 754/894 kB | 155/471 kB
Progress (2): 770/894 kB | 155/471 kB
Progress (2): 786/894 kB | 155/471 kB
Progress (2): 786/894 kB | 164/471 kB
Progress (2): 786/894 kB | 180/471 kB
Progress (2): 803/894 kB | 180/471 kB
Progress (2): 819/894 kB | 180/471 kB
Progress (2): 819/894 kB | 197/471 kB
Progress (2): 836/894 kB | 197/471 kB
Progress (2): 836/894 kB | 213/471 kB
Progress (2): 836/894 kB | 229/471 kB
Progress (2): 852/894 kB | 229/471 kB
Progress (2): 852/894 kB | 246/471 kB
Progress (2): 868/894 kB | 246/471 kB
Progress (2): 885/894 kB | 246/471 kB
Progress (2): 885/894 kB | 262/471 kB
Progress (2): 885/894 kB | 279/471 kB
Progress (2): 894 kB | 279/471 kB    
Progress (2): 894 kB | 295/471 kB
                                 
Downloaded from central: https://repo.maven.apache.org/maven2/io/github/bonigarcia/webdrivermanager/5.6.3/webdrivermanager-5.6.3.jar (894 kB at 1.2 MB/s)
Progress (1): 311/471 kB
                        
Downloading from central: https://repo.maven.apache.org/maven2/com/fasterxml/jackson/core/jackson-core/2.10.3/jackson-core-2.10.3.jar
Progress (1): 328/471 kB
Progress (1): 344/471 kB
Progress (1): 360/471 kB
Progress (1): 377/471 kB
Progress (1): 393/471 kB
Progress (1): 410/471 kB
Progress (1): 426/471 kB
Progress (1): 442/471 kB
Progress (1): 459/471 kB
Progress (1): 471 kB    
                    
Downloaded from central: https://repo.maven.apache.org/maven2/com/github/docker-java/docker-java-api/3.3.4/docker-java-api-3.3.4.jar (471 kB at 643 kB/s)
Downloading from central: https://repo.maven.apache.org/maven2/org/bouncycastle/bcpkix-jdk18on/1.76/bcpkix-jdk18on-1.76.jar
Progress (1): 7.7/68 kB
Progress (1): 11/68 kB 
Progress (1): 28/68 kB
Progress (1): 44/68 kB
Progress (1): 61/68 kB
Progress (1): 68 kB   
                   
Downloaded from central: https://repo.maven.apache.org/maven2/com/fasterxml/jackson/core/jackson-annotations/2.10.3/jackson-annotations-2.10.3.jar (68 kB at 93 kB/s)
Downloading from central: https://repo.maven.apache.org/maven2/org/bouncycastle/bcprov-jdk18on/1.76/bcprov-jdk18on-1.76.jar
Progress (1): 7.7/484 kB
Progress (1): 16/484 kB 
Progress (1): 25/484 kB
Progress (1): 41/484 kB
Progress (1): 57/484 kB
Progress (1): 74/484 kB
Progress (1): 90/484 kB
Progress (1): 106/484 kB
Progress (1): 123/484 kB
Progress (1): 139/484 kB
Progress (1): 156/484 kB
Progress (1): 172/484 kB
Progress (1): 188/484 kB
Progress (1): 205/484 kB
Progress (1): 221/484 kB
Progress (1): 238/484 kB
Progress (1): 254/484 kB
Progress (1): 270/484 kB
Progress (1): 287/484 kB
Progress (1): 303/484 kB
Progress (1): 319/484 kB
Progress (1): 336/484 kB
Progress (1): 339/484 kB
Progress (1): 355/484 kB
Progress (1): 372/484 kB
Progress (1): 388/484 kB
Progress (1): 405/484 kB
Progress (1): 421/484 kB
Progress (1): 437/484 kB
Progress (1): 454/484 kB
Progress (1): 470/484 kB
Progress (1): 484 kB    
                    
Downloaded from central: https://repo.maven.apache.org/maven2/commons-io/commons-io/2.13.0/commons-io-2.13.0.jar (484 kB at 641 kB/s)
Progress (1): 0/1.4 MB
Progress (1): 0/1.4 MB
Progress (1): 0/1.4 MB
Progress (1): 0/1.4 MB
Progress (1): 0.1/1.4 MB
Progress (1): 0.1/1.4 MB
Progress (1): 0.1/1.4 MB
Progress (1): 0.1/1.4 MB
Progress (1): 0.1/1.4 MB
Progress (1): 0.1/1.4 MB
Progress (1): 0.2/1.4 MB
Progress (1): 0.2/1.4 MB
Progress (1): 0.2/1.4 MB
Progress (1): 0.2/1.4 MB
Progress (1): 0.2/1.4 MB
                        
Downloading from central: https://repo.maven.apache.org/maven2/org/bouncycastle/bcutil-jdk18on/1.76/bcutil-jdk18on-1.76.jar
Progress (1): 0.2/1.4 MB
Progress (1): 0.2/1.4 MB
Progress (1): 0.3/1.4 MB
Progress (1): 0.3/1.4 MB
Progress (1): 0.3/1.4 MB
Progress (1): 0.3/1.4 MB
Progress (2): 0.3/1.4 MB | 0/1.1 MB
Progress (2): 0.3/1.4 MB | 0/1.1 MB
Progress (2): 0.3/1.4 MB | 0/1.1 MB
Progress (2): 0.3/1.4 MB | 0/1.1 MB
Progress (2): 0.3/1.4 MB | 0/1.1 MB
Progress (2): 0.3/1.4 MB | 0/1.1 MB
Progress (2): 0.4/1.4 MB | 0/1.1 MB
Progress (2): 0.4/1.4 MB | 0.1/1.1 MB
Progress (2): 0.4/1.4 MB | 0.1/1.1 MB
Progress (2): 0.4/1.4 MB | 0.1/1.1 MB
Progress (2): 0.4/1.4 MB | 0.1/1.1 MB
Progress (2): 0.4/1.4 MB | 0.1/1.1 MB
Progress (2): 0.4/1.4 MB | 0.1/1.1 MB
Progress (2): 0.4/1.4 MB | 0.1/1.1 MB
Progress (2): 0.4/1.4 MB | 0.1/1.1 MB
Progress (2): 0.4/1.4 MB | 0.1/1.1 MB
Progress (2): 0.4/1.4 MB | 0.1/1.1 MB
Progress (2): 0.5/1.4 MB | 0.1/1.1 MB
Progress (2): 0.5/1.4 MB | 0.1/1.1 MB
Progress (2): 0.5/1.4 MB | 0.1/1.1 MB
Progress (2): 0.5/1.4 MB | 0.2/1.1 MB
Progress (2): 0.5/1.4 MB | 0.2/1.1 MB
Progress (2): 0.5/1.4 MB | 0.2/1.1 MB
Progress (2): 0.5/1.4 MB | 0.2/1.1 MB
Progress (2): 0.5/1.4 MB | 0.2/1.1 MB
Progress (2): 0.5/1.4 MB | 0.2/1.1 MB
Progress (2): 0.5/1.4 MB | 0.2/1.1 MB
Progress (2): 0.5/1.4 MB | 0.2/1.1 MB
Progress (2): 0.5/1.4 MB | 0.2/1.1 MB
Progress (3): 0.5/1.4 MB | 0.2/1.1 MB | 7.7/349 kB
Progress (3): 0.5/1.4 MB | 0.2/1.1 MB | 7.7/349 kB
Progress (3): 0.5/1.4 MB | 0.2/1.1 MB | 16/349 kB 
Progress (3): 0.5/1.4 MB | 0.2/1.1 MB | 16/349 kB
Progress (3): 0.5/1.4 MB | 0.2/1.1 MB | 32/349 kB
Progress (3): 0.6/1.4 MB | 0.2/1.1 MB | 32/349 kB
Progress (3): 0.6/1.4 MB | 0.2/1.1 MB | 49/349 kB
Progress (3): 0.6/1.4 MB | 0.2/1.1 MB | 49/349 kB
Progress (3): 0.6/1.4 MB | 0.2/1.1 MB | 49/349 kB
Progress (3): 0.6/1.4 MB | 0.3/1.1 MB | 49/349 kB
Progress (3): 0.6/1.4 MB | 0.3/1.1 MB | 60/349 kB
Progress (3): 0.6/1.4 MB | 0.3/1.1 MB | 60/349 kB
Progress (3): 0.6/1.4 MB | 0.3/1.1 MB | 60/349 kB
Progress (3): 0.6/1.4 MB | 0.3/1.1 MB | 77/349 kB
Progress (3): 0.6/1.4 MB | 0.3/1.1 MB | 77/349 kB
Progress (3): 0.6/1.4 MB | 0.3/1.1 MB | 77/349 kB
Progress (3): 0.6/1.4 MB | 0.3/1.1 MB | 93/349 kB
Progress (3): 0.6/1.4 MB | 0.3/1.1 MB | 93/349 kB
Progress (3): 0.6/1.4 MB | 0.3/1.1 MB | 93/349 kB
Progress (3): 0.6/1.4 MB | 0.3/1.1 MB | 93/349 kB
Progress (3): 0.6/1.4 MB | 0.3/1.1 MB | 110/349 kB
Progress (3): 0.7/1.4 MB | 0.3/1.1 MB | 110/349 kB
Progress (3): 0.7/1.4 MB | 0.3/1.1 MB | 110/349 kB
Progress (4): 0.7/1.4 MB | 0.3/1.1 MB | 110/349 kB | 0/8.4 MB
Progress (4): 0.7/1.4 MB | 0.3/1.1 MB | 110/349 kB | 0/8.4 MB
Progress (4): 0.7/1.4 MB | 0.3/1.1 MB | 110/349 kB | 0/8.4 MB
Progress (4): 0.7/1.4 MB | 0.3/1.1 MB | 110/349 kB | 0/8.4 MB
Progress (4): 0.7/1.4 MB | 0.3/1.1 MB | 110/349 kB | 0/8.4 MB
Progress (4): 0.7/1.4 MB | 0.3/1.1 MB | 126/349 kB | 0/8.4 MB
Progress (4): 0.7/1.4 MB | 0.3/1.1 MB | 126/349 kB | 0.1/8.4 MB
Progress (4): 0.7/1.4 MB | 0.3/1.1 MB | 126/349 kB | 0.1/8.4 MB
Progress (4): 0.7/1.4 MB | 0.3/1.1 MB | 126/349 kB | 0.1/8.4 MB
Progress (4): 0.7/1.4 MB | 0.3/1.1 MB | 126/349 kB | 0.1/8.4 MB
Progress (4): 0.7/1.4 MB | 0.3/1.1 MB | 126/349 kB | 0.1/8.4 MB
Progress (4): 0.7/1.4 MB | 0.3/1.1 MB | 126/349 kB | 0.1/8.4 MB
Progress (4): 0.7/1.4 MB | 0.4/1.1 MB | 126/349 kB | 0.1/8.4 MB
Progress (4): 0.7/1.4 MB | 0.4/1.1 MB | 126/349 kB | 0.1/8.4 MB
Progress (4): 0.7/1.4 MB | 0.4/1.1 MB | 142/349 kB | 0.1/8.4 MB
Progress (4): 0.7/1.4 MB | 0.4/1.1 MB | 142/349 kB | 0.1/8.4 MB
Progress (4): 0.7/1.4 MB | 0.4/1.1 MB | 142/349 kB | 0.1/8.4 MB
Progress (4): 0.7/1.4 MB | 0.4/1.1 MB | 142/349 kB | 0.1/8.4 MB
Progress (4): 0.7/1.4 MB | 0.4/1.1 MB | 142/349 kB | 0.1/8.4 MB
Progress (4): 0.7/1.4 MB | 0.4/1.1 MB | 142/349 kB | 0.1/8.4 MB
Progress (4): 0.7/1.4 MB | 0.4/1.1 MB | 142/349 kB | 0.1/8.4 MB
Progress (4): 0.7/1.4 MB | 0.4/1.1 MB | 159/349 kB | 0.1/8.4 MB
Progress (4): 0.7/1.4 MB | 0.4/1.1 MB | 159/349 kB | 0.2/8.4 MB
Progress (4): 0.7/1.4 MB | 0.4/1.1 MB | 175/349 kB | 0.2/8.4 MB
Progress (4): 0.8/1.4 MB | 0.4/1.1 MB | 175/349 kB | 0.2/8.4 MB
Progress (4): 0.8/1.4 MB | 0.4/1.1 MB | 192/349 kB | 0.2/8.4 MB
Progress (4): 0.8/1.4 MB | 0.4/1.1 MB | 192/349 kB | 0.2/8.4 MB
Progress (4): 0.8/1.4 MB | 0.4/1.1 MB | 192/349 kB | 0.2/8.4 MB
Progress (4): 0.8/1.4 MB | 0.4/1.1 MB | 192/349 kB | 0.2/8.4 MB
Progress (4): 0.8/1.4 MB | 0.4/1.1 MB | 192/349 kB | 0.2/8.4 MB
Progress (4): 0.8/1.4 MB | 0.4/1.1 MB | 192/349 kB | 0.2/8.4 MB
Progress (4): 0.8/1.4 MB | 0.4/1.1 MB | 192/349 kB | 0.2/8.4 MB
Progress (4): 0.8/1.4 MB | 0.4/1.1 MB | 192/349 kB | 0.2/8.4 MB
Progress (4): 0.8/1.4 MB | 0.4/1.1 MB | 192/349 kB | 0.2/8.4 MB
Progress (4): 0.8/1.4 MB | 0.4/1.1 MB | 192/349 kB | 0.2/8.4 MB
Progress (4): 0.8/1.4 MB | 0.4/1.1 MB | 192/349 kB | 0.2/8.4 MB
Progress (4): 0.8/1.4 MB | 0.4/1.1 MB | 208/349 kB | 0.2/8.4 MB
Progress (4): 0.8/1.4 MB | 0.4/1.1 MB | 208/349 kB | 0.2/8.4 MB
Progress (4): 0.8/1.4 MB | 0.4/1.1 MB | 224/349 kB | 0.2/8.4 MB
Progress (4): 0.8/1.4 MB | 0.4/1.1 MB | 224/349 kB | 0.2/8.4 MB
Progress (4): 0.8/1.4 MB | 0.4/1.1 MB | 224/349 kB | 0.2/8.4 MB
Progress (4): 0.8/1.4 MB | 0.4/1.1 MB | 241/349 kB | 0.2/8.4 MB
Progress (4): 0.9/1.4 MB | 0.4/1.1 MB | 241/349 kB | 0.2/8.4 MB
Progress (4): 0.9/1.4 MB | 0.4/1.1 MB | 257/349 kB | 0.2/8.4 MB
Progress (4): 0.9/1.4 MB | 0.4/1.1 MB | 257/349 kB | 0.2/8.4 MB
Progress (4): 0.9/1.4 MB | 0.4/1.1 MB | 270/349 kB | 0.2/8.4 MB
Progress (4): 0.9/1.4 MB | 0.4/1.1 MB | 270/349 kB | 0.2/8.4 MB
Progress (4): 0.9/1.4 MB | 0.4/1.1 MB | 286/349 kB | 0.2/8.4 MB
Progress (4): 0.9/1.4 MB | 0.4/1.1 MB | 286/349 kB | 0.2/8.4 MB
Progress (4): 0.9/1.4 MB | 0.4/1.1 MB | 302/349 kB | 0.2/8.4 MB
Progress (4): 0.9/1.4 MB | 0.4/1.1 MB | 302/349 kB | 0.2/8.4 MB
Progress (4): 0.9/1.4 MB | 0.4/1.1 MB | 302/349 kB | 0.2/8.4 MB
Progress (4): 0.9/1.4 MB | 0.4/1.1 MB | 319/349 kB | 0.2/8.4 MB
Progress (4): 0.9/1.4 MB | 0.4/1.1 MB | 319/349 kB | 0.2/8.4 MB
Progress (4): 0.9/1.4 MB | 0.4/1.1 MB | 335/349 kB | 0.2/8.4 MB
Progress (4): 1.0/1.4 MB | 0.4/1.1 MB | 335/349 kB | 0.2/8.4 MB
Progress (4): 1.0/1.4 MB | 0.4/1.1 MB | 349 kB | 0.2/8.4 MB    
Progress (4): 1.0/1.4 MB | 0.4/1.1 MB | 349 kB | 0.2/8.4 MB
Progress (4): 1.0/1.4 MB | 0.4/1.1 MB | 349 kB | 0.2/8.4 MB
Progress (4): 1.0/1.4 MB | 0.4/1.1 MB | 349 kB | 0.2/8.4 MB
Progress (4): 1.0/1.4 MB | 0.4/1.1 MB | 349 kB | 0.2/8.4 MB
                                                           
Downloaded from central: https://repo.maven.apache.org/maven2/com/fasterxml/jackson/core/jackson-core/2.10.3/jackson-core-2.10.3.jar (349 kB at 446 kB/s)
Downloading from central: https://repo.maven.apache.org/maven2/org/slf4j/jcl-over-slf4j/1.7.30/jcl-over-slf4j-1.7.30.jar
Progress (3): 1.0/1.4 MB | 0.4/1.1 MB | 0.2/8.4 MB
Progress (3): 1.0/1.4 MB | 0.4/1.1 MB | 0.2/8.4 MB
Progress (3): 1.0/1.4 MB | 0.4/1.1 MB | 0.2/8.4 MB
Progress (3): 1.0/1.4 MB | 0.4/1.1 MB | 0.3/8.4 MB
Progress (3): 1.0/1.4 MB | 0.4/1.1 MB | 0.3/8.4 MB
Progress (3): 1.0/1.4 MB | 0.4/1.1 MB | 0.3/8.4 MB
Progress (3): 1.0/1.4 MB | 0.5/1.1 MB | 0.3/8.4 MB
Progress (3): 1.0/1.4 MB | 0.5/1.1 MB | 0.3/8.4 MB
Progress (3): 1.0/1.4 MB | 0.5/1.1 MB | 0.3/8.4 MB
Progress (3): 1.0/1.4 MB | 0.5/1.1 MB | 0.3/8.4 MB
Progress (3): 1.0/1.4 MB | 0.5/1.1 MB | 0.3/8.4 MB
Progress (3): 1.0/1.4 MB | 0.5/1.1 MB | 0.3/8.4 MB
Progress (3): 1.0/1.4 MB | 0.5/1.1 MB | 0.3/8.4 MB
Progress (3): 1.0/1.4 MB | 0.5/1.1 MB | 0.3/8.4 MB
Progress (3): 1.0/1.4 MB | 0.5/1.1 MB | 0.4/8.4 MB
Progress (3): 1.0/1.4 MB | 0.5/1.1 MB | 0.4/8.4 MB
Progress (3): 1.0/1.4 MB | 0.5/1.1 MB | 0.4/8.4 MB
Progress (3): 1.0/1.4 MB | 0.5/1.1 MB | 0.4/8.4 MB
Progress (3): 1.0/1.4 MB | 0.5/1.1 MB | 0.4/8.4 MB
Progress (3): 1.0/1.4 MB | 0.5/1.1 MB | 0.4/8.4 MB
Progress (3): 1.0/1.4 MB | 0.6/1.1 MB | 0.4/8.4 MB
Progress (3): 1.0/1.4 MB | 0.6/1.1 MB | 0.4/8.4 MB
Progress (3): 1.0/1.4 MB | 0.6/1.1 MB | 0.4/8.4 MB
Progress (3): 1.0/1.4 MB | 0.6/1.1 MB | 0.4/8.4 MB
Progress (3): 1.0/1.4 MB | 0.6/1.1 MB | 0.4/8.4 MB
Progress (3): 1.0/1.4 MB | 0.6/1.1 MB | 0.4/8.4 MB
Progress (3): 1.0/1.4 MB | 0.6/1.1 MB | 0.4/8.4 MB
Progress (3): 1.0/1.4 MB | 0.6/1.1 MB | 0.5/8.4 MB
Progress (3): 1.0/1.4 MB | 0.6/1.1 MB | 0.5/8.4 MB
Progress (3): 1.1/1.4 MB | 0.6/1.1 MB | 0.5/8.4 MB
Progress (3): 1.1/1.4 MB | 0.6/1.1 MB | 0.5/8.4 MB
Progress (3): 1.1/1.4 MB | 0.6/1.1 MB | 0.5/8.4 MB
Progress (3): 1.1/1.4 MB | 0.6/1.1 MB | 0.5/8.4 MB
Progress (3): 1.1/1.4 MB | 0.6/1.1 MB | 0.5/8.4 MB
Progress (3): 1.1/1.4 MB | 0.6/1.1 MB | 0.5/8.4 MB
Progress (3): 1.1/1.4 MB | 0.6/1.1 MB | 0.5/8.4 MB
Progress (3): 1.1/1.4 MB | 0.7/1.1 MB | 0.5/8.4 MB
Progress (3): 1.1/1.4 MB | 0.7/1.1 MB | 0.5/8.4 MB
Progress (3): 1.1/1.4 MB | 0.7/1.1 MB | 0.5/8.4 MB
Progress (3): 1.1/1.4 MB | 0.7/1.1 MB | 0.5/8.4 MB
Progress (3): 1.1/1.4 MB | 0.7/1.1 MB | 0.5/8.4 MB
Progress (3): 1.2/1.4 MB | 0.7/1.1 MB | 0.5/8.4 MB
Progress (3): 1.2/1.4 MB | 0.7/1.1 MB | 0.5/8.4 MB
Progress (3): 1.2/1.4 MB | 0.7/1.1 MB | 0.5/8.4 MB
Progress (3): 1.2/1.4 MB | 0.7/1.1 MB | 0.5/8.4 MB
Progress (3): 1.2/1.4 MB | 0.7/1.1 MB | 0.5/8.4 MB
Progress (3): 1.2/1.4 MB | 0.7/1.1 MB | 0.5/8.4 MB
Progress (3): 1.2/1.4 MB | 0.8/1.1 MB | 0.5/8.4 MB
Progress (3): 1.2/1.4 MB | 0.8/1.1 MB | 0.5/8.4 MB
Progress (3): 1.2/1.4 MB | 0.8/1.1 MB | 0.5/8.4 MB
Progress (3): 1.2/1.4 MB | 0.8/1.1 MB | 0.5/8.4 MB
Progress (3): 1.2/1.4 MB | 0.8/1.1 MB | 0.5/8.4 MB
Progress (3): 1.2/1.4 MB | 0.8/1.1 MB | 0.5/8.4 MB
Progress (3): 1.2/1.4 MB | 0.8/1.1 MB | 0.5/8.4 MB
Progress (3): 1.2/1.4 MB | 0.8/1.1 MB | 0.5/8.4 MB
Progress (3): 1.2/1.4 MB | 0.8/1.1 MB | 0.5/8.4 MB
Progress (3): 1.2/1.4 MB | 0.8/1.1 MB | 0.5/8.4 MB
Progress (3): 1.2/1.4 MB | 0.8/1.1 MB | 0.5/8.4 MB
Progress (3): 1.2/1.4 MB | 0.8/1.1 MB | 0.5/8.4 MB
Progress (3): 1.2/1.4 MB | 0.8/1.1 MB | 0.5/8.4 MB
Progress (3): 1.2/1.4 MB | 0.8/1.1 MB | 0.5/8.4 MB
Progress (3): 1.2/1.4 MB | 0.8/1.1 MB | 0.6/8.4 MB
Progress (3): 1.2/1.4 MB | 0.8/1.1 MB | 0.6/8.4 MB
Progress (3): 1.2/1.4 MB | 0.9/1.1 MB | 0.6/8.4 MB
Progress (3): 1.2/1.4 MB | 0.9/1.1 MB | 0.6/8.4 MB
Progress (3): 1.2/1.4 MB | 0.9/1.1 MB | 0.6/8.4 MB
Progress (3): 1.2/1.4 MB | 0.9/1.1 MB | 0.6/8.4 MB
Progress (3): 1.3/1.4 MB | 0.9/1.1 MB | 0.6/8.4 MB
Progress (3): 1.3/1.4 MB | 0.9/1.1 MB | 0.6/8.4 MB
Progress (3): 1.3/1.4 MB | 0.9/1.1 MB | 0.6/8.4 MB
Progress (3): 1.3/1.4 MB | 0.9/1.1 MB | 0.6/8.4 MB
Progress (3): 1.3/1.4 MB | 0.9/1.1 MB | 0.6/8.4 MB
Progress (3): 1.3/1.4 MB | 0.9/1.1 MB | 0.6/8.4 MB
Progress (3): 1.3/1.4 MB | 0.9/1.1 MB | 0.6/8.4 MB
Progress (3): 1.3/1.4 MB | 0.9/1.1 MB | 0.6/8.4 MB
Progress (3): 1.3/1.4 MB | 0.9/1.1 MB | 0.6/8.4 MB
Progress (3): 1.3/1.4 MB | 0.9/1.1 MB | 0.6/8.4 MB
Progress (3): 1.3/1.4 MB | 0.9/1.1 MB | 0.6/8.4 MB
Progress (3): 1.3/1.4 MB | 0.9/1.1 MB | 0.6/8.4 MB
Progress (3): 1.3/1.4 MB | 1.0/1.1 MB | 0.6/8.4 MB
Progress (3): 1.3/1.4 MB | 1.0/1.1 MB | 0.7/8.4 MB
Progress (3): 1.3/1.4 MB | 1.0/1.1 MB | 0.7/8.4 MB
Progress (3): 1.3/1.4 MB | 1.0/1.1 MB | 0.7/8.4 MB
Progress (3): 1.4/1.4 MB | 1.0/1.1 MB | 0.7/8.4 MB
Progress (3): 1.4/1.4 MB | 1.0/1.1 MB | 0.7/8.4 MB
Progress (3): 1.4/1.4 MB | 1.0/1.1 MB | 0.7/8.4 MB
Progress (3): 1.4/1.4 MB | 1.0/1.1 MB | 0.7/8.4 MB
Progress (3): 1.4/1.4 MB | 1.0/1.1 MB | 0.7/8.4 MB
Progress (3): 1.4/1.4 MB | 1.0/1.1 MB | 0.7/8.4 MB
Progress (3): 1.4/1.4 MB | 1.0/1.1 MB | 0.7/8.4 MB
Progress (3): 1.4/1.4 MB | 1.0/1.1 MB | 0.7/8.4 MB
Progress (3): 1.4/1.4 MB | 1.0/1.1 MB | 0.7/8.4 MB
Progress (3): 1.4 MB | 1.0/1.1 MB | 0.7/8.4 MB    
Progress (3): 1.4 MB | 1.0/1.1 MB | 0.7/8.4 MB
Progress (3): 1.4 MB | 1.0/1.1 MB | 0.7/8.4 MB
Progress (3): 1.4 MB | 1.1/1.1 MB | 0.7/8.4 MB
                                              
Downloaded from central: https://repo.maven.apache.org/maven2/com/fasterxml/jackson/core/jackson-databind/2.10.3/jackson-databind-2.10.3.jar (1.4 MB at 1.8 MB/s)
Downloading from central: https://repo.maven.apache.org/maven2/com/github/docker-java/docker-java-transport-httpclient5/3.3.4/docker-java-transport-httpclient5-3.3.4.jar
Progress (2): 1.1/1.1 MB | 0.7/8.4 MB
Progress (2): 1.1/1.1 MB | 0.7/8.4 MB
Progress (2): 1.1/1.1 MB | 0.7/8.4 MB
Progress (2): 1.1/1.1 MB | 0.7/8.4 MB
Progress (2): 1.1/1.1 MB | 0.7/8.4 MB
Progress (2): 1.1 MB | 0.7/8.4 MB    
Progress (2): 1.1 MB | 0.7/8.4 MB
Progress (2): 1.1 MB | 0.8/8.4 MB
                                 
Downloaded from central: https://repo.maven.apache.org/maven2/org/bouncycastle/bcpkix-jdk18on/1.76/bcpkix-jdk18on-1.76.jar (1.1 MB at 1.4 MB/s)
Progress (1): 0.8/8.4 MB
                        
Downloading from central: https://repo.maven.apache.org/maven2/com/github/docker-java/docker-java-transport/3.3.4/docker-java-transport-3.3.4.jar
Progress (1): 0.8/8.4 MB
Progress (1): 0.8/8.4 MB
Progress (1): 0.8/8.4 MB
Progress (1): 0.8/8.4 MB
Progress (1): 0.9/8.4 MB
Progress (1): 0.9/8.4 MB
Progress (2): 0.9/8.4 MB | 7.7/677 kB
Progress (2): 0.9/8.4 MB | 8.2/677 kB
Progress (2): 0.9/8.4 MB | 8.2/677 kB
Progress (2): 0.9/8.4 MB | 8.2/677 kB
Progress (2): 0.9/8.4 MB | 25/677 kB 
Progress (2): 0.9/8.4 MB | 25/677 kB
Progress (2): 0.9/8.4 MB | 41/677 kB
Progress (2): 0.9/8.4 MB | 41/677 kB
Progress (2): 1.0/8.4 MB | 41/677 kB
Progress (2): 1.0/8.4 MB | 57/677 kB
Progress (2): 1.0/8.4 MB | 57/677 kB
Progress (2): 1.0/8.4 MB | 57/677 kB
Progress (2): 1.0/8.4 MB | 74/677 kB
Progress (2): 1.0/8.4 MB | 74/677 kB
Progress (2): 1.0/8.4 MB | 74/677 kB
Progress (2): 1.0/8.4 MB | 90/677 kB
Progress (2): 1.0/8.4 MB | 90/677 kB
Progress (2): 1.0/8.4 MB | 106/677 kB
Progress (2): 1.0/8.4 MB | 106/677 kB
Progress (2): 1.1/8.4 MB | 106/677 kB
Progress (2): 1.1/8.4 MB | 123/677 kB
Progress (2): 1.1/8.4 MB | 123/677 kB
Progress (2): 1.1/8.4 MB | 139/677 kB
Progress (2): 1.1/8.4 MB | 139/677 kB
Progress (2): 1.1/8.4 MB | 139/677 kB
Progress (2): 1.1/8.4 MB | 139/677 kB
Progress (2): 1.1/8.4 MB | 139/677 kB
Progress (2): 1.2/8.4 MB | 139/677 kB
Progress (2): 1.2/8.4 MB | 139/677 kB
Progress (2): 1.2/8.4 MB | 139/677 kB
Progress (2): 1.2/8.4 MB | 139/677 kB
Progress (2): 1.2/8.4 MB | 139/677 kB
Progress (2): 1.2/8.4 MB | 139/677 kB
Progress (2): 1.3/8.4 MB | 139/677 kB
Progress (2): 1.3/8.4 MB | 139/677 kB
Progress (2): 1.3/8.4 MB | 139/677 kB
Progress (2): 1.3/8.4 MB | 139/677 kB
Progress (2): 1.3/8.4 MB | 139/677 kB
Progress (2): 1.3/8.4 MB | 139/677 kB
Progress (2): 1.4/8.4 MB | 139/677 kB
Progress (2): 1.4/8.4 MB | 139/677 kB
Progress (2): 1.4/8.4 MB | 139/677 kB
Progress (2): 1.4/8.4 MB | 156/677 kB
Progress (2): 1.4/8.4 MB | 156/677 kB
Progress (2): 1.4/8.4 MB | 172/677 kB
Progress (2): 1.4/8.4 MB | 188/677 kB
Progress (2): 1.4/8.4 MB | 188/677 kB
Progress (2): 1.4/8.4 MB | 205/677 kB
Progress (2): 1.4/8.4 MB | 205/677 kB
Progress (2): 1.4/8.4 MB | 221/677 kB
Progress (2): 1.4/8.4 MB | 238/677 kB
Progress (2): 1.4/8.4 MB | 254/677 kB
Progress (2): 1.5/8.4 MB | 254/677 kB
Progress (2): 1.5/8.4 MB | 270/677 kB
Progress (2): 1.5/8.4 MB | 270/677 kB
Progress (2): 1.5/8.4 MB | 287/677 kB
Progress (2): 1.5/8.4 MB | 295/677 kB
Progress (2): 1.5/8.4 MB | 295/677 kB
Progress (2): 1.5/8.4 MB | 311/677 kB
Progress (2): 1.5/8.4 MB | 328/677 kB
Progress (2): 1.5/8.4 MB | 328/677 kB
Progress (2): 1.5/8.4 MB | 344/677 kB
Progress (2): 1.5/8.4 MB | 360/677 kB
Progress (2): 1.5/8.4 MB | 360/677 kB
Progress (2): 1.5/8.4 MB | 377/677 kB
Progress (2): 1.5/8.4 MB | 393/677 kB
Progress (2): 1.5/8.4 MB | 393/677 kB
Progress (2): 1.5/8.4 MB | 401/677 kB
Progress (2): 1.5/8.4 MB | 418/677 kB
Progress (2): 1.6/8.4 MB | 418/677 kB
Progress (2): 1.6/8.4 MB | 434/677 kB
Progress (2): 1.6/8.4 MB | 434/677 kB
Progress (2): 1.6/8.4 MB | 451/677 kB
Progress (2): 1.6/8.4 MB | 451/677 kB
Progress (2): 1.6/8.4 MB | 467/677 kB
Progress (2): 1.6/8.4 MB | 467/677 kB
Progress (2): 1.6/8.4 MB | 483/677 kB
Progress (2): 1.6/8.4 MB | 483/677 kB
Progress (2): 1.6/8.4 MB | 500/677 kB
Progress (2): 1.6/8.4 MB | 500/677 kB
Progress (2): 1.6/8.4 MB | 516/677 kB
Progress (2): 1.7/8.4 MB | 516/677 kB
Progress (2): 1.7/8.4 MB | 532/677 kB
Progress (2): 1.7/8.4 MB | 532/677 kB
Progress (2): 1.7/8.4 MB | 549/677 kB
Progress (2): 1.7/8.4 MB | 549/677 kB
Progress (2): 1.7/8.4 MB | 565/677 kB
Progress (2): 1.7/8.4 MB | 565/677 kB
Progress (2): 1.7/8.4 MB | 582/677 kB
Progress (2): 1.7/8.4 MB | 582/677 kB
Progress (2): 1.7/8.4 MB | 598/677 kB
Progress (2): 1.7/8.4 MB | 598/677 kB
Progress (2): 1.7/8.4 MB | 614/677 kB
Progress (2): 1.8/8.4 MB | 614/677 kB
Progress (2): 1.8/8.4 MB | 631/677 kB
Progress (2): 1.8/8.4 MB | 631/677 kB
Progress (2): 1.8/8.4 MB | 647/677 kB
Progress (2): 1.8/8.4 MB | 647/677 kB
Progress (2): 1.8/8.4 MB | 664/677 kB
Progress (2): 1.8/8.4 MB | 677 kB    
Progress (2): 1.8/8.4 MB | 677 kB
Progress (2): 1.8/8.4 MB | 677 kB
                                 
Downloaded from central: https://repo.maven.apache.org/maven2/org/bouncycastle/bcutil-jdk18on/1.76/bcutil-jdk18on-1.76.jar (677 kB at 832 kB/s)
Downloading from central: https://repo.maven.apache.org/maven2/net/java/dev/jna/jna/5.13.0/jna-5.13.0.jar
Progress (1): 1.8/8.4 MB
Progress (1): 1.9/8.4 MB
Progress (1): 1.9/8.4 MB
Progress (1): 1.9/8.4 MB
Progress (1): 1.9/8.4 MB
Progress (1): 1.9/8.4 MB
Progress (1): 1.9/8.4 MB
Progress (1): 1.9/8.4 MB
Progress (1): 2.0/8.4 MB
Progress (1): 2.0/8.4 MB
Progress (1): 2.0/8.4 MB
Progress (1): 2.0/8.4 MB
Progress (1): 2.0/8.4 MB
Progress (1): 2.0/8.4 MB
Progress (1): 2.1/8.4 MB
Progress (1): 2.1/8.4 MB
Progress (1): 2.1/8.4 MB
Progress (1): 2.1/8.4 MB
Progress (1): 2.1/8.4 MB
Progress (1): 2.1/8.4 MB
Progress (1): 2.2/8.4 MB
Progress (1): 2.2/8.4 MB
Progress (1): 2.2/8.4 MB
Progress (1): 2.2/8.4 MB
Progress (1): 2.2/8.4 MB
Progress (1): 2.2/8.4 MB
Progress (1): 2.3/8.4 MB
Progress (1): 2.3/8.4 MB
Progress (1): 2.3/8.4 MB
Progress (1): 2.3/8.4 MB
Progress (1): 2.3/8.4 MB
Progress (1): 2.3/8.4 MB
Progress (1): 2.4/8.4 MB
Progress (1): 2.4/8.4 MB
Progress (1): 2.4/8.4 MB
Progress (1): 2.4/8.4 MB
Progress (1): 2.4/8.4 MB
Progress (1): 2.4/8.4 MB
Progress (1): 2.5/8.4 MB
Progress (1): 2.5/8.4 MB
Progress (1): 2.5/8.4 MB
Progress (1): 2.5/8.4 MB
Progress (1): 2.5/8.4 MB
Progress (1): 2.5/8.4 MB
Progress (1): 2.6/8.4 MB
Progress (1): 2.6/8.4 MB
Progress (1): 2.6/8.4 MB
Progress (1): 2.6/8.4 MB
Progress (1): 2.6/8.4 MB
Progress (1): 2.6/8.4 MB
Progress (1): 2.7/8.4 MB
Progress (1): 2.7/8.4 MB
Progress (1): 2.7/8.4 MB
Progress (1): 2.7/8.4 MB
Progress (1): 2.7/8.4 MB
Progress (1): 2.7/8.4 MB
Progress (1): 2.8/8.4 MB
Progress (1): 2.8/8.4 MB
Progress (1): 2.8/8.4 MB
Progress (1): 2.8/8.4 MB
Progress (1): 2.8/8.4 MB
Progress (1): 2.8/8.4 MB
Progress (1): 2.9/8.4 MB
Progress (1): 2.9/8.4 MB
Progress (1): 2.9/8.4 MB
Progress (1): 2.9/8.4 MB
Progress (1): 2.9/8.4 MB
Progress (2): 2.9/8.4 MB | 7.7/17 kB
Progress (2): 2.9/8.4 MB | 7.7/17 kB
Progress (2): 2.9/8.4 MB | 16/17 kB 
Progress (2): 2.9/8.4 MB | 17 kB   
Progress (2): 2.9/8.4 MB | 17 kB
Progress (2): 3.0/8.4 MB | 17 kB
Progress (2): 3.0/8.4 MB | 17 kB
Progress (2): 3.0/8.4 MB | 17 kB
                                
Downloaded from central: https://repo.maven.apache.org/maven2/org/slf4j/jcl-over-slf4j/1.7.30/jcl-over-slf4j-1.7.30.jar (17 kB at 20 kB/s)
Downloading from central: https://repo.maven.apache.org/maven2/org/brotli/dec/0.1.2/dec-0.1.2.jar
Progress (1): 3.0/8.4 MB
Progress (1): 3.0/8.4 MB
Progress (1): 3.0/8.4 MB
Progress (1): 3.1/8.4 MB
Progress (1): 3.1/8.4 MB
Progress (1): 3.1/8.4 MB
Progress (1): 3.1/8.4 MB
Progress (1): 3.1/8.4 MB
Progress (1): 3.1/8.4 MB
Progress (1): 3.2/8.4 MB
Progress (1): 3.2/8.4 MB
Progress (1): 3.2/8.4 MB
Progress (1): 3.2/8.4 MB
Progress (1): 3.2/8.4 MB
Progress (1): 3.2/8.4 MB
Progress (1): 3.3/8.4 MB
Progress (1): 3.3/8.4 MB
Progress (1): 3.3/8.4 MB
Progress (1): 3.3/8.4 MB
Progress (1): 3.3/8.4 MB
Progress (2): 3.3/8.4 MB | 7.7/18 kB
Progress (2): 3.3/8.4 MB | 8.2/18 kB
Progress (2): 3.3/8.4 MB | 18 kB    
Progress (3): 3.3/8.4 MB | 18 kB | 7.7/38 kB
Progress (3): 3.3/8.4 MB | 18 kB | 16/38 kB 
Progress (3): 3.3/8.4 MB | 18 kB | 28/38 kB
Progress (3): 3.3/8.4 MB | 18 kB | 38 kB   
                                        
Downloaded from central: https://repo.maven.apache.org/maven2/com/github/docker-java/docker-java-transport-httpclient5/3.3.4/docker-java-transport-httpclient5-3.3.4.jar (18 kB at 21 kB/s)
Downloading from central: https://repo.maven.apache.org/maven2/org/apache/commons/commons-lang3/3.14.0/commons-lang3-3.14.0.jar
Progress (2): 3.3/8.4 MB | 38 kB
                                
Downloaded from central: https://repo.maven.apache.org/maven2/com/github/docker-java/docker-java-transport/3.3.4/docker-java-transport-3.3.4.jar (38 kB at 45 kB/s)
Downloading from central: https://repo.maven.apache.org/maven2/org/apache/commons/commons-compress/1.25.0/commons-compress-1.25.0.jar
Progress (1): 3.4/8.4 MB
Progress (1): 3.4/8.4 MB
Progress (1): 3.4/8.4 MB
Progress (1): 3.4/8.4 MB
Progress (1): 3.4/8.4 MB
Progress (1): 3.4/8.4 MB
Progress (1): 3.5/8.4 MB
Progress (1): 3.5/8.4 MB
Progress (1): 3.5/8.4 MB
Progress (1): 3.5/8.4 MB
Progress (1): 3.5/8.4 MB
Progress (1): 3.5/8.4 MB
Progress (1): 3.6/8.4 MB
Progress (1): 3.6/8.4 MB
Progress (1): 3.6/8.4 MB
Progress (1): 3.6/8.4 MB
Progress (1): 3.6/8.4 MB
Progress (1): 3.6/8.4 MB
Progress (1): 3.7/8.4 MB
Progress (1): 3.7/8.4 MB
Progress (1): 3.7/8.4 MB
Progress (1): 3.7/8.4 MB
Progress (1): 3.7/8.4 MB
Progress (1): 3.7/8.4 MB
Progress (1): 3.7/8.4 MB
Progress (1): 3.8/8.4 MB
Progress (1): 3.8/8.4 MB
Progress (1): 3.8/8.4 MB
Progress (1): 3.8/8.4 MB
Progress (1): 3.8/8.4 MB
Progress (1): 3.8/8.4 MB
Progress (1): 3.9/8.4 MB
Progress (1): 3.9/8.4 MB
Progress (1): 3.9/8.4 MB
Progress (1): 3.9/8.4 MB
Progress (1): 3.9/8.4 MB
Progress (1): 3.9/8.4 MB
Progress (1): 3.9/8.4 MB
Progress (1): 4.0/8.4 MB
Progress (1): 4.0/8.4 MB
Progress (1): 4.0/8.4 MB
Progress (1): 4.0/8.4 MB
Progress (1): 4.0/8.4 MB
Progress (1): 4.0/8.4 MB
Progress (1): 4.0/8.4 MB
Progress (1): 4.1/8.4 MB
Progress (1): 4.1/8.4 MB
Progress (1): 4.1/8.4 MB
Progress (1): 4.1/8.4 MB
Progress (1): 4.1/8.4 MB
Progress (1): 4.1/8.4 MB
Progress (1): 4.2/8.4 MB
Progress (1): 4.2/8.4 MB
Progress (1): 4.2/8.4 MB
Progress (1): 4.2/8.4 MB
Progress (1): 4.2/8.4 MB
Progress (1): 4.2/8.4 MB
Progress (1): 4.3/8.4 MB
Progress (1): 4.3/8.4 MB
Progress (1): 4.3/8.4 MB
Progress (1): 4.3/8.4 MB
Progress (1): 4.3/8.4 MB
Progress (1): 4.3/8.4 MB
Progress (1): 4.3/8.4 MB
Progress (1): 4.4/8.4 MB
Progress (1): 4.4/8.4 MB
Progress (1): 4.4/8.4 MB
Progress (1): 4.4/8.4 MB
Progress (1): 4.4/8.4 MB
Progress (1): 4.4/8.4 MB
Progress (1): 4.5/8.4 MB
Progress (1): 4.5/8.4 MB
Progress (1): 4.5/8.4 MB
Progress (1): 4.5/8.4 MB
Progress (1): 4.5/8.4 MB
Progress (1): 4.5/8.4 MB
Progress (1): 4.6/8.4 MB
Progress (1): 4.6/8.4 MB
Progress (1): 4.6/8.4 MB
Progress (1): 4.6/8.4 MB
Progress (1): 4.6/8.4 MB
Progress (1): 4.6/8.4 MB
Progress (1): 4.7/8.4 MB
Progress (2): 4.7/8.4 MB | 0/1.9 MB
Progress (2): 4.7/8.4 MB | 0/1.9 MB
Progress (2): 4.7/8.4 MB | 0/1.9 MB
Progress (2): 4.7/8.4 MB | 0/1.9 MB
Progress (2): 4.7/8.4 MB | 0/1.9 MB
Progress (2): 4.7/8.4 MB | 0/1.9 MB
Progress (2): 4.7/8.4 MB | 0/1.9 MB
Progress (2): 4.7/8.4 MB | 0.1/1.9 MB
Progress (2): 4.7/8.4 MB | 0.1/1.9 MB
Progress (2): 4.7/8.4 MB | 0.1/1.9 MB
Progress (2): 4.7/8.4 MB | 0.1/1.9 MB
Progress (2): 4.7/8.4 MB | 0.1/1.9 MB
Progress (2): 4.7/8.4 MB | 0.1/1.9 MB
Progress (2): 4.7/8.4 MB | 0.1/1.9 MB
Progress (2): 4.7/8.4 MB | 0.1/1.9 MB
Progress (2): 4.8/8.4 MB | 0.1/1.9 MB
Progress (2): 4.8/8.4 MB | 0.1/1.9 MB
Progress (2): 4.8/8.4 MB | 0.1/1.9 MB
Progress (2): 4.8/8.4 MB | 0.2/1.9 MB
Progress (2): 4.8/8.4 MB | 0.2/1.9 MB
Progress (2): 4.8/8.4 MB | 0.2/1.9 MB
Progress (2): 4.8/8.4 MB | 0.2/1.9 MB
Progress (2): 4.8/8.4 MB | 0.2/1.9 MB
Progress (2): 4.8/8.4 MB | 0.2/1.9 MB
Progress (2): 4.8/8.4 MB | 0.2/1.9 MB
Progress (2): 4.8/8.4 MB | 0.2/1.9 MB
Progress (2): 4.8/8.4 MB | 0.2/1.9 MB
Progress (2): 4.8/8.4 MB | 0.2/1.9 MB
Progress (2): 4.9/8.4 MB | 0.2/1.9 MB
Progress (2): 4.9/8.4 MB | 0.3/1.9 MB
Progress (2): 4.9/8.4 MB | 0.3/1.9 MB
Progress (2): 4.9/8.4 MB | 0.3/1.9 MB
Progress (2): 4.9/8.4 MB | 0.3/1.9 MB
Progress (2): 4.9/8.4 MB | 0.3/1.9 MB
Progress (2): 4.9/8.4 MB | 0.3/1.9 MB
Progress (2): 4.9/8.4 MB | 0.3/1.9 MB
Progress (2): 4.9/8.4 MB | 0.3/1.9 MB
Progress (2): 4.9/8.4 MB | 0.3/1.9 MB
Progress (2): 4.9/8.4 MB | 0.3/1.9 MB
Progress (2): 4.9/8.4 MB | 0.3/1.9 MB
Progress (2): 4.9/8.4 MB | 0.3/1.9 MB
Progress (2): 4.9/8.4 MB | 0.3/1.9 MB
Progress (2): 4.9/8.4 MB | 0.4/1.9 MB
Progress (2): 5.0/8.4 MB | 0.4/1.9 MB
Progress (2): 5.0/8.4 MB | 0.4/1.9 MB
Progress (2): 5.0/8.4 MB | 0.4/1.9 MB
Progress (2): 5.0/8.4 MB | 0.4/1.9 MB
Progress (2): 5.0/8.4 MB | 0.4/1.9 MB
Progress (2): 5.0/8.4 MB | 0.4/1.9 MB
Progress (2): 5.0/8.4 MB | 0.4/1.9 MB
Progress (2): 5.0/8.4 MB | 0.4/1.9 MB
Progress (2): 5.0/8.4 MB | 0.4/1.9 MB
Progress (2): 5.0/8.4 MB | 0.4/1.9 MB
Progress (2): 5.0/8.4 MB | 0.5/1.9 MB
Progress (2): 5.0/8.4 MB | 0.5/1.9 MB
Progress (2): 5.0/8.4 MB | 0.5/1.9 MB
Progress (2): 5.0/8.4 MB | 0.5/1.9 MB
Progress (2): 5.0/8.4 MB | 0.5/1.9 MB
Progress (2): 5.0/8.4 MB | 0.5/1.9 MB
Progress (2): 5.1/8.4 MB | 0.5/1.9 MB
Progress (2): 5.1/8.4 MB | 0.5/1.9 MB
Progress (2): 5.1/8.4 MB | 0.5/1.9 MB
Progress (2): 5.1/8.4 MB | 0.5/1.9 MB
Progress (2): 5.1/8.4 MB | 0.5/1.9 MB
Progress (2): 5.1/8.4 MB | 0.6/1.9 MB
Progress (2): 5.1/8.4 MB | 0.6/1.9 MB
Progress (2): 5.1/8.4 MB | 0.6/1.9 MB
Progress (2): 5.1/8.4 MB | 0.6/1.9 MB
Progress (2): 5.1/8.4 MB | 0.6/1.9 MB
Progress (2): 5.1/8.4 MB | 0.6/1.9 MB
Progress (2): 5.1/8.4 MB | 0.6/1.9 MB
Progress (2): 5.1/8.4 MB | 0.6/1.9 MB
Progress (2): 5.1/8.4 MB | 0.6/1.9 MB
Progress (2): 5.1/8.4 MB | 0.7/1.9 MB
Progress (2): 5.1/8.4 MB | 0.7/1.9 MB
Progress (2): 5.1/8.4 MB | 0.7/1.9 MB
Progress (2): 5.1/8.4 MB | 0.7/1.9 MB
Progress (2): 5.2/8.4 MB | 0.7/1.9 MB
Progress (2): 5.2/8.4 MB | 0.7/1.9 MB
Progress (2): 5.2/8.4 MB | 0.7/1.9 MB
Progress (2): 5.2/8.4 MB | 0.7/1.9 MB
Progress (2): 5.2/8.4 MB | 0.7/1.9 MB
Progress (2): 5.2/8.4 MB | 0.7/1.9 MB
Progress (2): 5.2/8.4 MB | 0.8/1.9 MB
Progress (2): 5.2/8.4 MB | 0.8/1.9 MB
Progress (2): 5.2/8.4 MB | 0.8/1.9 MB
Progress (2): 5.2/8.4 MB | 0.8/1.9 MB
Progress (2): 5.2/8.4 MB | 0.8/1.9 MB
Progress (2): 5.2/8.4 MB | 0.8/1.9 MB
Progress (2): 5.2/8.4 MB | 0.8/1.9 MB
Progress (2): 5.2/8.4 MB | 0.8/1.9 MB
Progress (2): 5.3/8.4 MB | 0.8/1.9 MB
Progress (2): 5.3/8.4 MB | 0.8/1.9 MB
Progress (2): 5.3/8.4 MB | 0.8/1.9 MB
Progress (2): 5.3/8.4 MB | 0.9/1.9 MB
Progress (2): 5.3/8.4 MB | 0.9/1.9 MB
Progress (2): 5.3/8.4 MB | 0.9/1.9 MB
Progress (2): 5.3/8.4 MB | 0.9/1.9 MB
Progress (2): 5.3/8.4 MB | 0.9/1.9 MB
Progress (2): 5.3/8.4 MB | 0.9/1.9 MB
Progress (2): 5.3/8.4 MB | 0.9/1.9 MB
Progress (2): 5.3/8.4 MB | 0.9/1.9 MB
Progress (2): 5.3/8.4 MB | 0.9/1.9 MB
Progress (2): 5.4/8.4 MB | 0.9/1.9 MB
Progress (2): 5.4/8.4 MB | 0.9/1.9 MB
Progress (2): 5.4/8.4 MB | 0.9/1.9 MB
Progress (2): 5.4/8.4 MB | 0.9/1.9 MB
Progress (2): 5.4/8.4 MB | 1.0/1.9 MB
Progress (2): 5.4/8.4 MB | 1.0/1.9 MB
Progress (2): 5.4/8.4 MB | 1.0/1.9 MB
Progress (2): 5.4/8.4 MB | 1.0/1.9 MB
Progress (2): 5.4/8.4 MB | 1.0/1.9 MB
Progress (2): 5.4/8.4 MB | 1.0/1.9 MB
Progress (2): 5.4/8.4 MB | 1.0/1.9 MB
Progress (2): 5.4/8.4 MB | 1.0/1.9 MB
Progress (2): 5.4/8.4 MB | 1.0/1.9 MB
Progress (2): 5.5/8.4 MB | 1.0/1.9 MB
Progress (2): 5.5/8.4 MB | 1.0/1.9 MB
Progress (2): 5.5/8.4 MB | 1.0/1.9 MB
Progress (2): 5.5/8.4 MB | 1.0/1.9 MB
Progress (2): 5.5/8.4 MB | 1.0/1.9 MB
Progress (2): 5.5/8.4 MB | 1.0/1.9 MB
Progress (2): 5.5/8.4 MB | 1.1/1.9 MB
Progress (2): 5.5/8.4 MB | 1.1/1.9 MB
Progress (2): 5.5/8.4 MB | 1.1/1.9 MB
Progress (2): 5.5/8.4 MB | 1.1/1.9 MB
Progress (2): 5.5/8.4 MB | 1.1/1.9 MB
Progress (2): 5.5/8.4 MB | 1.1/1.9 MB
Progress (2): 5.6/8.4 MB | 1.1/1.9 MB
Progress (2): 5.6/8.4 MB | 1.1/1.9 MB
Progress (2): 5.6/8.4 MB | 1.1/1.9 MB
Progress (2): 5.6/8.4 MB | 1.1/1.9 MB
Progress (2): 5.6/8.4 MB | 1.1/1.9 MB
Progress (2): 5.6/8.4 MB | 1.1/1.9 MB
Progress (2): 5.6/8.4 MB | 1.1/1.9 MB
Progress (2): 5.6/8.4 MB | 1.2/1.9 MB
Progress (2): 5.6/8.4 MB | 1.2/1.9 MB
Progress (2): 5.6/8.4 MB | 1.2/1.9 MB
Progress (2): 5.7/8.4 MB | 1.2/1.9 MB
Progress (2): 5.7/8.4 MB | 1.2/1.9 MB
Progress (2): 5.7/8.4 MB | 1.2/1.9 MB
Progress (2): 5.7/8.4 MB | 1.2/1.9 MB
Progress (2): 5.7/8.4 MB | 1.2/1.9 MB
Progress (2): 5.7/8.4 MB | 1.2/1.9 MB
Progress (2): 5.7/8.4 MB | 1.2/1.9 MB
Progress (2): 5.7/8.4 MB | 1.2/1.9 MB
Progress (2): 5.7/8.4 MB | 1.2/1.9 MB
Progress (3): 5.7/8.4 MB | 1.2/1.9 MB | 0/1.1 MB
Progress (3): 5.7/8.4 MB | 1.2/1.9 MB | 0/1.1 MB
Progress (3): 5.7/8.4 MB | 1.2/1.9 MB | 0/1.1 MB
Progress (3): 5.7/8.4 MB | 1.2/1.9 MB | 0/1.1 MB
Progress (3): 5.7/8.4 MB | 1.2/1.9 MB | 0.1/1.1 MB
Progress (3): 5.7/8.4 MB | 1.2/1.9 MB | 0.1/1.1 MB
Progress (4): 5.7/8.4 MB | 1.2/1.9 MB | 0.1/1.1 MB | 7.7/98 kB
Progress (4): 5.7/8.4 MB | 1.2/1.9 MB | 0.1/1.1 MB | 11/98 kB 
Progress (4): 5.7/8.4 MB | 1.2/1.9 MB | 0.1/1.1 MB | 11/98 kB
Progress (4): 5.7/8.4 MB | 1.2/1.9 MB | 0.1/1.1 MB | 11/98 kB
Progress (4): 5.7/8.4 MB | 1.2/1.9 MB | 0.1/1.1 MB | 28/98 kB
Progress (4): 5.7/8.4 MB | 1.2/1.9 MB | 0.1/1.1 MB | 28/98 kB
Progress (4): 5.7/8.4 MB | 1.2/1.9 MB | 0.1/1.1 MB | 28/98 kB
Progress (4): 5.7/8.4 MB | 1.2/1.9 MB | 0.1/1.1 MB | 44/98 kB
Progress (4): 5.7/8.4 MB | 1.2/1.9 MB | 0.1/1.1 MB | 44/98 kB
Progress (4): 5.7/8.4 MB | 1.2/1.9 MB | 0.1/1.1 MB | 61/98 kB
Progress (4): 5.8/8.4 MB | 1.2/1.9 MB | 0.1/1.1 MB | 61/98 kB
Progress (4): 5.8/8.4 MB | 1.2/1.9 MB | 0.1/1.1 MB | 61/98 kB
Progress (4): 5.8/8.4 MB | 1.2/1.9 MB | 0.1/1.1 MB | 77/98 kB
Progress (4): 5.8/8.4 MB | 1.2/1.9 MB | 0.1/1.1 MB | 77/98 kB
Progress (4): 5.8/8.4 MB | 1.2/1.9 MB | 0.1/1.1 MB | 77/98 kB
Progress (4): 5.8/8.4 MB | 1.2/1.9 MB | 0.1/1.1 MB | 93/98 kB
Progress (4): 5.8/8.4 MB | 1.2/1.9 MB | 0.1/1.1 MB | 93/98 kB
Progress (4): 5.8/8.4 MB | 1.2/1.9 MB | 0.1/1.1 MB | 93/98 kB
Progress (4): 5.8/8.4 MB | 1.2/1.9 MB | 0.1/1.1 MB | 98 kB   
Progress (4): 5.8/8.4 MB | 1.2/1.9 MB | 0.1/1.1 MB | 98 kB
Progress (4): 5.8/8.4 MB | 1.2/1.9 MB | 0.2/1.1 MB | 98 kB
Progress (4): 5.8/8.4 MB | 1.2/1.9 MB | 0.2/1.1 MB | 98 kB
Progress (4): 5.8/8.4 MB | 1.2/1.9 MB | 0.2/1.1 MB | 98 kB
Progress (4): 5.8/8.4 MB | 1.2/1.9 MB | 0.2/1.1 MB | 98 kB
Progress (4): 5.8/8.4 MB | 1.2/1.9 MB | 0.2/1.1 MB | 98 kB
Progress (4): 5.9/8.4 MB | 1.2/1.9 MB | 0.2/1.1 MB | 98 kB
Progress (4): 5.9/8.4 MB | 1.2/1.9 MB | 0.2/1.1 MB | 98 kB
                                                          
Downloaded from central: https://repo.maven.apache.org/maven2/org/brotli/dec/0.1.2/dec-0.1.2.jar (98 kB at 113 kB/s)
Progress (3): 5.9/8.4 MB | 1.2/1.9 MB | 0.2/1.1 MB
Progress (3): 5.9/8.4 MB | 1.2/1.9 MB | 0.2/1.1 MB
Progress (3): 5.9/8.4 MB | 1.2/1.9 MB | 0.2/1.1 MB
Progress (3): 5.9/8.4 MB | 1.2/1.9 MB | 0.3/1.1 MB
Progress (3): 5.9/8.4 MB | 1.2/1.9 MB | 0.3/1.1 MB
Progress (3): 5.9/8.4 MB | 1.2/1.9 MB | 0.3/1.1 MB
Progress (4): 5.9/8.4 MB | 1.2/1.9 MB | 0.3/1.1 MB | 7.7/658 kB
Progress (4): 5.9/8.4 MB | 1.2/1.9 MB | 0.3/1.1 MB | 7.7/658 kB
Progress (4): 5.9/8.4 MB | 1.2/1.9 MB | 0.3/1.1 MB | 7.7/658 kB
Progress (4): 5.9/8.4 MB | 1.2/1.9 MB | 0.3/1.1 MB | 16/658 kB 
Progress (4): 5.9/8.4 MB | 1.2/1.9 MB | 0.3/1.1 MB | 16/658 kB
Progress (4): 5.9/8.4 MB | 1.2/1.9 MB | 0.3/1.1 MB | 32/658 kB
Progress (4): 5.9/8.4 MB | 1.2/1.9 MB | 0.3/1.1 MB | 32/658 kB
Progress (4): 5.9/8.4 MB | 1.2/1.9 MB | 0.3/1.1 MB | 32/658 kB
Progress (4): 5.9/8.4 MB | 1.2/1.9 MB | 0.3/1.1 MB | 49/658 kB
Progress (4): 6.0/8.4 MB | 1.2/1.9 MB | 0.3/1.1 MB | 49/658 kB
Progress (4): 6.0/8.4 MB | 1.2/1.9 MB | 0.3/1.1 MB | 57/658 kB
Progress (4): 6.0/8.4 MB | 1.2/1.9 MB | 0.3/1.1 MB | 57/658 kB
Progress (4): 6.0/8.4 MB | 1.2/1.9 MB | 0.3/1.1 MB | 73/658 kB
Progress (4): 6.0/8.4 MB | 1.2/1.9 MB | 0.3/1.1 MB | 73/658 kB
Progress (4): 6.0/8.4 MB | 1.2/1.9 MB | 0.3/1.1 MB | 73/658 kB
Progress (4): 6.0/8.4 MB | 1.2/1.9 MB | 0.3/1.1 MB | 90/658 kB
Progress (4): 6.0/8.4 MB | 1.2/1.9 MB | 0.3/1.1 MB | 90/658 kB
Progress (4): 6.0/8.4 MB | 1.2/1.9 MB | 0.3/1.1 MB | 90/658 kB
Progress (4): 6.0/8.4 MB | 1.2/1.9 MB | 0.3/1.1 MB | 106/658 kB
Progress (4): 6.0/8.4 MB | 1.2/1.9 MB | 0.3/1.1 MB | 106/658 kB
Progress (4): 6.0/8.4 MB | 1.2/1.9 MB | 0.3/1.1 MB | 122/658 kB
Progress (4): 6.1/8.4 MB | 1.2/1.9 MB | 0.3/1.1 MB | 122/658 kB
Progress (4): 6.1/8.4 MB | 1.2/1.9 MB | 0.3/1.1 MB | 122/658 kB
Progress (4): 6.1/8.4 MB | 1.2/1.9 MB | 0.3/1.1 MB | 139/658 kB
Progress (4): 6.1/8.4 MB | 1.2/1.9 MB | 0.3/1.1 MB | 139/658 kB
Progress (4): 6.1/8.4 MB | 1.2/1.9 MB | 0.3/1.1 MB | 155/658 kB
Progress (4): 6.1/8.4 MB | 1.2/1.9 MB | 0.3/1.1 MB | 155/658 kB
Progress (4): 6.1/8.4 MB | 1.2/1.9 MB | 0.3/1.1 MB | 155/658 kB
Progress (4): 6.1/8.4 MB | 1.2/1.9 MB | 0.3/1.1 MB | 172/658 kB
Progress (4): 6.1/8.4 MB | 1.2/1.9 MB | 0.3/1.1 MB | 172/658 kB
Progress (4): 6.1/8.4 MB | 1.2/1.9 MB | 0.3/1.1 MB | 188/658 kB
Progress (4): 6.2/8.4 MB | 1.2/1.9 MB | 0.3/1.1 MB | 188/658 kB
Progress (4): 6.2/8.4 MB | 1.2/1.9 MB | 0.3/1.1 MB | 204/658 kB
Progress (4): 6.2/8.4 MB | 1.2/1.9 MB | 0.3/1.1 MB | 204/658 kB
Progress (4): 6.2/8.4 MB | 1.2/1.9 MB | 0.3/1.1 MB | 204/658 kB
Progress (4): 6.2/8.4 MB | 1.2/1.9 MB | 0.3/1.1 MB | 221/658 kB
Progress (4): 6.2/8.4 MB | 1.2/1.9 MB | 0.3/1.1 MB | 221/658 kB
Progress (4): 6.2/8.4 MB | 1.2/1.9 MB | 0.3/1.1 MB | 237/658 kB
Progress (4): 6.2/8.4 MB | 1.2/1.9 MB | 0.3/1.1 MB | 237/658 kB
Progress (4): 6.2/8.4 MB | 1.2/1.9 MB | 0.3/1.1 MB | 253/658 kB
Progress (4): 6.2/8.4 MB | 1.2/1.9 MB | 0.3/1.1 MB | 253/658 kB
Progress (4): 6.2/8.4 MB | 1.2/1.9 MB | 0.3/1.1 MB | 270/658 kB
Progress (4): 6.3/8.4 MB | 1.2/1.9 MB | 0.3/1.1 MB | 270/658 kB
Progress (4): 6.3/8.4 MB | 1.2/1.9 MB | 0.3/1.1 MB | 286/658 kB
Progress (4): 6.3/8.4 MB | 1.2/1.9 MB | 0.3/1.1 MB | 286/658 kB
Progress (4): 6.3/8.4 MB | 1.2/1.9 MB | 0.3/1.1 MB | 303/658 kB
Progress (4): 6.3/8.4 MB | 1.2/1.9 MB | 0.3/1.1 MB | 303/658 kB
Progress (4): 6.3/8.4 MB | 1.2/1.9 MB | 0.3/1.1 MB | 319/658 kB
Progress (4): 6.3/8.4 MB | 1.2/1.9 MB | 0.3/1.1 MB | 319/658 kB
Progress (4): 6.3/8.4 MB | 1.2/1.9 MB | 0.3/1.1 MB | 319/658 kB
Progress (4): 6.3/8.4 MB | 1.2/1.9 MB | 0.3/1.1 MB | 335/658 kB
Progress (4): 6.3/8.4 MB | 1.2/1.9 MB | 0.3/1.1 MB | 335/658 kB
Progress (4): 6.3/8.4 MB | 1.2/1.9 MB | 0.3/1.1 MB | 352/658 kB
                                                               
Downloading from central: https://repo.maven.apache.org/maven2/org/apache/httpcomponents/client5/httpclient5/5.2.1/httpclient5-5.2.1.jar
Progress (4): 6.3/8.4 MB | 1.2/1.9 MB | 0.3/1.1 MB | 352/658 kB
Progress (4): 6.3/8.4 MB | 1.2/1.9 MB | 0.3/1.1 MB | 352/658 kB
Progress (4): 6.4/8.4 MB | 1.2/1.9 MB | 0.3/1.1 MB | 352/658 kB
Progress (4): 6.4/8.4 MB | 1.2/1.9 MB | 0.3/1.1 MB | 352/658 kB
Progress (4): 6.4/8.4 MB | 1.2/1.9 MB | 0.3/1.1 MB | 352/658 kB
Progress (4): 6.4/8.4 MB | 1.2/1.9 MB | 0.3/1.1 MB | 352/658 kB
Progress (4): 6.4/8.4 MB | 1.2/1.9 MB | 0.3/1.1 MB | 352/658 kB
Progress (4): 6.4/8.4 MB | 1.2/1.9 MB | 0.4/1.1 MB | 352/658 kB
Progress (4): 6.4/8.4 MB | 1.2/1.9 MB | 0.4/1.1 MB | 352/658 kB
Progress (4): 6.4/8.4 MB | 1.2/1.9 MB | 0.4/1.1 MB | 352/658 kB
Progress (4): 6.4/8.4 MB | 1.2/1.9 MB | 0.4/1.1 MB | 352/658 kB
Progress (4): 6.4/8.4 MB | 1.2/1.9 MB | 0.4/1.1 MB | 352/658 kB
Progress (4): 6.4/8.4 MB | 1.2/1.9 MB | 0.4/1.1 MB | 352/658 kB
Progress (4): 6.4/8.4 MB | 1.2/1.9 MB | 0.4/1.1 MB | 352/658 kB
Progress (4): 6.4/8.4 MB | 1.2/1.9 MB | 0.5/1.1 MB | 352/658 kB
Progress (4): 6.4/8.4 MB | 1.2/1.9 MB | 0.5/1.1 MB | 352/658 kB
Progress (4): 6.4/8.4 MB | 1.2/1.9 MB | 0.5/1.1 MB | 352/658 kB
Progress (4): 6.4/8.4 MB | 1.2/1.9 MB | 0.5/1.1 MB | 352/658 kB
Progress (4): 6.4/8.4 MB | 1.2/1.9 MB | 0.5/1.1 MB | 352/658 kB
Progress (4): 6.4/8.4 MB | 1.2/1.9 MB | 0.5/1.1 MB | 352/658 kB
Progress (4): 6.4/8.4 MB | 1.2/1.9 MB | 0.5/1.1 MB | 352/658 kB
Progress (4): 6.4/8.4 MB | 1.2/1.9 MB | 0.6/1.1 MB | 352/658 kB
Progress (4): 6.4/8.4 MB | 1.2/1.9 MB | 0.6/1.1 MB | 352/658 kB
Progress (4): 6.4/8.4 MB | 1.2/1.9 MB | 0.6/1.1 MB | 352/658 kB
Progress (4): 6.4/8.4 MB | 1.2/1.9 MB | 0.6/1.1 MB | 352/658 kB
Progress (4): 6.4/8.4 MB | 1.2/1.9 MB | 0.6/1.1 MB | 352/658 kB
Progress (4): 6.4/8.4 MB | 1.2/1.9 MB | 0.6/1.1 MB | 352/658 kB
Progress (4): 6.4/8.4 MB | 1.2/1.9 MB | 0.6/1.1 MB | 352/658 kB
Progress (4): 6.4/8.4 MB | 1.2/1.9 MB | 0.6/1.1 MB | 352/658 kB
Progress (4): 6.4/8.4 MB | 1.2/1.9 MB | 0.7/1.1 MB | 352/658 kB
Progress (4): 6.4/8.4 MB | 1.3/1.9 MB | 0.7/1.1 MB | 352/658 kB
Progress (4): 6.4/8.4 MB | 1.3/1.9 MB | 0.7/1.1 MB | 352/658 kB
Progress (4): 6.4/8.4 MB | 1.3/1.9 MB | 0.7/1.1 MB | 352/658 kB
Progress (4): 6.4/8.4 MB | 1.3/1.9 MB | 0.7/1.1 MB | 352/658 kB
Progress (4): 6.4/8.4 MB | 1.3/1.9 MB | 0.7/1.1 MB | 352/658 kB
Progress (4): 6.4/8.4 MB | 1.3/1.9 MB | 0.7/1.1 MB | 352/658 kB
Progress (4): 6.4/8.4 MB | 1.3/1.9 MB | 0.7/1.1 MB | 352/658 kB
Progress (4): 6.4/8.4 MB | 1.3/1.9 MB | 0.7/1.1 MB | 352/658 kB
Progress (4): 6.4/8.4 MB | 1.3/1.9 MB | 0.7/1.1 MB | 352/658 kB
Progress (4): 6.4/8.4 MB | 1.3/1.9 MB | 0.7/1.1 MB | 352/658 kB
Progress (4): 6.4/8.4 MB | 1.3/1.9 MB | 0.7/1.1 MB | 352/658 kB
Progress (4): 6.4/8.4 MB | 1.3/1.9 MB | 0.7/1.1 MB | 352/658 kB
Progress (4): 6.4/8.4 MB | 1.3/1.9 MB | 0.7/1.1 MB | 352/658 kB
Progress (4): 6.4/8.4 MB | 1.3/1.9 MB | 0.7/1.1 MB | 352/658 kB
Progress (4): 6.4/8.4 MB | 1.3/1.9 MB | 0.8/1.1 MB | 352/658 kB
Progress (4): 6.4/8.4 MB | 1.3/1.9 MB | 0.8/1.1 MB | 352/658 kB
Progress (4): 6.4/8.4 MB | 1.4/1.9 MB | 0.8/1.1 MB | 352/658 kB
Progress (4): 6.4/8.4 MB | 1.4/1.9 MB | 0.8/1.1 MB | 352/658 kB
Progress (4): 6.4/8.4 MB | 1.4/1.9 MB | 0.8/1.1 MB | 352/658 kB
Progress (4): 6.4/8.4 MB | 1.4/1.9 MB | 0.8/1.1 MB | 352/658 kB
Progress (4): 6.4/8.4 MB | 1.4/1.9 MB | 0.8/1.1 MB | 352/658 kB
Progress (4): 6.4/8.4 MB | 1.4/1.9 MB | 0.8/1.1 MB | 352/658 kB
Progress (4): 6.5/8.4 MB | 1.4/1.9 MB | 0.8/1.1 MB | 352/658 kB
Progress (4): 6.5/8.4 MB | 1.4/1.9 MB | 0.8/1.1 MB | 352/658 kB
Progress (4): 6.5/8.4 MB | 1.4/1.9 MB | 0.8/1.1 MB | 352/658 kB
Progress (4): 6.5/8.4 MB | 1.4/1.9 MB | 0.8/1.1 MB | 352/658 kB
Progress (4): 6.5/8.4 MB | 1.4/1.9 MB | 0.8/1.1 MB | 352/658 kB
Progress (4): 6.5/8.4 MB | 1.4/1.9 MB | 0.8/1.1 MB | 352/658 kB
Progress (4): 6.5/8.4 MB | 1.4/1.9 MB | 0.8/1.1 MB | 352/658 kB
Progress (4): 6.5/8.4 MB | 1.4/1.9 MB | 0.8/1.1 MB | 352/658 kB
Progress (4): 6.5/8.4 MB | 1.5/1.9 MB | 0.8/1.1 MB | 352/658 kB
Progress (4): 6.5/8.4 MB | 1.5/1.9 MB | 0.8/1.1 MB | 352/658 kB
Progress (4): 6.5/8.4 MB | 1.5/1.9 MB | 0.8/1.1 MB | 352/658 kB
Progress (4): 6.5/8.4 MB | 1.5/1.9 MB | 0.8/1.1 MB | 352/658 kB
Progress (4): 6.5/8.4 MB | 1.5/1.9 MB | 0.8/1.1 MB | 352/658 kB
Progress (4): 6.6/8.4 MB | 1.5/1.9 MB | 0.8/1.1 MB | 352/658 kB
Progress (4): 6.6/8.4 MB | 1.5/1.9 MB | 0.8/1.1 MB | 352/658 kB
Progress (4): 6.6/8.4 MB | 1.5/1.9 MB | 0.8/1.1 MB | 352/658 kB
Progress (4): 6.6/8.4 MB | 1.5/1.9 MB | 0.8/1.1 MB | 352/658 kB
Progress (4): 6.6/8.4 MB | 1.5/1.9 MB | 0.8/1.1 MB | 352/658 kB
Progress (4): 6.6/8.4 MB | 1.5/1.9 MB | 0.8/1.1 MB | 352/658 kB
Progress (4): 6.6/8.4 MB | 1.5/1.9 MB | 0.8/1.1 MB | 352/658 kB
Progress (4): 6.6/8.4 MB | 1.5/1.9 MB | 0.8/1.1 MB | 352/658 kB
Progress (4): 6.6/8.4 MB | 1.5/1.9 MB | 0.8/1.1 MB | 352/658 kB
Progress (4): 6.6/8.4 MB | 1.5/1.9 MB | 0.8/1.1 MB | 352/658 kB
Progress (4): 6.6/8.4 MB | 1.6/1.9 MB | 0.8/1.1 MB | 352/658 kB
Progress (4): 6.6/8.4 MB | 1.6/1.9 MB | 0.8/1.1 MB | 352/658 kB
Progress (4): 6.6/8.4 MB | 1.6/1.9 MB | 0.8/1.1 MB | 352/658 kB
Progress (4): 6.6/8.4 MB | 1.6/1.9 MB | 0.8/1.1 MB | 352/658 kB
Progress (4): 6.6/8.4 MB | 1.6/1.9 MB | 0.8/1.1 MB | 352/658 kB
Progress (4): 6.7/8.4 MB | 1.6/1.9 MB | 0.8/1.1 MB | 352/658 kB
Progress (4): 6.7/8.4 MB | 1.6/1.9 MB | 0.8/1.1 MB | 352/658 kB
Progress (4): 6.7/8.4 MB | 1.6/1.9 MB | 0.8/1.1 MB | 352/658 kB
Progress (4): 6.7/8.4 MB | 1.6/1.9 MB | 0.8/1.1 MB | 352/658 kB
Progress (4): 6.7/8.4 MB | 1.6/1.9 MB | 0.8/1.1 MB | 352/658 kB
Progress (4): 6.7/8.4 MB | 1.6/1.9 MB | 0.8/1.1 MB | 352/658 kB
Progress (4): 6.7/8.4 MB | 1.6/1.9 MB | 0.8/1.1 MB | 352/658 kB
Progress (4): 6.7/8.4 MB | 1.7/1.9 MB | 0.8/1.1 MB | 352/658 kB
Progress (4): 6.7/8.4 MB | 1.7/1.9 MB | 0.8/1.1 MB | 352/658 kB
Progress (4): 6.7/8.4 MB | 1.7/1.9 MB | 0.8/1.1 MB | 352/658 kB
Progress (4): 6.7/8.4 MB | 1.7/1.9 MB | 0.8/1.1 MB | 352/658 kB
Progress (4): 6.7/8.4 MB | 1.7/1.9 MB | 0.8/1.1 MB | 352/658 kB
Progress (4): 6.7/8.4 MB | 1.7/1.9 MB | 0.8/1.1 MB | 352/658 kB
Progress (4): 6.8/8.4 MB | 1.7/1.9 MB | 0.8/1.1 MB | 352/658 kB
Progress (4): 6.8/8.4 MB | 1.7/1.9 MB | 0.8/1.1 MB | 352/658 kB
Progress (4): 6.8/8.4 MB | 1.7/1.9 MB | 0.8/1.1 MB | 352/658 kB
Progress (4): 6.8/8.4 MB | 1.7/1.9 MB | 0.8/1.1 MB | 352/658 kB
Progress (4): 6.8/8.4 MB | 1.7/1.9 MB | 0.8/1.1 MB | 352/658 kB
Progress (4): 6.8/8.4 MB | 1.7/1.9 MB | 0.8/1.1 MB | 352/658 kB
Progress (4): 6.8/8.4 MB | 1.7/1.9 MB | 0.8/1.1 MB | 352/658 kB
Progress (4): 6.8/8.4 MB | 1.8/1.9 MB | 0.8/1.1 MB | 352/658 kB
Progress (4): 6.8/8.4 MB | 1.8/1.9 MB | 0.8/1.1 MB | 352/658 kB
Progress (4): 6.8/8.4 MB | 1.8/1.9 MB | 0.8/1.1 MB | 352/658 kB
Progress (4): 6.8/8.4 MB | 1.8/1.9 MB | 0.8/1.1 MB | 352/658 kB
Progress (4): 6.8/8.4 MB | 1.8/1.9 MB | 0.8/1.1 MB | 352/658 kB
Progress (4): 6.9/8.4 MB | 1.8/1.9 MB | 0.8/1.1 MB | 352/658 kB
Progress (4): 6.9/8.4 MB | 1.8/1.9 MB | 0.8/1.1 MB | 352/658 kB
Progress (4): 6.9/8.4 MB | 1.8/1.9 MB | 0.8/1.1 MB | 352/658 kB
Progress (4): 6.9/8.4 MB | 1.8/1.9 MB | 0.8/1.1 MB | 352/658 kB
Progress (4): 6.9/8.4 MB | 1.8/1.9 MB | 0.8/1.1 MB | 352/658 kB
Progress (4): 6.9/8.4 MB | 1.8/1.9 MB | 0.8/1.1 MB | 352/658 kB
Progress (4): 6.9/8.4 MB | 1.8/1.9 MB | 0.8/1.1 MB | 352/658 kB
Progress (4): 6.9/8.4 MB | 1.8/1.9 MB | 0.8/1.1 MB | 352/658 kB
Progress (4): 6.9/8.4 MB | 1.8/1.9 MB | 0.9/1.1 MB | 352/658 kB
Progress (4): 6.9/8.4 MB | 1.8/1.9 MB | 0.9/1.1 MB | 352/658 kB
Progress (4): 6.9/8.4 MB | 1.8/1.9 MB | 0.9/1.1 MB | 352/658 kB
Progress (4): 6.9/8.4 MB | 1.8/1.9 MB | 0.9/1.1 MB | 352/658 kB
Progress (4): 6.9/8.4 MB | 1.8/1.9 MB | 0.9/1.1 MB | 352/658 kB
Progress (4): 6.9/8.4 MB | 1.8/1.9 MB | 0.9/1.1 MB | 352/658 kB
Progress (4): 6.9/8.4 MB | 1.8/1.9 MB | 1.0/1.1 MB | 352/658 kB
Progress (4): 6.9/8.4 MB | 1.8/1.9 MB | 1.0/1.1 MB | 368/658 kB
Progress (4): 6.9/8.4 MB | 1.8/1.9 MB | 1.0/1.1 MB | 381/658 kB
Progress (4): 6.9/8.4 MB | 1.8/1.9 MB | 1.0/1.1 MB | 397/658 kB
Progress (4): 6.9/8.4 MB | 1.8/1.9 MB | 1.0/1.1 MB | 413/658 kB
Progress (4): 6.9/8.4 MB | 1.8/1.9 MB | 1.0/1.1 MB | 430/658 kB
Progress (4): 6.9/8.4 MB | 1.8/1.9 MB | 1.0/1.1 MB | 430/658 kB
Progress (4): 6.9/8.4 MB | 1.8/1.9 MB | 1.0/1.1 MB | 446/658 kB
Progress (4): 6.9/8.4 MB | 1.8/1.9 MB | 1.0/1.1 MB | 446/658 kB
Progress (4): 6.9/8.4 MB | 1.8/1.9 MB | 1.0/1.1 MB | 463/658 kB
Progress (4): 6.9/8.4 MB | 1.8/1.9 MB | 1.0/1.1 MB | 463/658 kB
Progress (4): 6.9/8.4 MB | 1.8/1.9 MB | 1.0/1.1 MB | 479/658 kB
Progress (4): 6.9/8.4 MB | 1.8/1.9 MB | 1.0/1.1 MB | 479/658 kB
Progress (4): 6.9/8.4 MB | 1.8/1.9 MB | 1.0/1.1 MB | 495/658 kB
Progress (4): 7.0/8.4 MB | 1.8/1.9 MB | 1.0/1.1 MB | 495/658 kB
Progress (4): 7.0/8.4 MB | 1.8/1.9 MB | 1.0/1.1 MB | 495/658 kB
Progress (4): 7.0/8.4 MB | 1.8/1.9 MB | 1.0/1.1 MB | 512/658 kB
Progress (4): 7.0/8.4 MB | 1.8/1.9 MB | 1.0/1.1 MB | 512/658 kB
Progress (4): 7.0/8.4 MB | 1.8/1.9 MB | 1.0/1.1 MB | 512/658 kB
Progress (4): 7.0/8.4 MB | 1.8/1.9 MB | 1.0/1.1 MB | 528/658 kB
Progress (4): 7.0/8.4 MB | 1.8/1.9 MB | 1.0/1.1 MB | 528/658 kB
Progress (4): 7.0/8.4 MB | 1.8/1.9 MB | 1.0/1.1 MB | 528/658 kB
Progress (4): 7.0/8.4 MB | 1.8/1.9 MB | 1.0/1.1 MB | 544/658 kB
Progress (4): 7.0/8.4 MB | 1.8/1.9 MB | 1.0/1.1 MB | 544/658 kB
Progress (4): 7.0/8.4 MB | 1.8/1.9 MB | 1.0/1.1 MB | 544/658 kB
Progress (4): 7.0/8.4 MB | 1.8/1.9 MB | 1.0/1.1 MB | 544/658 kB
Progress (4): 7.0/8.4 MB | 1.8/1.9 MB | 1.0/1.1 MB | 561/658 kB
Progress (4): 7.0/8.4 MB | 1.8/1.9 MB | 1.0/1.1 MB | 561/658 kB
Progress (4): 7.0/8.4 MB | 1.8/1.9 MB | 1.0/1.1 MB | 561/658 kB
Progress (4): 7.0/8.4 MB | 1.8/1.9 MB | 1.0/1.1 MB | 577/658 kB
Progress (4): 7.0/8.4 MB | 1.8/1.9 MB | 1.0/1.1 MB | 577/658 kB
Progress (4): 7.0/8.4 MB | 1.8/1.9 MB | 1.0/1.1 MB | 577/658 kB
Progress (4): 7.0/8.4 MB | 1.8/1.9 MB | 1.0/1.1 MB | 594/658 kB
Progress (4): 7.1/8.4 MB | 1.8/1.9 MB | 1.0/1.1 MB | 594/658 kB
Progress (4): 7.1/8.4 MB | 1.8/1.9 MB | 1.0/1.1 MB | 600/658 kB
Progress (4): 7.1/8.4 MB | 1.8/1.9 MB | 1.1/1.1 MB | 600/658 kB
Progress (4): 7.1/8.4 MB | 1.8/1.9 MB | 1.1/1.1 MB | 600/658 kB
Progress (4): 7.1/8.4 MB | 1.8/1.9 MB | 1.1/1.1 MB | 616/658 kB
Progress (4): 7.1/8.4 MB | 1.8/1.9 MB | 1.1 MB | 616/658 kB    
Progress (4): 7.1/8.4 MB | 1.8/1.9 MB | 1.1 MB | 616/658 kB
Progress (4): 7.1/8.4 MB | 1.8/1.9 MB | 1.1 MB | 633/658 kB
Progress (4): 7.1/8.4 MB | 1.8/1.9 MB | 1.1 MB | 633/658 kB
Progress (4): 7.1/8.4 MB | 1.8/1.9 MB | 1.1 MB | 649/658 kB
Progress (4): 7.1/8.4 MB | 1.8/1.9 MB | 1.1 MB | 649/658 kB
Progress (4): 7.1/8.4 MB | 1.8/1.9 MB | 1.1 MB | 658 kB    
Progress (4): 7.1/8.4 MB | 1.8/1.9 MB | 1.1 MB | 658 kB
                                                       
Downloaded from central: https://repo.maven.apache.org/maven2/org/apache/commons/commons-compress/1.25.0/commons-compress-1.25.0.jar (1.1 MB at 1.2 MB/s)
Downloading from central: https://repo.maven.apache.org/maven2/org/apache/httpcomponents/core5/httpcore5/5.2/httpcore5-5.2.jar
Progress (3): 7.1/8.4 MB | 1.8/1.9 MB | 658 kB
Progress (3): 7.2/8.4 MB | 1.8/1.9 MB | 658 kB
                                              
Downloaded from central: https://repo.maven.apache.org/maven2/org/apache/commons/commons-lang3/3.14.0/commons-lang3-3.14.0.jar (658 kB at 743 kB/s)
Downloading from central: https://repo.maven.apache.org/maven2/org/apache/httpcomponents/core5/httpcore5-h2/5.2/httpcore5-h2-5.2.jar
Progress (2): 7.2/8.4 MB | 1.8/1.9 MB
Progress (2): 7.2/8.4 MB | 1.8/1.9 MB
Progress (2): 7.2/8.4 MB | 1.8/1.9 MB
Progress (2): 7.2/8.4 MB | 1.8/1.9 MB
Progress (2): 7.2/8.4 MB | 1.8/1.9 MB
Progress (2): 7.3/8.4 MB | 1.8/1.9 MB
Progress (2): 7.3/8.4 MB | 1.8/1.9 MB
Progress (2): 7.3/8.4 MB | 1.8/1.9 MB
Progress (2): 7.3/8.4 MB | 1.8/1.9 MB
Progress (2): 7.3/8.4 MB | 1.8/1.9 MB
Progress (2): 7.3/8.4 MB | 1.8/1.9 MB
Progress (2): 7.3/8.4 MB | 1.8/1.9 MB
Progress (2): 7.3/8.4 MB | 1.8/1.9 MB
Progress (2): 7.4/8.4 MB | 1.8/1.9 MB
Progress (2): 7.4/8.4 MB | 1.9/1.9 MB
Progress (2): 7.4/8.4 MB | 1.9/1.9 MB
Progress (2): 7.4/8.4 MB | 1.9/1.9 MB
Progress (2): 7.4/8.4 MB | 1.9/1.9 MB
Progress (2): 7.4/8.4 MB | 1.9/1.9 MB
Progress (2): 7.4/8.4 MB | 1.9/1.9 MB
Progress (2): 7.4/8.4 MB | 1.9/1.9 MB
Progress (2): 7.4/8.4 MB | 1.9/1.9 MB
Progress (2): 7.5/8.4 MB | 1.9/1.9 MB
Progress (2): 7.5/8.4 MB | 1.9/1.9 MB
Progress (2): 7.5/8.4 MB | 1.9/1.9 MB
Progress (2): 7.5/8.4 MB | 1.9/1.9 MB
Progress (2): 7.5/8.4 MB | 1.9/1.9 MB
Progress (2): 7.5/8.4 MB | 1.9/1.9 MB
Progress (2): 7.6/8.4 MB | 1.9/1.9 MB
Progress (2): 7.6/8.4 MB | 1.9/1.9 MB
Progress (2): 7.6/8.4 MB | 1.9/1.9 MB
Progress (2): 7.6/8.4 MB | 1.9/1.9 MB
Progress (2): 7.6/8.4 MB | 1.9/1.9 MB
Progress (2): 7.6/8.4 MB | 1.9/1.9 MB
Progress (2): 7.7/8.4 MB | 1.9/1.9 MB
Progress (2): 7.7/8.4 MB | 1.9/1.9 MB
Progress (2): 7.7/8.4 MB | 1.9/1.9 MB
Progress (2): 7.7/8.4 MB | 1.9/1.9 MB
Progress (2): 7.7/8.4 MB | 1.9/1.9 MB
Progress (2): 7.7/8.4 MB | 1.9/1.9 MB
Progress (2): 7.8/8.4 MB | 1.9/1.9 MB
Progress (2): 7.8/8.4 MB | 1.9/1.9 MB
Progress (2): 7.8/8.4 MB | 1.9/1.9 MB
Progress (2): 7.8/8.4 MB | 1.9/1.9 MB
Progress (2): 7.8/8.4 MB | 1.9/1.9 MB
Progress (2): 7.8/8.4 MB | 1.9/1.9 MB
Progress (2): 7.8/8.4 MB | 1.9/1.9 MB
Progress (2): 7.9/8.4 MB | 1.9/1.9 MB
Progress (2): 7.9/8.4 MB | 1.9/1.9 MB
Progress (2): 7.9/8.4 MB | 1.9/1.9 MB
Progress (2): 7.9/8.4 MB | 1.9/1.9 MB
Progress (2): 7.9/8.4 MB | 1.9/1.9 MB
Progress (2): 7.9/8.4 MB | 1.9/1.9 MB
Progress (2): 8.0/8.4 MB | 1.9/1.9 MB
Progress (2): 8.0/8.4 MB | 1.9/1.9 MB
Progress (2): 8.0/8.4 MB | 1.9/1.9 MB
Progress (2): 8.0/8.4 MB | 1.9/1.9 MB
Progress (2): 8.0/8.4 MB | 1.9/1.9 MB
Progress (2): 8.0/8.4 MB | 1.9/1.9 MB
Progress (2): 8.1/8.4 MB | 1.9/1.9 MB
Progress (2): 8.1/8.4 MB | 1.9/1.9 MB
Progress (2): 8.1/8.4 MB | 1.9/1.9 MB
Progress (2): 8.1/8.4 MB | 1.9/1.9 MB
Progress (2): 8.1/8.4 MB | 1.9/1.9 MB
Progress (2): 8.1/8.4 MB | 1.9/1.9 MB
Progress (2): 8.1/8.4 MB | 1.9/1.9 MB
Progress (2): 8.2/8.4 MB | 1.9/1.9 MB
Progress (2): 8.2/8.4 MB | 1.9/1.9 MB
Progress (2): 8.2/8.4 MB | 1.9/1.9 MB
Progress (2): 8.2/8.4 MB | 1.9/1.9 MB
Progress (2): 8.2/8.4 MB | 1.9/1.9 MB
Progress (2): 8.2/8.4 MB | 1.9/1.9 MB
Progress (2): 8.3/8.4 MB | 1.9/1.9 MB
Progress (2): 8.3/8.4 MB | 1.9/1.9 MB
Progress (2): 8.3/8.4 MB | 1.9/1.9 MB
Progress (2): 8.3/8.4 MB | 1.9/1.9 MB
Progress (2): 8.3/8.4 MB | 1.9/1.9 MB
Progress (2): 8.3/8.4 MB | 1.9/1.9 MB
Progress (2): 8.4/8.4 MB | 1.9/1.9 MB
Progress (2): 8.4 MB | 1.9/1.9 MB    
                                 
Downloaded from central: https://repo.maven.apache.org/maven2/org/bouncycastle/bcprov-jdk18on/1.76/bcprov-jdk18on-1.76.jar (8.4 MB at 9.3 MB/s)
Progress (2): 1.9/1.9 MB | 7.7/840 kB
Progress (2): 1.9/1.9 MB | 11/840 kB 
Progress (2): 1.9/1.9 MB | 28/840 kB
Progress (2): 1.9/1.9 MB | 44/840 kB
Progress (2): 1.9/1.9 MB | 61/840 kB
Progress (2): 1.9/1.9 MB | 77/840 kB
Progress (2): 1.9/1.9 MB | 93/840 kB
Progress (2): 1.9/1.9 MB | 110/840 kB
Progress (2): 1.9/1.9 MB | 126/840 kB
Progress (2): 1.9/1.9 MB | 142/840 kB
Progress (2): 1.9/1.9 MB | 159/840 kB
Progress (2): 1.9/1.9 MB | 175/840 kB
Progress (2): 1.9/1.9 MB | 192/840 kB
Progress (2): 1.9/1.9 MB | 208/840 kB
Progress (2): 1.9/1.9 MB | 224/840 kB
Progress (2): 1.9 MB | 224/840 kB    
Progress (2): 1.9 MB | 241/840 kB
Progress (2): 1.9 MB | 257/840 kB
Progress (2): 1.9 MB | 274/840 kB
Progress (2): 1.9 MB | 290/840 kB
                                 
Downloaded from central: https://repo.maven.apache.org/maven2/net/java/dev/jna/jna/5.13.0/jna-5.13.0.jar (1.9 MB at 2.0 MB/s)
Progress (1): 306/840 kB
Progress (1): 323/840 kB
Progress (1): 339/840 kB
Progress (1): 342/840 kB
Progress (2): 342/840 kB | 7.7/237 kB
Progress (2): 359/840 kB | 7.7/237 kB
Progress (2): 359/840 kB | 16/237 kB 
Progress (2): 375/840 kB | 16/237 kB
Progress (2): 375/840 kB | 24/237 kB
Progress (2): 391/840 kB | 24/237 kB
Progress (2): 391/840 kB | 40/237 kB
Progress (2): 408/840 kB | 40/237 kB
Progress (2): 408/840 kB | 57/237 kB
Progress (2): 424/840 kB | 57/237 kB
Progress (2): 424/840 kB | 73/237 kB
Progress (2): 440/840 kB | 73/237 kB
Progress (2): 440/840 kB | 90/237 kB
Progress (2): 457/840 kB | 90/237 kB
Progress (2): 457/840 kB | 106/237 kB
Progress (2): 473/840 kB | 106/237 kB
Progress (2): 473/840 kB | 122/237 kB
Progress (2): 490/840 kB | 122/237 kB
Progress (2): 494/840 kB | 122/237 kB
Progress (2): 494/840 kB | 139/237 kB
Progress (2): 510/840 kB | 139/237 kB
Progress (2): 510/840 kB | 155/237 kB
Progress (2): 527/840 kB | 155/237 kB
Progress (2): 527/840 kB | 172/237 kB
Progress (2): 543/840 kB | 172/237 kB
Progress (2): 543/840 kB | 188/237 kB
Progress (2): 560/840 kB | 188/237 kB
Progress (2): 560/840 kB | 204/237 kB
Progress (2): 560/840 kB | 217/237 kB
Progress (2): 576/840 kB | 217/237 kB
Progress (2): 576/840 kB | 233/237 kB
Progress (2): 592/840 kB | 233/237 kB
Progress (2): 592/840 kB | 237 kB    
Progress (2): 609/840 kB | 237 kB
Progress (2): 625/840 kB | 237 kB
Progress (2): 641/840 kB | 237 kB
                                 
Downloaded from central: https://repo.maven.apache.org/maven2/org/apache/httpcomponents/core5/httpcore5-h2/5.2/httpcore5-h2-5.2.jar (237 kB at 257 kB/s)
Progress (1): 658/840 kB
Progress (1): 674/840 kB
Progress (1): 691/840 kB
Progress (1): 707/840 kB
Progress (1): 723/840 kB
Progress (1): 740/840 kB
Progress (1): 756/840 kB
Progress (1): 773/840 kB
Progress (1): 789/840 kB
Progress (1): 805/840 kB
Progress (1): 822/840 kB
Progress (1): 823/840 kB
Progress (1): 839/840 kB
Progress (1): 840 kB    
                    
Downloaded from central: https://repo.maven.apache.org/maven2/org/apache/httpcomponents/client5/httpclient5/5.2.1/httpclient5-5.2.1.jar (840 kB at 908 kB/s)
Progress (1): 7.7/853 kB
Progress (1): 16/853 kB 
Progress (1): 28/853 kB
Progress (1): 44/853 kB
Progress (1): 60/853 kB
Progress (1): 77/853 kB
Progress (1): 93/853 kB
Progress (1): 110/853 kB
Progress (1): 120/853 kB
Progress (1): 137/853 kB
Progress (1): 153/853 kB
Progress (1): 170/853 kB
Progress (1): 186/853 kB
Progress (1): 194/853 kB
Progress (1): 211/853 kB
Progress (1): 227/853 kB
Progress (1): 243/853 kB
Progress (1): 260/853 kB
Progress (1): 276/853 kB
Progress (1): 292/853 kB
Progress (1): 309/853 kB
Progress (1): 325/853 kB
Progress (1): 342/853 kB
Progress (1): 358/853 kB
Progress (1): 366/853 kB
Progress (1): 383/853 kB
Progress (1): 399/853 kB
Progress (1): 415/853 kB
Progress (1): 432/853 kB
Progress (1): 448/853 kB
Progress (1): 462/853 kB
Progress (1): 478/853 kB
Progress (1): 495/853 kB
Progress (1): 511/853 kB
Progress (1): 527/853 kB
Progress (1): 532/853 kB
Progress (1): 549/853 kB
Progress (1): 565/853 kB
Progress (1): 573/853 kB
Progress (1): 590/853 kB
Progress (1): 598/853 kB
Progress (1): 614/853 kB
Progress (1): 631/853 kB
Progress (1): 647/853 kB
Progress (1): 664/853 kB
Progress (1): 680/853 kB
Progress (1): 694/853 kB
Progress (1): 711/853 kB
Progress (1): 727/853 kB
Progress (1): 744/853 kB
Progress (1): 760/853 kB
Progress (1): 776/853 kB
Progress (1): 785/853 kB
Progress (1): 801/853 kB
Progress (1): 817/853 kB
Progress (1): 834/853 kB
Progress (1): 850/853 kB
Progress (1): 853 kB    
                    
Downloaded from central: https://repo.maven.apache.org/maven2/org/apache/httpcomponents/core5/httpcore5/5.2/httpcore5-5.2.jar (853 kB at 909 kB/s)
[INFO] 
[INFO] --- resources:3.3.1:resources (default-resources) @ selenium-cucumber ---
Downloading from central: https://repo.maven.apache.org/maven2/org/codehaus/plexus/plexus-interpolation/1.26/plexus-interpolation-1.26.pom
Progress (1): 1.4 kB
Progress (1): 2.7 kB
                    
Downloaded from central: https://repo.maven.apache.org/maven2/org/codehaus/plexus/plexus-interpolation/1.26/plexus-interpolation-1.26.pom (2.7 kB at 72 kB/s)
Downloading from central: https://repo.maven.apache.org/maven2/org/codehaus/plexus/plexus/5.1/plexus-5.1.pom
Progress (1): 700 B
Progress (1): 2.7 kB
Progress (1): 6.5 kB
Progress (1): 9.1 kB
Progress (1): 12 kB 
Progress (1): 16 kB
Progress (1): 21 kB
Progress (1): 23 kB
                   
Downloaded from central: https://repo.maven.apache.org/maven2/org/codehaus/plexus/plexus/5.1/plexus-5.1.pom (23 kB at 662 kB/s)
Downloading from central: https://repo.maven.apache.org/maven2/org/codehaus/plexus/plexus-utils/3.5.1/plexus-utils-3.5.1.pom
Progress (1): 726 B
Progress (1): 2.4 kB
Progress (1): 4.4 kB
Progress (1): 8.6 kB
Progress (1): 8.8 kB
                    
Downloaded from central: https://repo.maven.apache.org/maven2/org/codehaus/plexus/plexus-utils/3.5.1/plexus-utils-3.5.1.pom (8.8 kB at 251 kB/s)
Downloading from central: https://repo.maven.apache.org/maven2/org/codehaus/plexus/plexus/10/plexus-10.pom
Progress (1): 696 B
Progress (1): 2.7 kB
Progress (1): 6.4 kB
Progress (1): 9.2 kB
Progress (1): 11 kB 
Progress (1): 16 kB
Progress (1): 20 kB
Progress (1): 24 kB
Progress (1): 25 kB
                   
Downloaded from central: https://repo.maven.apache.org/maven2/org/codehaus/plexus/plexus/10/plexus-10.pom (25 kB at 794 kB/s)
Downloading from central: https://repo.maven.apache.org/maven2/org/apache/maven/shared/maven-filtering/3.3.1/maven-filtering-3.3.1.pom
Progress (1): 793 B
Progress (1): 2.3 kB
Progress (1): 5.6 kB
Progress (1): 6.0 kB
                    
Downloaded from central: https://repo.maven.apache.org/maven2/org/apache/maven/shared/maven-filtering/3.3.1/maven-filtering-3.3.1.pom (6.0 kB at 178 kB/s)
Downloading from central: https://repo.maven.apache.org/maven2/org/apache/maven/shared/maven-shared-components/39/maven-shared-components-39.pom
Progress (1): 812 B
Progress (1): 2.2 kB
Progress (1): 3.2 kB
                    
Downloaded from central: https://repo.maven.apache.org/maven2/org/apache/maven/shared/maven-shared-components/39/maven-shared-components-39.pom (3.2 kB at 101 kB/s)
Downloading from central: https://repo.maven.apache.org/maven2/javax/inject/javax.inject/1/javax.inject-1.pom
Progress (1): 612 B
                   
Downloaded from central: https://repo.maven.apache.org/maven2/javax/inject/javax.inject/1/javax.inject-1.pom (612 B at 17 kB/s)
Downloading from central: https://repo.maven.apache.org/maven2/org/sonatype/plexus/plexus-build-api/0.0.7/plexus-build-api-0.0.7.pom
Progress (1): 910 B
Progress (1): 3.2 kB
                    
Downloaded from central: https://repo.maven.apache.org/maven2/org/sonatype/plexus/plexus-build-api/0.0.7/plexus-build-api-0.0.7.pom (3.2 kB at 100 kB/s)
Downloading from central: https://repo.maven.apache.org/maven2/org/sonatype/spice/spice-parent/15/spice-parent-15.pom
Progress (1): 1.2 kB
Progress (1): 3.7 kB
Progress (1): 7.3 kB
Progress (1): 8.4 kB
                    
Downloaded from central: https://repo.maven.apache.org/maven2/org/sonatype/spice/spice-parent/15/spice-parent-15.pom (8.4 kB at 279 kB/s)
Downloading from central: https://repo.maven.apache.org/maven2/org/sonatype/forge/forge-parent/5/forge-parent-5.pom
Progress (1): 1.3 kB
Progress (1): 5.5 kB
Progress (1): 8.4 kB
                    
Downloaded from central: https://repo.maven.apache.org/maven2/org/sonatype/forge/forge-parent/5/forge-parent-5.pom (8.4 kB at 261 kB/s)
Downloading from central: https://repo.maven.apache.org/maven2/org/codehaus/plexus/plexus-utils/3.5.0/plexus-utils-3.5.0.pom
Progress (1): 725 B
Progress (1): 2.4 kB
Progress (1): 4.5 kB
Progress (1): 8.0 kB
                    
Downloaded from central: https://repo.maven.apache.org/maven2/org/codehaus/plexus/plexus-utils/3.5.0/plexus-utils-3.5.0.pom (8.0 kB at 258 kB/s)
Downloading from central: https://repo.maven.apache.org/maven2/commons-io/commons-io/2.11.0/commons-io-2.11.0.pom
Progress (1): 764 B
Progress (1): 2.1 kB
Progress (1): 5.2 kB
Progress (1): 7.8 kB
Progress (1): 10 kB 
Progress (1): 12 kB
Progress (1): 15 kB
Progress (1): 18 kB
Progress (1): 20 kB
                   
Downloaded from central: https://repo.maven.apache.org/maven2/commons-io/commons-io/2.11.0/commons-io-2.11.0.pom (20 kB at 598 kB/s)
Downloading from central: https://repo.maven.apache.org/maven2/org/junit/junit-bom/5.7.2/junit-bom-5.7.2.pom
Progress (1): 912 B
Progress (1): 4.1 kB
Progress (1): 5.1 kB
                    
Downloaded from central: https://repo.maven.apache.org/maven2/org/junit/junit-bom/5.7.2/junit-bom-5.7.2.pom (5.1 kB at 142 kB/s)
Downloading from central: https://repo.maven.apache.org/maven2/org/codehaus/plexus/plexus-interpolation/1.26/plexus-interpolation-1.26.jar
Progress (1): 7.7/85 kB
Progress (1): 16/85 kB 
Progress (1): 32/85 kB
Progress (1): 49/85 kB
Progress (1): 65/85 kB
Progress (1): 81/85 kB
Progress (1): 85 kB   
                   
Downloaded from central: https://repo.maven.apache.org/maven2/org/codehaus/plexus/plexus-interpolation/1.26/plexus-interpolation-1.26.jar (85 kB at 2.2 MB/s)
Downloading from central: https://repo.maven.apache.org/maven2/org/codehaus/plexus/plexus-utils/3.5.1/plexus-utils-3.5.1.jar
Downloading from central: https://repo.maven.apache.org/maven2/org/apache/maven/shared/maven-filtering/3.3.1/maven-filtering-3.3.1.jar
Downloading from central: https://repo.maven.apache.org/maven2/javax/inject/javax.inject/1/javax.inject-1.jar
Downloading from central: https://repo.maven.apache.org/maven2/org/sonatype/plexus/plexus-build-api/0.0.7/plexus-build-api-0.0.7.jar
Downloading from central: https://repo.maven.apache.org/maven2/commons-io/commons-io/2.11.0/commons-io-2.11.0.jar
Progress (1): 2.5 kB
                    
Downloaded from central: https://repo.maven.apache.org/maven2/javax/inject/javax.inject/1/javax.inject-1.jar (2.5 kB at 81 kB/s)
Downloading from central: https://repo.maven.apache.org/maven2/org/apache/commons/commons-lang3/3.12.0/commons-lang3-3.12.0.jar
Progress (1): 7.7/327 kB
Progress (1): 7.7/327 kB
Progress (2): 7.7/327 kB | 3.1/269 kB
Progress (2): 24/327 kB | 3.1/269 kB 
Progress (2): 24/327 kB | 20/269 kB 
Progress (2): 40/327 kB | 20/269 kB
Progress (2): 40/327 kB | 36/269 kB
Progress (2): 40/327 kB | 52/269 kB
Progress (2): 40/327 kB | 69/269 kB
Progress (2): 40/327 kB | 85/269 kB
Progress (2): 40/327 kB | 98/269 kB
Progress (2): 57/327 kB | 98/269 kB
Progress (2): 57/327 kB | 115/269 kB
Progress (2): 73/327 kB | 115/269 kB
Progress (2): 73/327 kB | 131/269 kB
Progress (2): 90/327 kB | 131/269 kB
Progress (2): 90/327 kB | 147/269 kB
Progress (2): 106/327 kB | 147/269 kB
Progress (2): 122/327 kB | 147/269 kB
Progress (2): 122/327 kB | 164/269 kB
Progress (2): 139/327 kB | 164/269 kB
Progress (2): 155/327 kB | 164/269 kB
Progress (2): 172/327 kB | 164/269 kB
Progress (2): 188/327 kB | 164/269 kB
Progress (2): 188/327 kB | 180/269 kB
Progress (2): 204/327 kB | 180/269 kB
Progress (2): 204/327 kB | 197/269 kB
Progress (2): 221/327 kB | 197/269 kB
Progress (2): 221/327 kB | 213/269 kB
Progress (2): 237/327 kB | 213/269 kB
Progress (2): 237/327 kB | 229/269 kB
Progress (2): 253/327 kB | 229/269 kB
Progress (2): 253/327 kB | 246/269 kB
Progress (2): 270/327 kB | 246/269 kB
Progress (2): 270/327 kB | 262/269 kB
Progress (2): 270/327 kB | 269 kB    
Progress (2): 286/327 kB | 269 kB
Progress (2): 303/327 kB | 269 kB
Progress (2): 319/327 kB | 269 kB
Progress (2): 327 kB | 269 kB    
                             
Downloaded from central: https://repo.maven.apache.org/maven2/org/codehaus/plexus/plexus-utils/3.5.1/plexus-utils-3.5.1.jar (269 kB at 7.1 MB/s)
Downloaded from central: https://repo.maven.apache.org/maven2/commons-io/commons-io/2.11.0/commons-io-2.11.0.jar (327 kB at 9.1 MB/s)
Progress (1): 7.7/8.5 kB
Progress (1): 8.2/8.5 kB
Progress (1): 8.5 kB    
                    
Downloaded from central: https://repo.maven.apache.org/maven2/org/sonatype/plexus/plexus-build-api/0.0.7/plexus-build-api-0.0.7.jar (8.5 kB at 212 kB/s)
Progress (1): 7.7/55 kB
Progress (1): 11/55 kB 
Progress (1): 28/55 kB
Progress (1): 44/55 kB
Progress (1): 55 kB   
                   
Downloaded from central: https://repo.maven.apache.org/maven2/org/apache/maven/shared/maven-filtering/3.3.1/maven-filtering-3.3.1.jar (55 kB at 1.2 MB/s)
Progress (1): 7.7/587 kB
Progress (1): 12/587 kB 
Progress (1): 29/587 kB
Progress (1): 45/587 kB
Progress (1): 61/587 kB
Progress (1): 78/587 kB
Progress (1): 94/587 kB
Progress (1): 111/587 kB
Progress (1): 127/587 kB
Progress (1): 131/587 kB
Progress (1): 147/587 kB
Progress (1): 164/587 kB
Progress (1): 180/587 kB
Progress (1): 197/587 kB
Progress (1): 213/587 kB
Progress (1): 229/587 kB
Progress (1): 246/587 kB
Progress (1): 262/587 kB
Progress (1): 279/587 kB
Progress (1): 295/587 kB
Progress (1): 311/587 kB
Progress (1): 328/587 kB
Progress (1): 344/587 kB
Progress (1): 360/587 kB
Progress (1): 377/587 kB
Progress (1): 393/587 kB
Progress (1): 410/587 kB
Progress (1): 426/587 kB
Progress (1): 442/587 kB
Progress (1): 459/587 kB
Progress (1): 475/587 kB
Progress (1): 492/587 kB
Progress (1): 508/587 kB
Progress (1): 524/587 kB
Progress (1): 541/587 kB
Progress (1): 557/587 kB
Progress (1): 573/587 kB
Progress (1): 587 kB    
                    
Downloaded from central: https://repo.maven.apache.org/maven2/org/apache/commons/commons-lang3/3.12.0/commons-lang3-3.12.0.jar (587 kB at 9.2 MB/s)
[INFO] skip non existing resourceDirectory /tmp/qbric-codegen/exec-65de10708d374e369acddcc0f93d9f0d-heal/src/main/resources
[INFO] 
[INFO] --- compiler:3.13.0:compile (default-compile) @ selenium-cucumber ---
Downloading from central: https://repo.maven.apache.org/maven2/org/apache/maven/shared/maven-shared-utils/3.4.2/maven-shared-utils-3.4.2.pom
Progress (1): 793 B
Progress (1): 2.3 kB
Progress (1): 4.3 kB
Progress (1): 5.9 kB
                    
Downloaded from central: https://repo.maven.apache.org/maven2/org/apache/maven/shared/maven-shared-utils/3.4.2/maven-shared-utils-3.4.2.pom (5.9 kB at 190 kB/s)
Downloading from central: https://repo.maven.apache.org/maven2/org/apache/maven/shared/maven-shared-incremental/1.1/maven-shared-incremental-1.1.pom
Progress (1): 806 B
Progress (1): 2.3 kB
Progress (1): 4.7 kB
                    
Downloaded from central: https://repo.maven.apache.org/maven2/org/apache/maven/shared/maven-shared-incremental/1.1/maven-shared-incremental-1.1.pom (4.7 kB at 148 kB/s)
Downloading from central: https://repo.maven.apache.org/maven2/org/apache/maven/shared/maven-shared-components/19/maven-shared-components-19.pom
Progress (1): 773 B
Progress (1): 2.4 kB
Progress (1): 4.2 kB
Progress (1): 6.4 kB
                    
Downloaded from central: https://repo.maven.apache.org/maven2/org/apache/maven/shared/maven-shared-components/19/maven-shared-components-19.pom (6.4 kB at 212 kB/s)
Downloading from central: https://repo.maven.apache.org/maven2/org/apache/maven/maven-parent/23/maven-parent-23.pom
Progress (1): 726 B
Progress (1): 2.0 kB
Progress (1): 5.9 kB
Progress (1): 10 kB 
Progress (1): 15 kB
Progress (1): 19 kB
Progress (1): 22 kB
Progress (1): 25 kB
Progress (1): 27 kB
Progress (1): 31 kB
Progress (1): 33 kB
                   
Downloaded from central: https://repo.maven.apache.org/maven2/org/apache/maven/maven-parent/23/maven-parent-23.pom (33 kB at 1.1 MB/s)
Downloading from central: https://repo.maven.apache.org/maven2/org/apache/apache/13/apache-13.pom
Progress (1): 749 B
Progress (1): 2.1 kB
Progress (1): 4.1 kB
Progress (1): 9.0 kB
Progress (1): 11 kB 
Progress (1): 14 kB
                   
Downloaded from central: https://repo.maven.apache.org/maven2/org/apache/apache/13/apache-13.pom (14 kB at 466 kB/s)
Downloading from central: https://repo.maven.apache.org/maven2/org/codehaus/plexus/plexus-java/1.2.0/plexus-java-1.2.0.pom
Progress (1): 1.9 kB
Progress (1): 4.3 kB
                    
Downloaded from central: https://repo.maven.apache.org/maven2/org/codehaus/plexus/plexus-java/1.2.0/plexus-java-1.2.0.pom (4.3 kB at 142 kB/s)
Downloading from central: https://repo.maven.apache.org/maven2/org/codehaus/plexus/plexus-languages/1.2.0/plexus-languages-1.2.0.pom
Progress (1): 1.3 kB
Progress (1): 3.2 kB
                    
Downloaded from central: https://repo.maven.apache.org/maven2/org/codehaus/plexus/plexus-languages/1.2.0/plexus-languages-1.2.0.pom (3.2 kB at 106 kB/s)
Downloading from central: https://repo.maven.apache.org/maven2/org/codehaus/plexus/plexus/15/plexus-15.pom
Progress (1): 692 B
Progress (1): 2.7 kB
Progress (1): 6.4 kB
Progress (1): 8.9 kB
Progress (1): 11 kB 
Progress (1): 14 kB
Progress (1): 18 kB
Progress (1): 21 kB
Progress (1): 25 kB
Progress (1): 28 kB
                   
Downloaded from central: https://repo.maven.apache.org/maven2/org/codehaus/plexus/plexus/15/plexus-15.pom (28 kB at 897 kB/s)
Downloading from central: https://repo.maven.apache.org/maven2/org/ow2/asm/asm/9.6/asm-9.6.pom
Progress (1): 1.3 kB
Progress (1): 2.4 kB
                    
Downloaded from central: https://repo.maven.apache.org/maven2/org/ow2/asm/asm/9.6/asm-9.6.pom (2.4 kB at 79 kB/s)
Downloading from central: https://repo.maven.apache.org/maven2/org/ow2/ow2/1.5.1/ow2-1.5.1.pom
Progress (1): 709 B
Progress (1): 2.1 kB
Progress (1): 3.6 kB
Progress (1): 5.7 kB
Progress (1): 8.1 kB
Progress (1): 11 kB 
                   
Downloaded from central: https://repo.maven.apache.org/maven2/org/ow2/ow2/1.5.1/ow2-1.5.1.pom (11 kB at 376 kB/s)
Downloading from central: https://repo.maven.apache.org/maven2/com/thoughtworks/qdox/qdox/2.0.3/qdox-2.0.3.pom
Progress (1): 872 B
Progress (1): 3.4 kB
Progress (1): 6.6 kB
Progress (1): 11 kB 
Progress (1): 13 kB
Progress (1): 17 kB
                   
Downloaded from central: https://repo.maven.apache.org/maven2/com/thoughtworks/qdox/qdox/2.0.3/qdox-2.0.3.pom (17 kB at 392 kB/s)
Downloading from central: https://repo.maven.apache.org/maven2/org/codehaus/plexus/plexus-compiler-api/2.15.0/plexus-compiler-api-2.15.0.pom
Progress (1): 1.4 kB
                    
Downloaded from central: https://repo.maven.apache.org/maven2/org/codehaus/plexus/plexus-compiler-api/2.15.0/plexus-compiler-api-2.15.0.pom (1.4 kB at 45 kB/s)
Downloading from central: https://repo.maven.apache.org/maven2/org/codehaus/plexus/plexus-compiler/2.15.0/plexus-compiler-2.15.0.pom
Progress (1): 1.2 kB
Progress (1): 4.5 kB
Progress (1): 7.6 kB
Progress (1): 7.6 kB
                    
Downloaded from central: https://repo.maven.apache.org/maven2/org/codehaus/plexus/plexus-compiler/2.15.0/plexus-compiler-2.15.0.pom (7.6 kB at 253 kB/s)
Downloading from central: https://repo.maven.apache.org/maven2/org/codehaus/plexus/plexus/17/plexus-17.pom
Progress (1): 691 B
Progress (1): 2.5 kB
Progress (1): 6.4 kB
Progress (1): 8.9 kB
Progress (1): 11 kB 
Progress (1): 14 kB
Progress (1): 19 kB
Progress (1): 21 kB
Progress (1): 25 kB
Progress (1): 28 kB
                   
Downloaded from central: https://repo.maven.apache.org/maven2/org/codehaus/plexus/plexus/17/plexus-17.pom (28 kB at 909 kB/s)
Downloading from central: https://repo.maven.apache.org/maven2/org/junit/junit-bom/5.10.2/junit-bom-5.10.2.pom
Progress (1): 908 B
Progress (1): 4.1 kB
Progress (1): 5.6 kB
                    
Downloaded from central: https://repo.maven.apache.org/maven2/org/junit/junit-bom/5.10.2/junit-bom-5.10.2.pom (5.6 kB at 188 kB/s)
Downloading from central: https://repo.maven.apache.org/maven2/org/codehaus/plexus/plexus-utils/4.0.0/plexus-utils-4.0.0.pom
Progress (1): 724 B
Progress (1): 2.3 kB
Progress (1): 4.5 kB
Progress (1): 8.7 kB
                    
Downloaded from central: https://repo.maven.apache.org/maven2/org/codehaus/plexus/plexus-utils/4.0.0/plexus-utils-4.0.0.pom (8.7 kB at 289 kB/s)
Downloading from central: https://repo.maven.apache.org/maven2/org/codehaus/plexus/plexus/13/plexus-13.pom
Progress (1): 693 B
Progress (1): 2.5 kB
Progress (1): 6.4 kB
Progress (1): 8.9 kB
Progress (1): 11 kB 
Progress (1): 14 kB
Progress (1): 18 kB
Progress (1): 21 kB
Progress (1): 26 kB
Progress (1): 27 kB
                   
Downloaded from central: https://repo.maven.apache.org/maven2/org/codehaus/plexus/plexus/13/plexus-13.pom (27 kB at 913 kB/s)
Downloading from central: https://repo.maven.apache.org/maven2/org/codehaus/plexus/plexus-compiler-manager/2.15.0/plexus-compiler-manager-2.15.0.pom
Progress (1): 1.3 kB
                    
Downloaded from central: https://repo.maven.apache.org/maven2/org/codehaus/plexus/plexus-compiler-manager/2.15.0/plexus-compiler-manager-2.15.0.pom (1.3 kB at 46 kB/s)
Downloading from central: https://repo.maven.apache.org/maven2/org/codehaus/plexus/plexus-xml/3.0.0/plexus-xml-3.0.0.pom
Progress (1): 815 B
Progress (1): 2.8 kB
Progress (1): 3.7 kB
                    
Downloaded from central: https://repo.maven.apache.org/maven2/org/codehaus/plexus/plexus-xml/3.0.0/plexus-xml-3.0.0.pom (3.7 kB at 129 kB/s)
Downloading from central: https://repo.maven.apache.org/maven2/org/codehaus/plexus/plexus-compiler-javac/2.15.0/plexus-compiler-javac-2.15.0.pom
Progress (1): 1.3 kB
                    
Downloaded from central: https://repo.maven.apache.org/maven2/org/codehaus/plexus/plexus-compiler-javac/2.15.0/plexus-compiler-javac-2.15.0.pom (1.3 kB at 46 kB/s)
Downloading from central: https://repo.maven.apache.org/maven2/org/codehaus/plexus/plexus-compilers/2.15.0/plexus-compilers-2.15.0.pom
Progress (1): 1.6 kB
Progress (1): 1.6 kB
                    
Downloaded from central: https://repo.maven.apache.org/maven2/org/codehaus/plexus/plexus-compilers/2.15.0/plexus-compilers-2.15.0.pom (1.6 kB at 44 kB/s)
Downloading from central: https://repo.maven.apache.org/maven2/org/apache/maven/shared/maven-shared-utils/3.4.2/maven-shared-utils-3.4.2.jar
Progress (1): 7.7/151 kB
Progress (1): 16/151 kB 
Progress (1): 32/151 kB
Progress (1): 49/151 kB
Progress (1): 65/151 kB
Progress (1): 81/151 kB
Progress (1): 98/151 kB
Progress (1): 114/151 kB
Progress (1): 131/151 kB
Progress (1): 147/151 kB
Progress (1): 151 kB    
                    
Downloaded from central: https://repo.maven.apache.org/maven2/org/apache/maven/shared/maven-shared-utils/3.4.2/maven-shared-utils-3.4.2.jar (151 kB at 4.7 MB/s)
Downloading from central: https://repo.maven.apache.org/maven2/org/apache/maven/shared/maven-shared-incremental/1.1/maven-shared-incremental-1.1.jar
Downloading from central: https://repo.maven.apache.org/maven2/org/codehaus/plexus/plexus-java/1.2.0/plexus-java-1.2.0.jar
Downloading from central: https://repo.maven.apache.org/maven2/org/ow2/asm/asm/9.6/asm-9.6.jar
Downloading from central: https://repo.maven.apache.org/maven2/com/thoughtworks/qdox/qdox/2.0.3/qdox-2.0.3.jar
Downloading from central: https://repo.maven.apache.org/maven2/org/codehaus/plexus/plexus-compiler-api/2.15.0/plexus-compiler-api-2.15.0.jar
Progress (1): 7.7/14 kB
Progress (1): 14 kB    
                   
Downloaded from central: https://repo.maven.apache.org/maven2/org/apache/maven/shared/maven-shared-incremental/1.1/maven-shared-incremental-1.1.jar (14 kB at 484 kB/s)
Downloading from central: https://repo.maven.apache.org/maven2/org/codehaus/plexus/plexus-compiler-manager/2.15.0/plexus-compiler-manager-2.15.0.jar
Progress (1): 7.7/29 kB
Progress (1): 16/29 kB 
Progress (1): 29 kB   
                   
Downloaded from central: https://repo.maven.apache.org/maven2/org/codehaus/plexus/plexus-compiler-api/2.15.0/plexus-compiler-api-2.15.0.jar (29 kB at 1.0 MB/s)
Downloading from central: https://repo.maven.apache.org/maven2/org/codehaus/plexus/plexus-xml/3.0.0/plexus-xml-3.0.0.jar
Progress (1): 3.2/334 kB
Progress (1): 20/334 kB 
Progress (1): 36/334 kB
Progress (1): 52/334 kB
Progress (1): 69/334 kB
Progress (1): 85/334 kB
Progress (1): 101/334 kB
Progress (1): 118/334 kB
Progress (1): 134/334 kB
Progress (1): 151/334 kB
Progress (1): 167/334 kB
Progress (1): 183/334 kB
Progress (1): 200/334 kB
Progress (1): 216/334 kB
Progress (1): 233/334 kB
Progress (1): 249/334 kB
Progress (1): 265/334 kB
Progress (1): 282/334 kB
Progress (1): 298/334 kB
Progress (1): 314/334 kB
Progress (1): 331/334 kB
Progress (1): 334 kB    
                    
Downloaded from central: https://repo.maven.apache.org/maven2/com/thoughtworks/qdox/qdox/2.0.3/qdox-2.0.3.jar (334 kB at 9.8 MB/s)
Downloading from central: https://repo.maven.apache.org/maven2/org/codehaus/plexus/plexus-compiler-javac/2.15.0/plexus-compiler-javac-2.15.0.jar
Progress (1): 7.7/124 kB
Progress (1): 16/124 kB 
Progress (1): 32/124 kB
Progress (1): 49/124 kB
Progress (1): 65/124 kB
Progress (1): 81/124 kB
Progress (1): 98/124 kB
Progress (1): 114/124 kB
Progress (1): 124 kB    
                    
Downloaded from central: https://repo.maven.apache.org/maven2/org/ow2/asm/asm/9.6/asm-9.6.jar (124 kB at 3.0 MB/s)
Downloading from central: https://repo.maven.apache.org/maven2/org/codehaus/plexus/plexus-utils/4.0.0/plexus-utils-4.0.0.jar
Progress (1): 7.7/58 kB
Progress (1): 15/58 kB 
Progress (1): 32/58 kB
Progress (1): 48/58 kB
Progress (1): 58 kB   
                   
Downloaded from central: https://repo.maven.apache.org/maven2/org/codehaus/plexus/plexus-java/1.2.0/plexus-java-1.2.0.jar (58 kB at 1.3 MB/s)
Progress (1): 5.2 kB
                    
Downloaded from central: https://repo.maven.apache.org/maven2/org/codehaus/plexus/plexus-compiler-manager/2.15.0/plexus-compiler-manager-2.15.0.jar (5.2 kB at 101 kB/s)
Progress (1): 7.7/93 kB
Progress (1): 11/93 kB 
Progress (1): 20/93 kB
Progress (1): 36/93 kB
Progress (1): 44/93 kB
Progress (1): 61/93 kB
Progress (1): 77/93 kB
Progress (1): 93 kB   
                   
Downloaded from central: https://repo.maven.apache.org/maven2/org/codehaus/plexus/plexus-xml/3.0.0/plexus-xml-3.0.0.jar (93 kB at 1.5 MB/s)
Progress (1): 7.7/26 kB
Progress (1): 16/26 kB 
Progress (1): 24/26 kB
Progress (1): 26 kB   
                   
Downloaded from central: https://repo.maven.apache.org/maven2/org/codehaus/plexus/plexus-compiler-javac/2.15.0/plexus-compiler-javac-2.15.0.jar (26 kB at 408 kB/s)
Progress (1): 7.7/192 kB
Progress (1): 16/192 kB 
Progress (1): 25/192 kB
Progress (1): 41/192 kB
Progress (1): 57/192 kB
Progress (1): 74/192 kB
Progress (1): 90/192 kB
Progress (1): 106/192 kB
Progress (1): 123/192 kB
Progress (1): 139/192 kB
Progress (1): 156/192 kB
Progress (1): 172/192 kB
Progress (1): 188/192 kB
Progress (1): 192 kB    
                    
Downloaded from central: https://repo.maven.apache.org/maven2/org/codehaus/plexus/plexus-utils/4.0.0/plexus-utils-4.0.0.jar (192 kB at 2.5 MB/s)
[INFO] No sources to compile
[INFO] 
[INFO] --- resources:3.3.1:testResources (default-testResources) @ selenium-cucumber ---
[INFO] Copying 4 resources from src/test/resources to target/test-classes
[INFO] 
[INFO] --- compiler:3.13.0:testCompile (default-testCompile) @ selenium-cucumber ---
[INFO] Recompiling the module because of changed source code.
[INFO] Compiling 11 source files with javac [debug release 17] to target/test-classes
[INFO] 
[INFO] --- surefire:3.2.5:test (default-test) @ selenium-cucumber ---
Downloading from central: https://repo.maven.apache.org/maven2/org/apache/maven/surefire/maven-surefire-common/3.2.5/maven-surefire-common-3.2.5.pom
Progress (1): 834 B
Progress (1): 3.3 kB
Progress (1): 6.2 kB
Progress (1): 6.2 kB
                    
Downloaded from central: https://repo.maven.apache.org/maven2/org/apache/maven/surefire/maven-surefire-common/3.2.5/maven-surefire-common-3.2.5.pom (6.2 kB at 122 kB/s)
Downloading from central: https://repo.maven.apache.org/maven2/org/apache/maven/surefire/surefire-api/3.2.5/surefire-api-3.2.5.pom
Progress (1): 843 B
Progress (1): 2.7 kB
Progress (1): 3.5 kB
                    
Downloaded from central: https://repo.maven.apache.org/maven2/org/apache/maven/surefire/surefire-api/3.2.5/surefire-api-3.2.5.pom (3.5 kB at 93 kB/s)
Downloading from central: https://repo.maven.apache.org/maven2/org/apache/maven/surefire/surefire-logger-api/3.2.5/surefire-logger-api-3.2.5.pom
Progress (1): 834 B
Progress (1): 2.3 kB
Progress (1): 3.3 kB
                    
Downloaded from central: https://repo.maven.apache.org/maven2/org/apache/maven/surefire/surefire-logger-api/3.2.5/surefire-logger-api-3.2.5.pom (3.3 kB at 86 kB/s)
Downloading from central: https://repo.maven.apache.org/maven2/org/apache/maven/surefire/surefire-shared-utils/3.2.5/surefire-shared-utils-3.2.5.pom
Progress (1): 1.1 kB
Progress (1): 4.1 kB
                    
Downloaded from central: https://repo.maven.apache.org/maven2/org/apache/maven/surefire/surefire-shared-utils/3.2.5/surefire-shared-utils-3.2.5.pom (4.1 kB at 107 kB/s)
Downloading from central: https://repo.maven.apache.org/maven2/org/apache/maven/surefire/surefire-extensions-api/3.2.5/surefire-extensions-api-3.2.5.pom
Progress (1): 842 B
Progress (1): 2.8 kB
Progress (1): 3.3 kB
                    
Downloaded from central: https://repo.maven.apache.org/maven2/org/apache/maven/surefire/surefire-extensions-api/3.2.5/surefire-extensions-api-3.2.5.pom (3.3 kB at 87 kB/s)
Downloading from central: https://repo.maven.apache.org/maven2/org/apache/maven/surefire/surefire-booter/3.2.5/surefire-booter-3.2.5.pom
Progress (1): 834 B
Progress (1): 3.0 kB
Progress (1): 4.5 kB
                    
Downloaded from central: https://repo.maven.apache.org/maven2/org/apache/maven/surefire/surefire-booter/3.2.5/surefire-booter-3.2.5.pom (4.5 kB at 124 kB/s)
Downloading from central: https://repo.maven.apache.org/maven2/org/apache/maven/surefire/surefire-extensions-spi/3.2.5/surefire-extensions-spi-3.2.5.pom
Progress (1): 878 B
Progress (1): 1.8 kB
                    
Downloaded from central: https://repo.maven.apache.org/maven2/org/apache/maven/surefire/surefire-extensions-spi/3.2.5/surefire-extensions-spi-3.2.5.pom (1.8 kB at 48 kB/s)
Downloading from central: https://repo.maven.apache.org/maven2/org/eclipse/aether/aether-util/1.0.0.v20140518/aether-util-1.0.0.v20140518.pom
Progress (1): 937 B
Progress (1): 2.2 kB
                    
Downloaded from central: https://repo.maven.apache.org/maven2/org/eclipse/aether/aether-util/1.0.0.v20140518/aether-util-1.0.0.v20140518.pom (2.2 kB at 59 kB/s)
Downloading from central: https://repo.maven.apache.org/maven2/org/eclipse/aether/aether/1.0.0.v20140518/aether-1.0.0.v20140518.pom
Progress (1): 798 B
Progress (1): 3.2 kB
Progress (1): 5.1 kB
Progress (1): 9.1 kB
Progress (1): 12 kB 
Progress (1): 17 kB
Progress (1): 20 kB
Progress (1): 23 kB
Progress (1): 28 kB
Progress (1): 30 kB
                   
Downloaded from central: https://repo.maven.apache.org/maven2/org/eclipse/aether/aether/1.0.0.v20140518/aether-1.0.0.v20140518.pom (30 kB at 754 kB/s)
Downloading from central: https://repo.maven.apache.org/maven2/org/eclipse/aether/aether-api/1.0.0.v20140518/aether-api-1.0.0.v20140518.pom
Progress (1): 938 B
Progress (1): 1.9 kB
                    
Downloaded from central: https://repo.maven.apache.org/maven2/org/eclipse/aether/aether-api/1.0.0.v20140518/aether-api-1.0.0.v20140518.pom (1.9 kB at 50 kB/s)
Downloading from central: https://repo.maven.apache.org/maven2/org/apache/maven/shared/maven-common-artifact-filters/3.1.1/maven-common-artifact-filters-3.1.1.pom
Progress (1): 798 B
Progress (1): 2.3 kB
Progress (1): 5.7 kB
Progress (1): 5.8 kB
                    
Downloaded from central: https://repo.maven.apache.org/maven2/org/apache/maven/shared/maven-common-artifact-filters/3.1.1/maven-common-artifact-filters-3.1.1.pom (5.8 kB at 166 kB/s)
Downloading from central: https://repo.maven.apache.org/maven2/org/apache/maven/shared/maven-shared-components/34/maven-shared-components-34.pom
Progress (1): 781 B
Progress (1): 2.3 kB
Progress (1): 4.6 kB
Progress (1): 5.1 kB
                    
Downloaded from central: https://repo.maven.apache.org/maven2/org/apache/maven/shared/maven-shared-components/34/maven-shared-components-34.pom (5.1 kB at 150 kB/s)
Downloading from central: https://repo.maven.apache.org/maven2/org/apache/maven/maven-parent/34/maven-parent-34.pom
Progress (1): 727 B
Progress (1): 1.9 kB
Progress (1): 5.4 kB
Progress (1): 9.8 kB
Progress (1): 14 kB 
Progress (1): 19 kB
Progress (1): 23 kB
Progress (1): 26 kB
Progress (1): 27 kB
Progress (1): 30 kB
Progress (1): 34 kB
Progress (1): 37 kB
Progress (1): 41 kB
Progress (1): 43 kB
                   
Downloaded from central: https://repo.maven.apache.org/maven2/org/apache/maven/maven-parent/34/maven-parent-34.pom (43 kB at 1.1 MB/s)
Downloading from central: https://repo.maven.apache.org/maven2/org/apache/maven/maven-artifact/3.2.5/maven-artifact-3.2.5.pom
Progress (1): 843 B
Progress (1): 2.3 kB
                    
Downloaded from central: https://repo.maven.apache.org/maven2/org/apache/maven/maven-artifact/3.2.5/maven-artifact-3.2.5.pom (2.3 kB at 62 kB/s)
Downloading from central: https://repo.maven.apache.org/maven2/org/apache/maven/maven/3.2.5/maven-3.2.5.pom
Progress (1): 759 B
Progress (1): 1.9 kB
Progress (1): 3.4 kB
Progress (1): 5.3 kB
Progress (1): 11 kB 
Progress (1): 15 kB
Progress (1): 18 kB
Progress (1): 21 kB
Progress (1): 22 kB
                   
Downloaded from central: https://repo.maven.apache.org/maven2/org/apache/maven/maven/3.2.5/maven-3.2.5.pom (22 kB at 589 kB/s)
Downloading from central: https://repo.maven.apache.org/maven2/org/apache/maven/maven-parent/25/maven-parent-25.pom
Progress (1): 730 B
Progress (1): 2.0 kB
Progress (1): 6.0 kB
Progress (1): 11 kB 
Progress (1): 15 kB
Progress (1): 19 kB
Progress (1): 23 kB
Progress (1): 24 kB
Progress (1): 27 kB
Progress (1): 30 kB
Progress (1): 32 kB
Progress (1): 37 kB
Progress (1): 37 kB
                   
Downloaded from central: https://repo.maven.apache.org/maven2/org/apache/maven/maven-parent/25/maven-parent-25.pom (37 kB at 1.1 MB/s)
Downloading from central: https://repo.maven.apache.org/maven2/org/apache/apache/15/apache-15.pom
Progress (1): 754 B
Progress (1): 2.1 kB
Progress (1): 3.9 kB
Progress (1): 7.9 kB
Progress (1): 11 kB 
Progress (1): 14 kB
Progress (1): 15 kB
                   
Downloaded from central: https://repo.maven.apache.org/maven2/org/apache/apache/15/apache-15.pom (15 kB at 435 kB/s)
Downloading from central: https://repo.maven.apache.org/maven2/org/apache/maven/maven-core/3.2.5/maven-core-3.2.5.pom
Progress (1): 794 B
Progress (1): 2.2 kB
Progress (1): 5.3 kB
Progress (1): 8.1 kB
                    
Downloaded from central: https://repo.maven.apache.org/maven2/org/apache/maven/maven-core/3.2.5/maven-core-3.2.5.pom (8.1 kB at 224 kB/s)
Downloading from central: https://repo.maven.apache.org/maven2/org/apache/maven/maven-settings/3.2.5/maven-settings-3.2.5.pom
Progress (1): 823 B
Progress (1): 2.2 kB
                    
Downloaded from central: https://repo.maven.apache.org/maven2/org/apache/maven/maven-settings/3.2.5/maven-settings-3.2.5.pom (2.2 kB at 57 kB/s)
Downloading from central: https://repo.maven.apache.org/maven2/org/apache/maven/maven-settings-builder/3.2.5/maven-settings-builder-3.2.5.pom
Progress (1): 823 B
Progress (1): 2.6 kB
                    
Downloaded from central: https://repo.maven.apache.org/maven2/org/apache/maven/maven-settings-builder/3.2.5/maven-settings-builder-3.2.5.pom (2.6 kB at 70 kB/s)
Downloading from central: https://repo.maven.apache.org/maven2/org/codehaus/plexus/plexus-interpolation/1.21/plexus-interpolation-1.21.pom
Progress (1): 1.3 kB
Progress (1): 1.5 kB
                    
Downloaded from central: https://repo.maven.apache.org/maven2/org/codehaus/plexus/plexus-interpolation/1.21/plexus-interpolation-1.21.pom (1.5 kB at 41 kB/s)
Downloading from central: https://repo.maven.apache.org/maven2/org/codehaus/plexus/plexus-components/1.3.1/plexus-components-1.3.1.pom
Progress (1): 1.3 kB
Progress (1): 3.1 kB
                    
Downloaded from central: https://repo.maven.apache.org/maven2/org/codehaus/plexus/plexus-components/1.3.1/plexus-components-1.3.1.pom (3.1 kB at 90 kB/s)
Downloading from central: https://repo.maven.apache.org/maven2/org/codehaus/plexus/plexus/3.3.1/plexus-3.3.1.pom
Progress (1): 707 B
Progress (1): 2.6 kB
Progress (1): 6.1 kB
Progress (1): 8.6 kB
Progress (1): 11 kB 
Progress (1): 16 kB
Progress (1): 20 kB
Progress (1): 20 kB
                   
Downloaded from central: https://repo.maven.apache.org/maven2/org/codehaus/plexus/plexus/3.3.1/plexus-3.3.1.pom (20 kB at 553 kB/s)
Downloading from central: https://repo.maven.apache.org/maven2/org/sonatype/spice/spice-parent/17/spice-parent-17.pom
Progress (1): 1.2 kB
Progress (1): 3.4 kB
Progress (1): 6.7 kB
Progress (1): 6.8 kB
                    
Downloaded from central: https://repo.maven.apache.org/maven2/org/sonatype/spice/spice-parent/17/spice-parent-17.pom (6.8 kB at 193 kB/s)
Downloading from central: https://repo.maven.apache.org/maven2/org/sonatype/forge/forge-parent/10/forge-parent-10.pom
Progress (1): 735 B
Progress (1): 2.6 kB
Progress (1): 8.6 kB
Progress (1): 12 kB 
Progress (1): 14 kB
                   
Downloaded from central: https://repo.maven.apache.org/maven2/org/sonatype/forge/forge-parent/10/forge-parent-10.pom (14 kB at 399 kB/s)
Downloading from central: https://repo.maven.apache.org/maven2/org/codehaus/plexus/plexus-component-annotations/1.5.5/plexus-component-annotations-1.5.5.pom
Progress (1): 815 B
                   
Downloaded from central: https://repo.maven.apache.org/maven2/org/codehaus/plexus/plexus-component-annotations/1.5.5/plexus-component-annotations-1.5.5.pom (815 B at 21 kB/s)
Downloading from central: https://repo.maven.apache.org/maven2/org/codehaus/plexus/plexus-containers/1.5.5/plexus-containers-1.5.5.pom
Progress (1): 1.3 kB
Progress (1): 4.2 kB
                    
Downloaded from central: https://repo.maven.apache.org/maven2/org/codehaus/plexus/plexus-containers/1.5.5/plexus-containers-1.5.5.pom (4.2 kB at 115 kB/s)
Downloading from central: https://repo.maven.apache.org/maven2/org/codehaus/plexus/plexus/2.0.7/plexus-2.0.7.pom
Progress (1): 711 B
Progress (1): 2.8 kB
Progress (1): 6.4 kB
Progress (1): 9.1 kB
Progress (1): 13 kB 
Progress (1): 17 kB
                   
Downloaded from central: https://repo.maven.apache.org/maven2/org/codehaus/plexus/plexus/2.0.7/plexus-2.0.7.pom (17 kB at 524 kB/s)
Downloading from central: https://repo.maven.apache.org/maven2/org/sonatype/plexus/plexus-sec-dispatcher/1.3/plexus-sec-dispatcher-1.3.pom
Progress (1): 1.3 kB
Progress (1): 3.0 kB
                    
Downloaded from central: https://repo.maven.apache.org/maven2/org/sonatype/plexus/plexus-sec-dispatcher/1.3/plexus-sec-dispatcher-1.3.pom (3.0 kB at 80 kB/s)
Downloading from central: https://repo.maven.apache.org/maven2/org/sonatype/spice/spice-parent/12/spice-parent-12.pom
Progress (1): 1.2 kB
Progress (1): 4.2 kB
Progress (1): 6.8 kB
                    
Downloaded from central: https://repo.maven.apache.org/maven2/org/sonatype/spice/spice-parent/12/spice-parent-12.pom (6.8 kB at 189 kB/s)
Downloading from central: https://repo.maven.apache.org/maven2/org/sonatype/forge/forge-parent/4/forge-parent-4.pom
Progress (1): 1.4 kB
Progress (1): 5.8 kB
Progress (1): 8.4 kB
                    
Downloaded from central: https://repo.maven.apache.org/maven2/org/sonatype/forge/forge-parent/4/forge-parent-4.pom (8.4 kB at 210 kB/s)
Downloading from central: https://repo.maven.apache.org/maven2/org/sonatype/plexus/plexus-cipher/1.4/plexus-cipher-1.4.pom
Progress (1): 1.4 kB
Progress (1): 2.1 kB
                    
Downloaded from central: https://repo.maven.apache.org/maven2/org/sonatype/plexus/plexus-cipher/1.4/plexus-cipher-1.4.pom (2.1 kB at 59 kB/s)
Downloading from central: https://repo.maven.apache.org/maven2/org/apache/maven/maven-repository-metadata/3.2.5/maven-repository-metadata-3.2.5.pom
Progress (1): 823 B
Progress (1): 2.2 kB
                    
Downloaded from central: https://repo.maven.apache.org/maven2/org/apache/maven/maven-repository-metadata/3.2.5/maven-repository-metadata-3.2.5.pom (2.2 kB at 56 kB/s)
Downloading from central: https://repo.maven.apache.org/maven2/org/apache/maven/maven-plugin-api/3.2.5/maven-plugin-api-3.2.5.pom
Progress (1): 816 B
Progress (1): 2.5 kB
Progress (1): 3.0 kB
                    
Downloaded from central: https://repo.maven.apache.org/maven2/org/apache/maven/maven-plugin-api/3.2.5/maven-plugin-api-3.2.5.pom (3.0 kB at 10 kB/s)
Downloading from central: https://repo.maven.apache.org/maven2/org/eclipse/sisu/org.eclipse.sisu.plexus/0.9.0.M2/org.eclipse.sisu.plexus-0.9.0.M2.pom
Progress (1): 827 B
Progress (1): 3.5 kB
Progress (1): 8.7 kB
Progress (1): 15 kB 
Progress (1): 15 kB
                   
Downloaded from central: https://repo.maven.apache.org/maven2/org/eclipse/sisu/org.eclipse.sisu.plexus/0.9.0.M2/org.eclipse.sisu.plexus-0.9.0.M2.pom (15 kB at 404 kB/s)
Downloading from central: https://repo.maven.apache.org/maven2/org/eclipse/sisu/sisu-plexus/0.9.0.M2/sisu-plexus-0.9.0.M2.pom
Progress (1): 811 B
Progress (1): 2.8 kB
Progress (1): 4.9 kB
Progress (1): 8.5 kB
Progress (1): 12 kB 
Progress (1): 15 kB
                   
Downloaded from central: https://repo.maven.apache.org/maven2/org/eclipse/sisu/sisu-plexus/0.9.0.M2/sisu-plexus-0.9.0.M2.pom (15 kB at 392 kB/s)
Downloading from central: https://repo.maven.apache.org/maven2/javax/annotation/javax.annotation-api/1.2/javax.annotation-api-1.2.pom
Progress (1): 702 B
Progress (1): 2.0 kB
Progress (1): 3.5 kB
Progress (1): 5.5 kB
Progress (1): 8.7 kB
Progress (1): 12 kB 
Progress (1): 13 kB
                   
Downloaded from central: https://repo.maven.apache.org/maven2/javax/annotation/javax.annotation-api/1.2/javax.annotation-api-1.2.pom (13 kB at 320 kB/s)
Downloading from central: https://repo.maven.apache.org/maven2/net/java/jvnet-parent/3/jvnet-parent-3.pom
Progress (1): 838 B
Progress (1): 2.5 kB
Progress (1): 4.8 kB
                    
Downloaded from central: https://repo.maven.apache.org/maven2/net/java/jvnet-parent/3/jvnet-parent-3.pom (4.8 kB at 123 kB/s)
Downloading from central: https://repo.maven.apache.org/maven2/javax/enterprise/cdi-api/1.2/cdi-api-1.2.pom
Progress (1): 1.0 kB
Progress (1): 3.3 kB
Progress (1): 5.8 kB
Progress (1): 6.3 kB
                    
Downloaded from central: https://repo.maven.apache.org/maven2/javax/enterprise/cdi-api/1.2/cdi-api-1.2.pom (6.3 kB at 161 kB/s)
Downloading from central: https://repo.maven.apache.org/maven2/org/jboss/weld/weld-parent/26/weld-parent-26.pom
Progress (1): 1.0 kB
Progress (1): 2.9 kB
Progress (1): 6.3 kB
Progress (1): 11 kB 
Progress (1): 16 kB
Progress (1): 19 kB
Progress (1): 22 kB
Progress (1): 26 kB
Progress (1): 31 kB
Progress (1): 32 kB
                   
Downloaded from central: https://repo.maven.apache.org/maven2/org/jboss/weld/weld-parent/26/weld-parent-26.pom (32 kB at 788 kB/s)
Downloading from central: https://repo.maven.apache.org/maven2/org/eclipse/sisu/org.eclipse.sisu.inject/0.9.0.M2/org.eclipse.sisu.inject-0.9.0.M2.pom
Progress (1): 804 B
Progress (1): 4.1 kB
Progress (1): 10 kB 
Progress (1): 16 kB
Progress (1): 17 kB
                   
Downloaded from central: https://repo.maven.apache.org/maven2/org/eclipse/sisu/org.eclipse.sisu.inject/0.9.0.M2/org.eclipse.sisu.inject-0.9.0.M2.pom (17 kB at 469 kB/s)
Downloading from central: https://repo.maven.apache.org/maven2/org/eclipse/sisu/sisu-inject/0.9.0.M2/sisu-inject-0.9.0.M2.pom
Progress (1): 819 B
Progress (1): 2.8 kB
Progress (1): 4.9 kB
Progress (1): 8.5 kB
Progress (1): 12 kB 
Progress (1): 15 kB
                   
Downloaded from central: https://repo.maven.apache.org/maven2/org/eclipse/sisu/sisu-inject/0.9.0.M2/sisu-inject-0.9.0.M2.pom (15 kB at 370 kB/s)
Downloading from central: https://repo.maven.apache.org/maven2/org/codehaus/plexus/plexus-component-annotations/2.1.0/plexus-component-annotations-2.1.0.pom
Progress (1): 750 B
                   
Downloaded from central: https://repo.maven.apache.org/maven2/org/codehaus/plexus/plexus-component-annotations/2.1.0/plexus-component-annotations-2.1.0.pom (750 B at 22 kB/s)
Downloading from central: https://repo.maven.apache.org/maven2/org/codehaus/plexus/plexus-containers/2.1.0/plexus-containers-2.1.0.pom
Progress (1): 1.3 kB
Progress (1): 4.7 kB
Progress (1): 4.8 kB
                    
Downloaded from central: https://repo.maven.apache.org/maven2/org/codehaus/plexus/plexus-containers/2.1.0/plexus-containers-2.1.0.pom (4.8 kB at 100 kB/s)
Downloading from central: https://repo.maven.apache.org/maven2/org/codehaus/plexus/plexus-classworlds/2.6.0/plexus-classworlds-2.6.0.pom
Progress (1): 932 B
Progress (1): 2.6 kB
Progress (1): 5.5 kB
Progress (1): 7.9 kB
                    
Downloaded from central: https://repo.maven.apache.org/maven2/org/codehaus/plexus/plexus-classworlds/2.6.0/plexus-classworlds-2.6.0.pom (7.9 kB at 233 kB/s)
Downloading from central: https://repo.maven.apache.org/maven2/org/apache/maven/maven-model-builder/3.2.5/maven-model-builder-3.2.5.pom
Progress (1): 836 B
Progress (1): 2.7 kB
Progress (1): 3.0 kB
                    
Downloaded from central: https://repo.maven.apache.org/maven2/org/apache/maven/maven-model-builder/3.2.5/maven-model-builder-3.2.5.pom (3.0 kB at 88 kB/s)
Downloading from central: https://repo.maven.apache.org/maven2/org/apache/maven/maven-aether-provider/3.2.5/maven-aether-provider-3.2.5.pom
Progress (1): 811 B
Progress (1): 3.0 kB
Progress (1): 4.2 kB
                    
Downloaded from central: https://repo.maven.apache.org/maven2/org/apache/maven/maven-aether-provider/3.2.5/maven-aether-provider-3.2.5.pom (4.2 kB at 121 kB/s)
Downloading from central: https://repo.maven.apache.org/maven2/org/eclipse/aether/aether-spi/1.0.0.v20140518/aether-spi-1.0.0.v20140518.pom
Progress (1): 934 B
Progress (1): 2.1 kB
                    
Downloaded from central: https://repo.maven.apache.org/maven2/org/eclipse/aether/aether-spi/1.0.0.v20140518/aether-spi-1.0.0.v20140518.pom (2.1 kB at 62 kB/s)
Downloading from central: https://repo.maven.apache.org/maven2/org/eclipse/aether/aether-impl/1.0.0.v20140518/aether-impl-1.0.0.v20140518.pom
Progress (1): 922 B
Progress (1): 3.5 kB
                    
Downloaded from central: https://repo.maven.apache.org/maven2/org/eclipse/aether/aether-impl/1.0.0.v20140518/aether-impl-1.0.0.v20140518.pom (3.5 kB at 91 kB/s)
Downloading from central: https://repo.maven.apache.org/maven2/org/sonatype/sisu/sisu-guice/3.2.3/sisu-guice-3.2.3.pom
Progress (1): 1.3 kB
Progress (1): 3.8 kB
Progress (1): 6.0 kB
Progress (1): 9.7 kB
Progress (1): 11 kB 
                   
Downloaded from central: https://repo.maven.apache.org/maven2/org/sonatype/sisu/sisu-guice/3.2.3/sisu-guice-3.2.3.pom (11 kB at 296 kB/s)
Downloading from central: https://repo.maven.apache.org/maven2/org/sonatype/sisu/inject/guice-parent/3.2.3/guice-parent-3.2.3.pom
Progress (1): 799 B
Progress (1): 2.7 kB
Progress (1): 5.1 kB
Progress (1): 7.6 kB
Progress (1): 10 kB 
Progress (1): 13 kB
                   
Downloaded from central: https://repo.maven.apache.org/maven2/org/sonatype/sisu/inject/guice-parent/3.2.3/guice-parent-3.2.3.pom (13 kB at 396 kB/s)
Downloading from central: https://repo.maven.apache.org/maven2/org/sonatype/forge/forge-parent/38/forge-parent-38.pom
Progress (1): 812 B
Progress (1): 2.5 kB
Progress (1): 5.0 kB
Progress (1): 8.7 kB
Progress (1): 12 kB 
Progress (1): 16 kB
Progress (1): 19 kB
                   
Downloaded from central: https://repo.maven.apache.org/maven2/org/sonatype/forge/forge-parent/38/forge-parent-38.pom (19 kB at 506 kB/s)
Downloading from central: https://repo.maven.apache.org/maven2/aopalliance/aopalliance/1.0/aopalliance-1.0.pom
Progress (1): 363 B
                   
Downloaded from central: https://repo.maven.apache.org/maven2/aopalliance/aopalliance/1.0/aopalliance-1.0.pom (363 B at 9.1 kB/s)
Downloading from central: https://repo.maven.apache.org/maven2/com/google/guava/guava/16.0.1/guava-16.0.1.pom
Progress (1): 956 B
Progress (1): 2.8 kB
Progress (1): 5.3 kB
Progress (1): 6.1 kB
                    
Downloaded from central: https://repo.maven.apache.org/maven2/com/google/guava/guava/16.0.1/guava-16.0.1.pom (6.1 kB at 174 kB/s)
Downloading from central: https://repo.maven.apache.org/maven2/com/google/guava/guava-parent/16.0.1/guava-parent-16.0.1.pom
Progress (1): 1.1 kB
Progress (1): 2.9 kB
Progress (1): 6.3 kB
Progress (1): 7.3 kB
                    
Downloaded from central: https://repo.maven.apache.org/maven2/com/google/guava/guava-parent/16.0.1/guava-parent-16.0.1.pom (7.3 kB at 198 kB/s)
Downloading from central: https://repo.maven.apache.org/maven2/org/codehaus/plexus/plexus-classworlds/2.5.2/plexus-classworlds-2.5.2.pom
Progress (1): 930 B
Progress (1): 3.0 kB
Progress (1): 6.0 kB
Progress (1): 7.3 kB
                    
Downloaded from central: https://repo.maven.apache.org/maven2/org/codehaus/plexus/plexus-classworlds/2.5.2/plexus-classworlds-2.5.2.pom (7.3 kB at 215 kB/s)
Downloading from central: https://repo.maven.apache.org/maven2/commons-io/commons-io/2.15.1/commons-io-2.15.1.pom
Progress (1): 765 B
Progress (1): 2.1 kB
Progress (1): 5.2 kB
Progress (1): 7.6 kB
Progress (1): 10 kB 
Progress (1): 12 kB
Progress (1): 15 kB
Progress (1): 18 kB
Progress (1): 20 kB
                   
Downloaded from central: https://repo.maven.apache.org/maven2/commons-io/commons-io/2.15.1/commons-io-2.15.1.pom (20 kB at 555 kB/s)
Downloading from central: https://repo.maven.apache.org/maven2/org/apache/maven/surefire/maven-surefire-common/3.2.5/maven-surefire-common-3.2.5.jar
Progress (1): 7.7/308 kB
Progress (1): 8.2/308 kB
Progress (1): 25/308 kB 
Progress (1): 41/308 kB
Progress (1): 57/308 kB
Progress (1): 74/308 kB
Progress (1): 90/308 kB
Progress (1): 106/308 kB
Progress (1): 123/308 kB
Progress (1): 139/308 kB
Progress (1): 156/308 kB
Progress (1): 172/308 kB
Progress (1): 188/308 kB
Progress (1): 205/308 kB
Progress (1): 221/308 kB
Progress (1): 238/308 kB
Progress (1): 254/308 kB
Progress (1): 270/308 kB
Progress (1): 287/308 kB
Progress (1): 303/308 kB
Progress (1): 308 kB    
                    
Downloaded from central: https://repo.maven.apache.org/maven2/org/apache/maven/surefire/maven-surefire-common/3.2.5/maven-surefire-common-3.2.5.jar (308 kB at 8.1 MB/s)
Downloading from central: https://repo.maven.apache.org/maven2/org/apache/maven/surefire/surefire-api/3.2.5/surefire-api-3.2.5.jar
Downloading from central: https://repo.maven.apache.org/maven2/org/apache/maven/surefire/surefire-logger-api/3.2.5/surefire-logger-api-3.2.5.jar
Downloading from central: https://repo.maven.apache.org/maven2/org/apache/maven/surefire/surefire-extensions-api/3.2.5/surefire-extensions-api-3.2.5.jar
Downloading from central: https://repo.maven.apache.org/maven2/org/apache/maven/surefire/surefire-booter/3.2.5/surefire-booter-3.2.5.jar
Downloading from central: https://repo.maven.apache.org/maven2/org/apache/maven/surefire/surefire-extensions-spi/3.2.5/surefire-extensions-spi-3.2.5.jar
Progress (1): 7.7/14 kB
Progress (1): 14 kB    
                   
Downloaded from central: https://repo.maven.apache.org/maven2/org/apache/maven/surefire/surefire-logger-api/3.2.5/surefire-logger-api-3.2.5.jar (14 kB at 400 kB/s)
Downloading from central: https://repo.maven.apache.org/maven2/org/eclipse/aether/aether-util/1.0.0.v20140518/aether-util-1.0.0.v20140518.jar
Progress (1): 7.7/118 kB
Progress (1): 16/118 kB 
Progress (1): 24/118 kB
Progress (2): 24/118 kB | 7.7/171 kB
Progress (2): 24/118 kB | 16/171 kB 
Progress (2): 24/118 kB | 25/171 kB
Progress (2): 40/118 kB | 25/171 kB
Progress (2): 40/118 kB | 41/171 kB
Progress (2): 57/118 kB | 41/171 kB
Progress (2): 57/118 kB | 57/171 kB
Progress (2): 73/118 kB | 57/171 kB
Progress (2): 73/118 kB | 74/171 kB
Progress (2): 73/118 kB | 90/171 kB
Progress (2): 90/118 kB | 90/171 kB
Progress (2): 90/118 kB | 106/171 kB
Progress (2): 106/118 kB | 106/171 kB
Progress (2): 106/118 kB | 123/171 kB
Progress (2): 118 kB | 123/171 kB    
Progress (2): 118 kB | 139/171 kB
Progress (2): 118 kB | 156/171 kB
Progress (2): 118 kB | 171 kB    
                             
Downloaded from central: https://repo.maven.apache.org/maven2/org/apache/maven/surefire/surefire-booter/3.2.5/surefire-booter-3.2.5.jar (118 kB at 3.2 MB/s)
Downloaded from central: https://repo.maven.apache.org/maven2/org/apache/maven/surefire/surefire-api/3.2.5/surefire-api-3.2.5.jar (171 kB at 4.4 MB/s)
Downloading from central: https://repo.maven.apache.org/maven2/org/eclipse/aether/aether-api/1.0.0.v20140518/aether-api-1.0.0.v20140518.jar
Progress (1): 7.7/8.2 kB
Progress (1): 8.2 kB    
                    
Downloaded from central: https://repo.maven.apache.org/maven2/org/apache/maven/surefire/surefire-extensions-spi/3.2.5/surefire-extensions-spi-3.2.5.jar (8.2 kB at 221 kB/s)
Downloading from central: https://repo.maven.apache.org/maven2/org/apache/maven/shared/maven-common-artifact-filters/3.1.1/maven-common-artifact-filters-3.1.1.jar
Progress (1): 7.7/26 kB
Progress (1): 16/26 kB 
Progress (1): 25/26 kB
Progress (1): 26 kB   
                   
Downloading from central: https://repo.maven.apache.org/maven2/commons-io/commons-io/2.15.1/commons-io-2.15.1.jar
Downloaded from central: https://repo.maven.apache.org/maven2/org/apache/maven/surefire/surefire-extensions-api/3.2.5/surefire-extensions-api-3.2.5.jar (26 kB at 646 kB/s)
Downloading from central: https://repo.maven.apache.org/maven2/org/apache/maven/surefire/surefire-shared-utils/3.2.5/surefire-shared-utils-3.2.5.jar
Progress (1): 7.7/136 kB
Progress (1): 16/136 kB 
Progress (1): 25/136 kB
Progress (1): 41/136 kB
Progress (2): 41/136 kB | 7.7/501 kB
Progress (2): 57/136 kB | 7.7/501 kB
Progress (2): 57/136 kB | 11/501 kB 
Progress (2): 74/136 kB | 11/501 kB
Progress (2): 90/136 kB | 11/501 kB
Progress (2): 106/136 kB | 11/501 kB
Progress (2): 123/136 kB | 11/501 kB
Progress (2): 136 kB | 11/501 kB    
Progress (2): 136 kB | 28/501 kB
Progress (2): 136 kB | 44/501 kB
                                
Downloaded from central: https://repo.maven.apache.org/maven2/org/eclipse/aether/aether-api/1.0.0.v20140518/aether-api-1.0.0.v20140518.jar (136 kB at 1.9 MB/s)
Progress (2): 44/501 kB | 7.7/146 kB
Progress (2): 44/501 kB | 16/146 kB 
Progress (2): 44/501 kB | 24/146 kB
Progress (2): 44/501 kB | 40/146 kB
Progress (2): 44/501 kB | 57/146 kB
Progress (3): 44/501 kB | 57/146 kB | 0/2.4 MB
Progress (3): 44/501 kB | 73/146 kB | 0/2.4 MB
Progress (3): 44/501 kB | 73/146 kB | 0/2.4 MB
Progress (3): 44/501 kB | 90/146 kB | 0/2.4 MB
Progress (3): 44/501 kB | 106/146 kB | 0/2.4 MB
Progress (3): 44/501 kB | 106/146 kB | 0/2.4 MB
Progress (3): 44/501 kB | 122/146 kB | 0/2.4 MB
Progress (3): 44/501 kB | 139/146 kB | 0/2.4 MB
Progress (3): 44/501 kB | 139/146 kB | 0/2.4 MB
Progress (3): 44/501 kB | 146 kB | 0/2.4 MB    
Progress (3): 44/501 kB | 146 kB | 0.1/2.4 MB
Progress (3): 44/501 kB | 146 kB | 0.1/2.4 MB
Progress (3): 44/501 kB | 146 kB | 0.1/2.4 MB
Progress (3): 44/501 kB | 146 kB | 0.1/2.4 MB
Progress (3): 61/501 kB | 146 kB | 0.1/2.4 MB
Progress (3): 61/501 kB | 146 kB | 0.1/2.4 MB
Progress (3): 61/501 kB | 146 kB | 0.1/2.4 MB
Progress (3): 61/501 kB | 146 kB | 0.2/2.4 MB
Progress (4): 61/501 kB | 146 kB | 0.2/2.4 MB | 7.7/61 kB
Progress (4): 61/501 kB | 146 kB | 0.2/2.4 MB | 16/61 kB 
Progress (4): 61/501 kB | 146 kB | 0.2/2.4 MB | 16/61 kB
Progress (4): 61/501 kB | 146 kB | 0.2/2.4 MB | 16/61 kB
Progress (4): 61/501 kB | 146 kB | 0.2/2.4 MB | 32/61 kB
Progress (4): 61/501 kB | 146 kB | 0.2/2.4 MB | 32/61 kB
Progress (4): 61/501 kB | 146 kB | 0.2/2.4 MB | 32/61 kB
Progress (4): 61/501 kB | 146 kB | 0.2/2.4 MB | 32/61 kB
Progress (4): 61/501 kB | 146 kB | 0.2/2.4 MB | 49/61 kB
Progress (4): 61/501 kB | 146 kB | 0.2/2.4 MB | 49/61 kB
Progress (4): 61/501 kB | 146 kB | 0.2/2.4 MB | 61/61 kB
Progress (4): 61/501 kB | 146 kB | 0.2/2.4 MB | 61 kB   
Progress (4): 61/501 kB | 146 kB | 0.3/2.4 MB | 61 kB
Progress (4): 61/501 kB | 146 kB | 0.3/2.4 MB | 61 kB
Progress (4): 61/501 kB | 146 kB | 0.3/2.4 MB | 61 kB
Progress (4): 61/501 kB | 146 kB | 0.3/2.4 MB | 61 kB
                                                     
Downloaded from central: https://repo.maven.apache.org/maven2/org/apache/maven/shared/maven-common-artifact-filters/3.1.1/maven-common-artifact-filters-3.1.1.jar (61 kB at 801 kB/s)
Progress (3): 61/501 kB | 146 kB | 0.3/2.4 MB
Progress (3): 61/501 kB | 146 kB | 0.3/2.4 MB
Progress (3): 77/501 kB | 146 kB | 0.3/2.4 MB
                                             
Downloaded from central: https://repo.maven.apache.org/maven2/org/eclipse/aether/aether-util/1.0.0.v20140518/aether-util-1.0.0.v20140518.jar (146 kB at 1.8 MB/s)
Progress (2): 93/501 kB | 0.3/2.4 MB
Progress (2): 93/501 kB | 0.4/2.4 MB
Progress (2): 110/501 kB | 0.4/2.4 MB
Progress (2): 110/501 kB | 0.4/2.4 MB
Progress (2): 126/501 kB | 0.4/2.4 MB
Progress (2): 126/501 kB | 0.4/2.4 MB
Progress (2): 142/501 kB | 0.4/2.4 MB
Progress (2): 142/501 kB | 0.4/2.4 MB
Progress (2): 159/501 kB | 0.4/2.4 MB
Progress (2): 175/501 kB | 0.4/2.4 MB
Progress (2): 175/501 kB | 0.4/2.4 MB
Progress (2): 192/501 kB | 0.4/2.4 MB
Progress (2): 208/501 kB | 0.4/2.4 MB
Progress (2): 208/501 kB | 0.4/2.4 MB
Progress (2): 217/501 kB | 0.4/2.4 MB
Progress (2): 233/501 kB | 0.4/2.4 MB
Progress (2): 233/501 kB | 0.5/2.4 MB
Progress (2): 250/501 kB | 0.5/2.4 MB
Progress (2): 266/501 kB | 0.5/2.4 MB
Progress (2): 266/501 kB | 0.5/2.4 MB
Progress (2): 282/501 kB | 0.5/2.4 MB
Progress (2): 282/501 kB | 0.5/2.4 MB
Progress (2): 299/501 kB | 0.5/2.4 MB
Progress (2): 315/501 kB | 0.5/2.4 MB
Progress (2): 315/501 kB | 0.5/2.4 MB
Progress (2): 331/501 kB | 0.5/2.4 MB
Progress (2): 331/501 kB | 0.5/2.4 MB
Progress (2): 348/501 kB | 0.5/2.4 MB
Progress (2): 364/501 kB | 0.5/2.4 MB
Progress (2): 364/501 kB | 0.5/2.4 MB
Progress (2): 381/501 kB | 0.5/2.4 MB
Progress (2): 381/501 kB | 0.6/2.4 MB
Progress (2): 397/501 kB | 0.6/2.4 MB
Progress (2): 413/501 kB | 0.6/2.4 MB
Progress (2): 430/501 kB | 0.6/2.4 MB
Progress (2): 430/501 kB | 0.6/2.4 MB
Progress (2): 436/501 kB | 0.6/2.4 MB
Progress (2): 452/501 kB | 0.6/2.4 MB
Progress (2): 452/501 kB | 0.6/2.4 MB
Progress (2): 469/501 kB | 0.6/2.4 MB
Progress (2): 469/501 kB | 0.6/2.4 MB
Progress (2): 485/501 kB | 0.6/2.4 MB
Progress (2): 501 kB | 0.6/2.4 MB    
Progress (2): 501 kB | 0.6/2.4 MB
Progress (2): 501 kB | 0.6/2.4 MB
                                 
Downloaded from central: https://repo.maven.apache.org/maven2/commons-io/commons-io/2.15.1/commons-io-2.15.1.jar (501 kB at 6.2 MB/s)
Progress (1): 0.6/2.4 MB
Progress (1): 0.7/2.4 MB
Progress (1): 0.7/2.4 MB
Progress (1): 0.7/2.4 MB
Progress (1): 0.7/2.4 MB
Progress (1): 0.7/2.4 MB
Progress (1): 0.7/2.4 MB
Progress (1): 0.7/2.4 MB
Progress (1): 0.8/2.4 MB
Progress (1): 0.8/2.4 MB
Progress (1): 0.8/2.4 MB
Progress (1): 0.8/2.4 MB
Progress (1): 0.8/2.4 MB
Progress (1): 0.8/2.4 MB
Progress (1): 0.9/2.4 MB
Progress (1): 0.9/2.4 MB
Progress (1): 0.9/2.4 MB
Progress (1): 0.9/2.4 MB
Progress (1): 0.9/2.4 MB
Progress (1): 0.9/2.4 MB
Progress (1): 1.0/2.4 MB
Progress (1): 1.0/2.4 MB
Progress (1): 1.0/2.4 MB
Progress (1): 1.0/2.4 MB
Progress (1): 1.0/2.4 MB
Progress (1): 1.0/2.4 MB
Progress (1): 1.0/2.4 MB
Progress (1): 1.1/2.4 MB
Progress (1): 1.1/2.4 MB
Progress (1): 1.1/2.4 MB
Progress (1): 1.1/2.4 MB
Progress (1): 1.1/2.4 MB
Progress (1): 1.1/2.4 MB
Progress (1): 1.2/2.4 MB
Progress (1): 1.2/2.4 MB
Progress (1): 1.2/2.4 MB
Progress (1): 1.2/2.4 MB
Progress (1): 1.2/2.4 MB
Progress (1): 1.2/2.4 MB
Progress (1): 1.3/2.4 MB
Progress (1): 1.3/2.4 MB
Progress (1): 1.3/2.4 MB
Progress (1): 1.3/2.4 MB
Progress (1): 1.3/2.4 MB
Progress (1): 1.3/2.4 MB
Progress (1): 1.3/2.4 MB
Progress (1): 1.4/2.4 MB
Progress (1): 1.4/2.4 MB
Progress (1): 1.4/2.4 MB
Progress (1): 1.4/2.4 MB
Progress (1): 1.4/2.4 MB
Progress (1): 1.4/2.4 MB
Progress (1): 1.4/2.4 MB
Progress (1): 1.5/2.4 MB
Progress (1): 1.5/2.4 MB
Progress (1): 1.5/2.4 MB
Progress (1): 1.5/2.4 MB
Progress (1): 1.5/2.4 MB
Progress (1): 1.5/2.4 MB
Progress (1): 1.5/2.4 MB
Progress (1): 1.6/2.4 MB
Progress (1): 1.6/2.4 MB
Progress (1): 1.6/2.4 MB
Progress (1): 1.6/2.4 MB
Progress (1): 1.6/2.4 MB
Progress (1): 1.6/2.4 MB
Progress (1): 1.7/2.4 MB
Progress (1): 1.7/2.4 MB
Progress (1): 1.7/2.4 MB
Progress (1): 1.7/2.4 MB
Progress (1): 1.7/2.4 MB
Progress (1): 1.7/2.4 MB
Progress (1): 1.8/2.4 MB
Progress (1): 1.8/2.4 MB
Progress (1): 1.8/2.4 MB
Progress (1): 1.8/2.4 MB
Progress (1): 1.8/2.4 MB
Progress (1): 1.8/2.4 MB
Progress (1): 1.9/2.4 MB
Progress (1): 1.9/2.4 MB
Progress (1): 1.9/2.4 MB
Progress (1): 1.9/2.4 MB
Progress (1): 1.9/2.4 MB
Progress (1): 1.9/2.4 MB
Progress (1): 1.9/2.4 MB
Progress (1): 2.0/2.4 MB
Progress (1): 2.0/2.4 MB
Progress (1): 2.0/2.4 MB
Progress (1): 2.0/2.4 MB
Progress (1): 2.0/2.4 MB
Progress (1): 2.0/2.4 MB
Progress (1): 2.1/2.4 MB
Progress (1): 2.1/2.4 MB
Progress (1): 2.1/2.4 MB
Progress (1): 2.1/2.4 MB
Progress (1): 2.1/2.4 MB
Progress (1): 2.1/2.4 MB
Progress (1): 2.1/2.4 MB
Progress (1): 2.2/2.4 MB
Progress (1): 2.2/2.4 MB
Progress (1): 2.2/2.4 MB
Progress (1): 2.2/2.4 MB
Progress (1): 2.2/2.4 MB
Progress (1): 2.2/2.4 MB
Progress (1): 2.3/2.4 MB
Progress (1): 2.3/2.4 MB
Progress (1): 2.3/2.4 MB
Progress (1): 2.3/2.4 MB
Progress (1): 2.3/2.4 MB
Progress (1): 2.3/2.4 MB
Progress (1): 2.3/2.4 MB
Progress (1): 2.4/2.4 MB
Progress (1): 2.4/2.4 MB
Progress (1): 2.4/2.4 MB
Progress (1): 2.4/2.4 MB
Progress (1): 2.4/2.4 MB
Progress (1): 2.4/2.4 MB
Progress (1): 2.4 MB    
                    
Downloaded from central: https://repo.maven.apache.org/maven2/org/apache/maven/surefire/surefire-shared-utils/3.2.5/surefire-shared-utils-3.2.5.jar (2.4 MB at 25 MB/s)
[INFO] Using auto detected provider org.apache.maven.surefire.testng.TestNGProvider
Downloading from central: https://repo.maven.apache.org/maven2/org/apache/maven/surefire/surefire-testng/3.2.5/surefire-testng-3.2.5.pom
Progress (1): 839 B
Progress (1): 2.9 kB
Progress (1): 3.7 kB
                    
Downloaded from central: https://repo.maven.apache.org/maven2/org/apache/maven/surefire/surefire-testng/3.2.5/surefire-testng-3.2.5.pom (3.7 kB at 111 kB/s)
Downloading from central: https://repo.maven.apache.org/maven2/org/apache/maven/surefire/surefire-providers/3.2.5/surefire-providers-3.2.5.pom
Progress (1): 849 B
Progress (1): 2.6 kB
                    
Downloaded from central: https://repo.maven.apache.org/maven2/org/apache/maven/surefire/surefire-providers/3.2.5/surefire-providers-3.2.5.pom (2.6 kB at 79 kB/s)
Downloading from central: https://repo.maven.apache.org/maven2/org/apache/maven/surefire/common-java5/3.2.5/common-java5-3.2.5.pom
Progress (1): 849 B
Progress (1): 2.6 kB
Progress (1): 2.8 kB
                    
Downloaded from central: https://repo.maven.apache.org/maven2/org/apache/maven/surefire/common-java5/3.2.5/common-java5-3.2.5.pom (2.8 kB at 91 kB/s)
Downloading from central: https://repo.maven.apache.org/maven2/org/apache/maven/surefire/surefire-testng-utils/3.2.5/surefire-testng-utils-3.2.5.pom
Progress (1): 849 B
Progress (1): 2.7 kB
Progress (1): 3.2 kB
                    
Downloaded from central: https://repo.maven.apache.org/maven2/org/apache/maven/surefire/surefire-testng-utils/3.2.5/surefire-testng-utils-3.2.5.pom (3.2 kB at 99 kB/s)
Downloading from central: https://repo.maven.apache.org/maven2/org/apache/maven/surefire/surefire-grouper/3.2.5/surefire-grouper-3.2.5.pom
Progress (1): 843 B
Progress (1): 3.0 kB
Progress (1): 3.4 kB
                    
Downloaded from central: https://repo.maven.apache.org/maven2/org/apache/maven/surefire/surefire-grouper/3.2.5/surefire-grouper-3.2.5.pom (3.4 kB at 101 kB/s)
Downloading from central: https://repo.maven.apache.org/maven2/org/apache/maven/surefire/surefire-testng/3.2.5/surefire-testng-3.2.5.jar
Progress (1): 7.7/47 kB
Progress (1): 16/47 kB 
Progress (1): 25/47 kB
Progress (1): 41/47 kB
Progress (1): 47 kB   
                   
Downloaded from central: https://repo.maven.apache.org/maven2/org/apache/maven/surefire/surefire-testng/3.2.5/surefire-testng-3.2.5.jar (47 kB at 1.4 MB/s)
Downloading from central: https://repo.maven.apache.org/maven2/org/apache/maven/surefire/common-java5/3.2.5/common-java5-3.2.5.jar
Downloading from central: https://repo.maven.apache.org/maven2/org/apache/maven/surefire/surefire-testng-utils/3.2.5/surefire-testng-utils-3.2.5.jar
Downloading from central: https://repo.maven.apache.org/maven2/org/apache/maven/surefire/surefire-grouper/3.2.5/surefire-grouper-3.2.5.jar
Progress (1): 7.7/18 kB
Progress (1): 7.7/18 kB
Progress (1): 18 kB    
                   
Downloaded from central: https://repo.maven.apache.org/maven2/org/apache/maven/surefire/common-java5/3.2.5/common-java5-3.2.5.jar (18 kB at 585 kB/s)
Progress (1): 7.7/14 kB
Progress (1): 14 kB    
                   
Downloaded from central: https://repo.maven.apache.org/maven2/org/apache/maven/surefire/surefire-testng-utils/3.2.5/surefire-testng-utils-3.2.5.jar (14 kB at 428 kB/s)
Progress (1): 3.2/40 kB
Progress (1): 20/40 kB 
Progress (1): 36/40 kB
Progress (1): 40 kB   
                   
Downloaded from central: https://repo.maven.apache.org/maven2/org/apache/maven/surefire/surefire-grouper/3.2.5/surefire-grouper-3.2.5.jar (40 kB at 1.0 MB/s)
[INFO] 
[INFO] -------------------------------------------------------
[INFO]  T E S T S
[INFO] -------------------------------------------------------
[INFO] Running TestSuite
SLF4J: Failed to load class "org.slf4j.impl.StaticLoggerBinder".
SLF4J: Defaulting to no-operation (NOP) logger implementation
SLF4J: See http://www.slf4j.org/codes.html#StaticLoggerBinder for further details.

Scenario: Successful checkout with valid details # src/test/resources/features/checkout.feature:6
      org.openqa.selenium.SessionNotCreatedException: Could not start a new session. Response code 500. Message: session not created: Chrome instance exited. Examine ChromeDriver verbose log to determine the cause. 
Host info: host: 'localhost', ip: '127.0.0.1'
Build info: version: '4.20.0', revision: '866c76ca80'
System info: os.name: 'Linux', os.arch: 'amd64', os.version: '6.9.12', java.version: '17.0.19'
Driver info: org.openqa.selenium.chrome.ChromeDriver
Command: [null, newSession {capabilities=[Capabilities {browserName: chrome, goog:chromeOptions: {args: [], extensions: []}}]}]
	at org.openqa.selenium.remote.ProtocolHandshake.createSession(ProtocolHandshake.java:114)
	at org.openqa.selenium.remote.ProtocolHandshake.createSession(ProtocolHandshake.java:75)
	at org.openqa.selenium.remote.ProtocolHandshake.createSession(ProtocolHandshake.java:61)
	at org.openqa.selenium.remote.HttpCommandExecutor.execute(HttpCommandExecutor.java:162)
	at org.openqa.selenium.remote.service.DriverCommandExecutor.invokeExecute(DriverCommandExecutor.java:216)
	at org.openqa.selenium.remote.service.DriverCommandExecutor.execute(DriverCommandExecutor.java:174)
	at org.openqa.selenium.remote.RemoteWebDriver.execute(RemoteWebDriver.java:518)
	at org.openqa.selenium.remote.RemoteWebDriver.startSession(RemoteWebDriver.java:232)
	at org.openqa.selenium.remote.RemoteWebDriver.<init>(RemoteWebDriver.java:161)
	at org.openqa.selenium.chromium.ChromiumDriver.<init>(ChromiumDriver.java:114)
	at org.openqa.selenium.chrome.ChromeDriver.<init>(ChromeDriver.java:88)
	at org.openqa.selenium.chrome.ChromeDriver.<init>(ChromeDriver.java:83)
	at org.openqa.selenium.chrome.ChromeDriver.<init>(ChromeDriver.java:51)
	at utils.DriverManager.getDriver(DriverManager.java:14)
	at stepdefinitions.Hooks.setUp(Hooks.java:12)

  Given user has items in cart                   # stepdefinitions.CheckoutSteps.userHasItemsInCart()
  When user proceeds to checkout                 # stepdefinitions.CheckoutSteps.userProceedsToCheckout()
  And enters valid shipping details              # stepdefinitions.CheckoutSteps.entersValidShippingDetails()
  And confirms payment                           # stepdefinitions.CheckoutSteps.confirmsPayment()
  Then order should be placed successfully       # stepdefinitions.CheckoutSteps.orderShouldBePlacedSuccessfully()

Scenario: Checkout without shipping details # src/test/resources/features/checkout.feature:12
      org.openqa.selenium.SessionNotCreatedException: Could not start a new session. Response code 500. Message: session not created: Chrome instance exited. Examine ChromeDriver verbose log to determine the cause. 
Host info: host: 'localhost', ip: '127.0.0.1'
Build info: version: '4.20.0', revision: '866c76ca80'
System info: os.name: 'Linux', os.arch: 'amd64', os.version: '6.9.12', java.version: '17.0.19'
Driver info: org.openqa.selenium.chrome.ChromeDriver
Command: [null, newSession {capabilities=[Capabilities {browserName: chrome, goog:chromeOptions: {args: [], extensions: []}}]}]
	at org.openqa.selenium.remote.ProtocolHandshake.createSession(ProtocolHandshake.java:114)
	at org.openqa.selenium.remote.ProtocolHandshake.createSession(ProtocolHandshake.java:75)
	at org.openqa.selenium.remote.ProtocolHandshake.createSession(ProtocolHandshake.java:61)
	at org.openqa.selenium.remote.HttpCommandExecutor.execute(HttpCommandExecutor.java:162)
	at org.openqa.selenium.remote.service.DriverCommandExecutor.invokeExecute(DriverCommandExecutor.java:216)
	at org.openqa.selenium.remote.service.DriverCommandExecutor.execute(DriverCommandExecutor.java:174)
	at org.openqa.selenium.remote.RemoteWebDriver.execute(RemoteWebDriver.java:518)
	at org.openqa.selenium.remote.RemoteWebDriver.startSession(RemoteWebDriver.java:232)
	at org.openqa.selenium.remote.RemoteWebDriver.<init>(RemoteWebDriver.java:161)
	at org.openqa.selenium.chromium.ChromiumDriver.<init>(ChromiumDriver.java:114)
	at org.openqa.selenium.chrome.ChromeDriver.<init>(ChromeDriver.java:88)
	at org.openqa.selenium.chrome.ChromeDriver.<init>(ChromeDriver.java:83)
	at org.openqa.selenium.chrome.ChromeDriver.<init>(ChromeDriver.java:51)
	at utils.DriverManager.getDriver(DriverManager.java:14)
	at stepdefinitions.Hooks.setUp(Hooks.java:12)

  Given user has items in cart              # stepdefinitions.CheckoutSteps.userHasItemsInCart()
  When user proceeds to checkout            # stepdefinitions.CheckoutSteps.userProceedsToCheckout()
  And leaves shipping details empty         # stepdefinitions.CheckoutSteps.leavesShippingDetailsEmpty()
  Then validation errors should be shown    # stepdefinitions.CheckoutSteps.validationErrorsShouldBeShown()

Scenario: Cancel checkout process             # src/test/resources/features/checkout.feature:17
      org.openqa.selenium.SessionNotCreatedException: Could not start a new session. Response code 500. Message: session not created: Chrome instance exited. Examine ChromeDriver verbose log to determine the cause. 
Host info: host: 'localhost', ip: '127.0.0.1'
Build info: version: '4.20.0', revision: '866c76ca80'
System info: os.name: 'Linux', os.arch: 'amd64', os.version: '6.9.12', java.version: '17.0.19'
Driver info: org.openqa.selenium.chrome.ChromeDriver
Command: [null, newSession {capabilities=[Capabilities {browserName: chrome, goog:chromeOptions: {args: [], extensions: []}}]}]
	at org.openqa.selenium.remote.ProtocolHandshake.createSession(ProtocolHandshake.java:114)
	at org.openqa.selenium.remote.ProtocolHandshake.createSession(ProtocolHandshake.java:75)
	at org.openqa.selenium.remote.ProtocolHandshake.createSession(ProtocolHandshake.java:61)
	at org.openqa.selenium.remote.HttpCommandExecutor.execute(HttpCommandExecutor.java:162)
	at org.openqa.selenium.remote.service.DriverCommandExecutor.invokeExecute(DriverCommandExecutor.java:216)
	at org.openqa.selenium.remote.service.DriverCommandExecutor.execute(DriverCommandExecutor.java:174)
	at org.openqa.selenium.remote.RemoteWebDriver.execute(RemoteWebDriver.java:518)
	at org.openqa.selenium.remote.RemoteWebDriver.startSession(RemoteWebDriver.java:232)
	at org.openqa.selenium.remote.RemoteWebDriver.<init>(RemoteWebDriver.java:161)
	at org.openqa.selenium.chromium.ChromiumDriver.<init>(ChromiumDriver.java:114)
	at org.openqa.selenium.chrome.ChromeDriver.<init>(ChromeDriver.java:88)
	at org.openqa.selenium.chrome.ChromeDriver.<init>(ChromeDriver.java:83)
	at org.openqa.selenium.chrome.ChromeDriver.<init>(ChromeDriver.java:51)
	at utils.DriverManager.getDriver(DriverManager.java:14)
	at stepdefinitions.Hooks.setUp(Hooks.java:12)

  Given user has items in cart                # stepdefinitions.CheckoutSteps.userHasItemsInCart()
  When user opens checkout page               # stepdefinitions.CheckoutSteps.userOpensCheckoutPage()
  And clicks cancel button                    # stepdefinitions.CheckoutSteps.clicksCancelButton()
  Then user should be redirected to cart page # stepdefinitions.CheckoutSteps.userShouldBeRedirectedToCartPage()

Scenario: Verify products are displayed on home page # src/test/resources/features/home.feature:3
      org.openqa.selenium.SessionNotCreatedException: Could not start a new session. Response code 500. Message: session not created: Chrome instance exited. Examine ChromeDriver verbose log to determine the cause. 
Host info: host: 'localhost', ip: '127.0.0.1'
Build info: version: '4.20.0', revision: '866c76ca80'
System info: os.name: 'Linux', os.arch: 'amd64', os.version: '6.9.12', java.version: '17.0.19'
Driver info: org.openqa.selenium.chrome.ChromeDriver
Command: [null, newSession {capabilities=[Capabilities {browserName: chrome, goog:chromeOptions: {args: [], extensions: []}}]}]
	at org.openqa.selenium.remote.ProtocolHandshake.createSession(ProtocolHandshake.java:114)
	at org.openqa.selenium.remote.ProtocolHandshake.createSession(ProtocolHandshake.java:75)
	at org.openqa.selenium.remote.ProtocolHandshake.createSession(ProtocolHandshake.java:61)
	at org.openqa.selenium.remote.HttpCommandExecutor.execute(HttpCommandExecutor.java:162)
	at org.openqa.selenium.remote.service.DriverCommandExecutor.invokeExecute(DriverCommandExecutor.java:216)
	at org.openqa.selenium.remote.service.DriverCommandExecutor.execute(DriverCommandExecutor.java:174)
	at org.openqa.selenium.remote.RemoteWebDriver.execute(RemoteWebDriver.java:518)
	at org.openqa.selenium.remote.RemoteWebDriver.startSession(RemoteWebDriver.java:232)
	at org.openqa.selenium.remote.RemoteWebDriver.<init>(RemoteWebDriver.java:161)
	at org.openqa.selenium.chromium.ChromiumDriver.<init>(ChromiumDriver.java:114)
	at org.openqa.selenium.chrome.ChromeDriver.<init>(ChromeDriver.java:88)
	at org.openqa.selenium.chrome.ChromeDriver.<init>(ChromeDriver.java:83)
	at org.openqa.selenium.chrome.ChromeDriver.<init>(ChromeDriver.java:51)
	at utils.DriverManager.getDriver(DriverManager.java:14)
	at stepdefinitions.Hooks.setUp(Hooks.java:12)

  Given user is logged in                            # stepdefinitions.HomeSteps.userIsLoggedIn()
  When user lands on home page                       # stepdefinitions.HomeSteps.userLandsOnHomePage()
  Then product list should be visible                # stepdefinitions.HomeSteps.productListShouldBeVisible()

Scenario: Search product                           # src/test/resources/features/home.feature:8
      org.openqa.selenium.SessionNotCreatedException: Could not start a new session. Response code 500. Message: session not created: Chrome instance exited. Examine ChromeDriver verbose log to determine the cause. 
Host info: host: 'localhost', ip: '127.0.0.1'
Build info: version: '4.20.0', revision: '866c76ca80'
System info: os.name: 'Linux', os.arch: 'amd64', os.version: '6.9.12', java.version: '17.0.19'
Driver info: org.openqa.selenium.chrome.ChromeDriver
Command: [null, newSession {capabilities=[Capabilities {browserName: chrome, goog:chromeOptions: {args: [], extensions: []}}]}]
	at org.openqa.selenium.remote.ProtocolHandshake.createSession(ProtocolHandshake.java:114)
	at org.openqa.selenium.remote.ProtocolHandshake.createSession(ProtocolHandshake.java:75)
	at org.openqa.selenium.remote.ProtocolHandshake.createSession(ProtocolHandshake.java:61)
	at org.openqa.selenium.remote.HttpCommandExecutor.execute(HttpCommandExecutor.java:162)
	at org.openqa.selenium.remote.service.DriverCommandExecutor.invokeExecute(DriverCommandExecutor.java:216)
	at org.openqa.selenium.remote.service.DriverCommandExecutor.execute(DriverCommandExecutor.java:174)
	at org.openqa.selenium.remote.RemoteWebDriver.execute(RemoteWebDriver.java:518)
	at org.openqa.selenium.remote.RemoteWebDriver.startSession(RemoteWebDriver.java:232)
	at org.openqa.selenium.remote.RemoteWebDriver.<init>(RemoteWebDriver.java:161)
	at org.openqa.selenium.chromium.ChromiumDriver.<init>(ChromiumDriver.java:114)
	at org.openqa.selenium.chrome.ChromeDriver.<init>(ChromeDriver.java:88)
	at org.openqa.selenium.chrome.ChromeDriver.<init>(ChromeDriver.java:83)
	at org.openqa.selenium.chrome.ChromeDriver.<init>(ChromeDriver.java:51)
	at utils.DriverManager.getDriver(DriverManager.java:14)
	at stepdefinitions.Hooks.setUp(Hooks.java:12)

  Given user is on home page                       # stepdefinitions.HomeSteps.userIsOnHomePage()
  When user searches for "iPhone"                  # stepdefinitions.HomeSteps.userSearchesFor(java.lang.String)
  Then relevant search results should be displayed # stepdefinitions.HomeSteps.relevantSearchResultsShouldBeDisplayed()

Scenario: Add product to cart from home page # src/test/resources/features/home.feature:13
      org.openqa.selenium.SessionNotCreatedException: Could not start a new session. Response code 500. Message: session not created: Chrome instance exited. Examine ChromeDriver verbose log to determine the cause. 
Host info: host: 'localhost', ip: '127.0.0.1'
Build info: version: '4.20.0', revision: '866c76ca80'
System info: os.name: 'Linux', os.arch: 'amd64', os.version: '6.9.12', java.version: '17.0.19'
Driver info: org.openqa.selenium.chrome.ChromeDriver
Command: [null, newSession {capabilities=[Capabilities {browserName: chrome, goog:chromeOptions: {args: [], extensions: []}}]}]
	at org.openqa.selenium.remote.ProtocolHandshake.createSession(ProtocolHandshake.java:114)
	at org.openqa.selenium.remote.ProtocolHandshake.createSession(ProtocolHandshake.java:75)
	at org.openqa.selenium.remote.ProtocolHandshake.createSession(ProtocolHandshake.java:61)
	at org.openqa.selenium.remote.HttpCommandExecutor.execute(HttpCommandExecutor.java:162)
	at org.openqa.selenium.remote.service.DriverCommandExecutor.invokeExecute(DriverCommandExecutor.java:216)
	at org.openqa.selenium.remote.service.DriverCommandExecutor.execute(DriverCommandExecutor.java:174)
	at org.openqa.selenium.remote.RemoteWebDriver.execute(RemoteWebDriver.java:518)
	at org.openqa.selenium.remote.RemoteWebDriver.startSession(RemoteWebDriver.java:232)
	at org.openqa.selenium.remote.RemoteWebDriver.<init>(RemoteWebDriver.java:161)
	at org.openqa.selenium.chromium.ChromiumDriver.<init>(ChromiumDriver.java:114)
	at org.openqa.selenium.chrome.ChromeDriver.<init>(ChromeDriver.java:88)
	at org.openqa.selenium.chrome.ChromeDriver.<init>(ChromeDriver.java:83)
	at org.openqa.selenium.chrome.ChromeDriver.<init>(ChromeDriver.java:51)
	at utils.DriverManager.getDriver(DriverManager.java:14)
	at stepdefinitions.Hooks.setUp(Hooks.java:12)

  Given user is on home page                 # stepdefinitions.HomeSteps.userIsOnHomePage()
  When user adds first product to cart       # stepdefinitions.HomeSteps.userAddsFirstProductToCart()
  Then product should be added successfully  # stepdefinitions.HomeSteps.productShouldBeAddedSuccessfully()

Scenario: Valid login                 # src/test/resources/features/login.feature:4
      org.openqa.selenium.SessionNotCreatedException: Could not start a new session. Response code 500. Message: session not created: Chrome instance exited. Examine ChromeDriver verbose log to determine the cause. 
Host info: host: 'localhost', ip: '127.0.0.1'
Build info: version: '4.20.0', revision: '866c76ca80'
System info: os.name: 'Linux', os.arch: 'amd64', os.version: '6.9.12', java.version: '17.0.19'
Driver info: org.openqa.selenium.chrome.ChromeDriver
Command: [null, newSession {capabilities=[Capabilities {browserName: chrome, goog:chromeOptions: {args: [], extensions: []}}]}]
	at org.openqa.selenium.remote.ProtocolHandshake.createSession(ProtocolHandshake.java:114)
	at org.openqa.selenium.remote.ProtocolHandshake.createSession(ProtocolHandshake.java:75)
	at org.openqa.selenium.remote.ProtocolHandshake.createSession(ProtocolHandshake.java:61)
	at org.openqa.selenium.remote.HttpCommandExecutor.execute(HttpCommandExecutor.java:162)
	at org.openqa.selenium.remote.service.DriverCommandExecutor.invokeExecute(DriverCommandExecutor.java:216)
	at org.openqa.selenium.remote.service.DriverCommandExecutor.execute(DriverCommandExecutor.java:174)
	at org.openqa.selenium.remote.RemoteWebDriver.execute(RemoteWebDriver.java:518)
	at org.openqa.selenium.remote.RemoteWebDriver.startSession(RemoteWebDriver.java:232)
	at org.openqa.selenium.remote.RemoteWebDriver.<init>(RemoteWebDriver.java:161)
	at org.openqa.selenium.chromium.ChromiumDriver.<init>(ChromiumDriver.java:114)
	at org.openqa.selenium.chrome.ChromeDriver.<init>(ChromeDriver.java:88)
	at org.openqa.selenium.chrome.ChromeDriver.<init>(ChromeDriver.java:83)
	at org.openqa.selenium.chrome.ChromeDriver.<init>(ChromeDriver.java:51)
	at utils.DriverManager.getDriver(DriverManager.java:14)
	at stepdefinitions.Hooks.setUp(Hooks.java:12)

  Given user is on login page         # stepdefinitions.LoginSteps.openLogin()
  When user logs in                   # stepdefinitions.LoginSteps.loginUser()
  Then user should login successfully # stepdefinitions.LoginSteps.verify()
[ERROR] Tests run: 7, Failures: 7, Errors: 0, Skipped: 0, Time elapsed: 4.953 s <<< FAILURE! -- in TestSuite
[ERROR] runners.TestRunner.runScenario["Successful checkout with valid details", "Checkout Process"](1) -- Time elapsed: 3.002 s <<< FAILURE!
org.openqa.selenium.SessionNotCreatedException: 
Could not start a new session. Response code 500. Message: session not created: Chrome instance exited. Examine ChromeDriver verbose log to determine the cause. 
Host info: host: 'localhost', ip: '127.0.0.1'
Build info: version: '4.20.0', revision: '866c76ca80'
System info: os.name: 'Linux', os.arch: 'amd64', os.version: '6.9.12', java.version: '17.0.19'
Driver info: org.openqa.selenium.chrome.ChromeDriver
Command: [null, newSession {capabilities=[Capabilities {browserName: chrome, goog:chromeOptions: {args: [], extensions: []}}]}]
	at org.openqa.selenium.remote.ProtocolHandshake.createSession(ProtocolHandshake.java:114)
	at org.openqa.selenium.remote.ProtocolHandshake.createSession(ProtocolHandshake.java:75)
	at org.openqa.selenium.remote.ProtocolHandshake.createSession(ProtocolHandshake.java:61)
	at org.openqa.selenium.remote.HttpCommandExecutor.execute(HttpCommandExecutor.java:162)
	at org.openqa.selenium.remote.service.DriverCommandExecutor.invokeExecute(DriverCommandExecutor.java:216)
	at org.openqa.selenium.remote.service.DriverCommandExecutor.execute(DriverCommandExecutor.java:174)
	at org.openqa.selenium.remote.RemoteWebDriver.execute(RemoteWebDriver.java:518)
	at org.openqa.selenium.remote.RemoteWebDriver.startSession(RemoteWebDriver.java:232)
	at org.openqa.selenium.remote.RemoteWebDriver.<init>(RemoteWebDriver.java:161)
	at org.openqa.selenium.chromium.ChromiumDriver.<init>(ChromiumDriver.java:114)
	at org.openqa.selenium.chrome.ChromeDriver.<init>(ChromeDriver.java:88)
	at org.openqa.selenium.chrome.ChromeDriver.<init>(ChromeDriver.java:83)
	at org.openqa.selenium.chrome.ChromeDriver.<init>(ChromeDriver.java:51)
	at utils.DriverManager.getDriver(DriverManager.java:14)
	at stepdefinitions.Hooks.setUp(Hooks.java:12)

[ERROR] runners.TestRunner.runScenario["Checkout without shipping details", "Checkout Process"](2) -- Time elapsed: 0.246 s <<< FAILURE!
org.openqa.selenium.SessionNotCreatedException: 
Could not start a new session. Response code 500. Message: session not created: Chrome instance exited. Examine ChromeDriver verbose log to determine the cause. 
Host info: host: 'localhost', ip: '127.0.0.1'
Build info: version: '4.20.0', revision: '866c76ca80'
System info: os.name: 'Linux', os.arch: 'amd64', os.version: '6.9.12', java.version: '17.0.19'
Driver info: org.openqa.selenium.chrome.ChromeDriver
Command: [null, newSession {capabilities=[Capabilities {browserName: chrome, goog:chromeOptions: {args: [], extensions: []}}]}]
	at org.openqa.selenium.remote.ProtocolHandshake.createSession(ProtocolHandshake.java:114)
	at org.openqa.selenium.remote.ProtocolHandshake.createSession(ProtocolHandshake.java:75)
	at org.openqa.selenium.remote.ProtocolHandshake.createSession(ProtocolHandshake.java:61)
	at org.openqa.selenium.remote.HttpCommandExecutor.execute(HttpCommandExecutor.java:162)
	at org.openqa.selenium.remote.service.DriverCommandExecutor.invokeExecute(DriverCommandExecutor.java:216)
	at org.openqa.selenium.remote.service.DriverCommandExecutor.execute(DriverCommandExecutor.java:174)
	at org.openqa.selenium.remote.RemoteWebDriver.execute(RemoteWebDriver.java:518)
	at org.openqa.selenium.remote.RemoteWebDriver.startSession(RemoteWebDriver.java:232)
	at org.openqa.selenium.remote.RemoteWebDriver.<init>(RemoteWebDriver.java:161)
	at org.openqa.selenium.chromium.ChromiumDriver.<init>(ChromiumDriver.java:114)
	at org.openqa.selenium.chrome.ChromeDriver.<init>(ChromeDriver.java:88)
	at org.openqa.selenium.chrome.ChromeDriver.<init>(ChromeDriver.java:83)
	at org.openqa.selenium.chrome.ChromeDriver.<init>(ChromeDriver.java:51)
	at utils.DriverManager.getDriver(DriverManager.java:14)
	at stepdefinitions.Hooks.setUp(Hooks.java:12)

[ERROR] runners.TestRunner.runScenario["Cancel checkout process", "Checkout Process"](3) -- Time elapsed: 0.165 s <<< FAILURE!
org.openqa.selenium.SessionNotCreatedException: 
Could not start a new session. Response code 500. Message: session not created: Chrome instance exited. Examine ChromeDriver verbose log to determine the cause. 
Host info: host: 'localhost', ip: '127.0.0.1'
Build info: version: '4.20.0', revision: '866c76ca80'
System info: os.name: 'Linux', os.arch: 'amd64', os.version: '6.9.12', java.version: '17.0.19'
Driver info: org.openqa.selenium.chrome.ChromeDriver
Command: [null, newSession {capabilities=[Capabilities {browserName: chrome, goog:chromeOptions: {args: [], extensions: []}}]}]
	at org.openqa.selenium.remote.ProtocolHandshake.createSession(ProtocolHandshake.java:114)
	at org.openqa.selenium.remote.ProtocolHandshake.createSession(ProtocolHandshake.java:75)
	at org.openqa.selenium.remote.ProtocolHandshake.createSession(ProtocolHandshake.java:61)
	at org.openqa.selenium.remote.HttpCommandExecutor.execute(HttpCommandExecutor.java:162)
	at org.openqa.selenium.remote.service.DriverCommandExecutor.invokeExecute(DriverCommandExecutor.java:216)
	at org.openqa.selenium.remote.service.DriverCommandExecutor.execute(DriverCommandExecutor.java:174)
	at org.openqa.selenium.remote.RemoteWebDriver.execute(RemoteWebDriver.java:518)
	at org.openqa.selenium.remote.RemoteWebDriver.startSession(RemoteWebDriver.java:232)
	at org.openqa.selenium.remote.RemoteWebDriver.<init>(RemoteWebDriver.java:161)
	at org.openqa.selenium.chromium.ChromiumDriver.<init>(ChromiumDriver.java:114)
	at org.openqa.selenium.chrome.ChromeDriver.<init>(ChromeDriver.java:88)
	at org.openqa.selenium.chrome.ChromeDriver.<init>(ChromeDriver.java:83)
	at org.openqa.selenium.chrome.ChromeDriver.<init>(ChromeDriver.java:51)
	at utils.DriverManager.getDriver(DriverManager.java:14)
	at stepdefinitions.Hooks.setUp(Hooks.java:12)

[ERROR] runners.TestRunner.runScenario["Verify products are displayed on home page", "Home Page Functionality"](4) -- Time elapsed: 0.173 s <<< FAILURE!
org.openqa.selenium.SessionNotCreatedException: 
Could not start a new session. Response code 500. Message: session not created: Chrome instance exited. Examine ChromeDriver verbose log to determine the cause. 
Host info: host: 'localhost', ip: '127.0.0.1'
Build info: version: '4.20.0', revision: '866c76ca80'
System info: os.name: 'Linux', os.arch: 'amd64', os.version: '6.9.12', java.version: '17.0.19'
Driver info: org.openqa.selenium.chrome.ChromeDriver
Command: [null, newSession {capabilities=[Capabilities {browserName: chrome, goog:chromeOptions: {args: [], extensions: []}}]}]
	at org.openqa.selenium.remote.ProtocolHandshake.createSession(ProtocolHandshake.java:114)
	at org.openqa.selenium.remote.ProtocolHandshake.createSession(ProtocolHandshake.java:75)
	at org.openqa.selenium.remote.ProtocolHandshake.createSession(ProtocolHandshake.java:61)
	at org.openqa.selenium.remote.HttpCommandExecutor.execute(HttpCommandExecutor.java:162)
	at org.openqa.selenium.remote.service.DriverCommandExecutor.invokeExecute(DriverCommandExecutor.java:216)
	at org.openqa.selenium.remote.service.DriverCommandExecutor.execute(DriverCommandExecutor.java:174)
	at org.openqa.selenium.remote.RemoteWebDriver.execute(RemoteWebDriver.java:518)
	at org.openqa.selenium.remote.RemoteWebDriver.startSession(RemoteWebDriver.java:232)
	at org.openqa.selenium.remote.RemoteWebDriver.<init>(RemoteWebDriver.java:161)
	at org.openqa.selenium.chromium.ChromiumDriver.<init>(ChromiumDriver.java:114)
	at org.openqa.selenium.chrome.ChromeDriver.<init>(ChromeDriver.java:88)
	at org.openqa.selenium.chrome.ChromeDriver.<init>(ChromeDriver.java:83)
	at org.openqa.selenium.chrome.ChromeDriver.<init>(ChromeDriver.java:51)
	at utils.DriverManager.getDriver(DriverManager.java:14)
	at stepdefinitions.Hooks.setUp(Hooks.java:12)

[ERROR] runners.TestRunner.runScenario["Search product", "Home Page Functionality"](5) -- Time elapsed: 0.171 s <<< FAILURE!
org.openqa.selenium.SessionNotCreatedException: 
Could not start a new session. Response code 500. Message: session not created: Chrome instance exited. Examine ChromeDriver verbose log to determine the cause. 
Host info: host: 'localhost', ip: '127.0.0.1'
Build info: version: '4.20.0', revision: '866c76ca80'
System info: os.name: 'Linux', os.arch: 'amd64', os.version: '6.9.12', java.version: '17.0.19'
Driver info: org.openqa.selenium.chrome.ChromeDriver
Command: [null, newSession {capabilities=[Capabilities {browserName: chrome, goog:chromeOptions: {args: [], extensions: []}}]}]
	at org.openqa.selenium.remote.ProtocolHandshake.createSession(ProtocolHandshake.java:114)
	at org.openqa.selenium.remote.ProtocolHandshake.createSession(ProtocolHandshake.java:75)
	at org.openqa.selenium.remote.ProtocolHandshake.createSession(ProtocolHandshake.java:61)
	at org.openqa.selenium.remote.HttpCommandExecutor.execute(HttpCommandExecutor.java:162)
	at org.openqa.selenium.remote.service.DriverCommandExecutor.invokeExecute(DriverCommandExecutor.java:216)
	at org.openqa.selenium.remote.service.DriverCommandExecutor.execute(DriverCommandExecutor.java:174)
	at org.openqa.selenium.remote.RemoteWebDriver.execute(RemoteWebDriver.java:518)
	at org.openqa.selenium.remote.RemoteWebDriver.startSession(RemoteWebDriver.java:232)
	at org.openqa.selenium.remote.RemoteWebDriver.<init>(RemoteWebDriver.java:161)
	at org.openqa.selenium.chromium.ChromiumDriver.<init>(ChromiumDriver.java:114)
	at org.openqa.selenium.chrome.ChromeDriver.<init>(ChromeDriver.java:88)
	at org.openqa.selenium.chrome.ChromeDriver.<init>(ChromeDriver.java:83)
	at org.openqa.selenium.chrome.ChromeDriver.<init>(ChromeDriver.java:51)
	at utils.DriverManager.getDriver(DriverManager.java:14)
	at stepdefinitions.Hooks.setUp(Hooks.java:12)

[ERROR] runners.TestRunner.runScenario["Add product to cart from home page", "Home Page Functionality"](6) -- Time elapsed: 0.158 s <<< FAILURE!
org.openqa.selenium.SessionNotCreatedException: 
Could not start a new session. Response code 500. Message: session not created: Chrome instance exited. Examine ChromeDriver verbose log to determine the cause. 
Host info: host: 'localhost', ip: '127.0.0.1'
Build info: version: '4.20.0', revision: '866c76ca80'
System info: os.name: 'Linux', os.arch: 'amd64', os.version: '6.9.12', java.version: '17.0.19'
Driver info: org.openqa.selenium.chrome.ChromeDriver
Command: [null, newSession {capabilities=[Capabilities {browserName: chrome, goog:chromeOptions: {args: [], extensions: []}}]}]
	at org.openqa.selenium.remote.ProtocolHandshake.createSession(ProtocolHandshake.java:114)
	at org.openqa.selenium.remote.ProtocolHandshake.createSession(ProtocolHandshake.java:75)
	at org.openqa.selenium.remote.ProtocolHandshake.createSession(ProtocolHandshake.java:61)
	at org.openqa.selenium.remote.HttpCommandExecutor.execute(HttpCommandExecutor.java:162)
	at org.openqa.selenium.remote.service.DriverCommandExecutor.invokeExecute(DriverCommandExecutor.java:216)
	at org.openqa.selenium.remote.service.DriverCommandExecutor.execute(DriverCommandExecutor.java:174)
	at org.openqa.selenium.remote.RemoteWebDriver.execute(RemoteWebDriver.java:518)
	at org.openqa.selenium.remote.RemoteWebDriver.startSession(RemoteWebDriver.java:232)
	at org.openqa.selenium.remote.RemoteWebDriver.<init>(RemoteWebDriver.java:161)
	at org.openqa.selenium.chromium.ChromiumDriver.<init>(ChromiumDriver.java:114)
	at org.openqa.selenium.chrome.ChromeDriver.<init>(ChromeDriver.java:88)
	at org.openqa.selenium.chrome.ChromeDriver.<init>(ChromeDriver.java:83)
	at org.openqa.selenium.chrome.ChromeDriver.<init>(ChromeDriver.java:51)
	at utils.DriverManager.getDriver(DriverManager.java:14)
	at stepdefinitions.Hooks.setUp(Hooks.java:12)

[ERROR] runners.TestRunner.runScenario["Valid login", "Login"](7) -- Time elapsed: 0.157 s <<< FAILURE!
org.openqa.selenium.SessionNotCreatedException: 
Could not start a new session. Response code 500. Message: session not created: Chrome instance exited. Examine ChromeDriver verbose log to determine the cause. 
Host info: host: 'localhost', ip: '127.0.0.1'
Build info: version: '4.20.0', revision: '866c76ca80'
System info: os.name: 'Linux', os.arch: 'amd64', os.version: '6.9.12', java.version: '17.0.19'
Driver info: org.openqa.selenium.chrome.ChromeDriver
Command: [null, newSession {capabilities=[Capabilities {browserName: chrome, goog:chromeOptions: {args: [], extensions: []}}]}]
	at org.openqa.selenium.remote.ProtocolHandshake.createSession(ProtocolHandshake.java:114)
	at org.openqa.selenium.remote.ProtocolHandshake.createSession(ProtocolHandshake.java:75)
	at org.openqa.selenium.remote.ProtocolHandshake.createSession(ProtocolHandshake.java:61)
	at org.openqa.selenium.remote.HttpCommandExecutor.execute(HttpCommandExecutor.java:162)
	at org.openqa.selenium.remote.service.DriverCommandExecutor.invokeExecute(DriverCommandExecutor.java:216)
	at org.openqa.selenium.remote.service.DriverCommandExecutor.execute(DriverCommandExecutor.java:174)
	at org.openqa.selenium.remote.RemoteWebDriver.execute(RemoteWebDriver.java:518)
	at org.openqa.selenium.remote.RemoteWebDriver.startSession(RemoteWebDriver.java:232)
	at org.openqa.selenium.remote.RemoteWebDriver.<init>(RemoteWebDriver.java:161)
	at org.openqa.selenium.chromium.ChromiumDriver.<init>(ChromiumDriver.java:114)
	at org.openqa.selenium.chrome.ChromeDriver.<init>(ChromeDriver.java:88)
	at org.openqa.selenium.chrome.ChromeDriver.<init>(ChromeDriver.java:83)
	at org.openqa.selenium.chrome.ChromeDriver.<init>(ChromeDriver.java:51)
	at utils.DriverManager.getDriver(DriverManager.java:14)
	at stepdefinitions.Hooks.setUp(Hooks.java:12)

[INFO] 
[INFO] Results:
[INFO] 
[ERROR] Failures: 
[ERROR]   TestRunner.runScenario » SessionNotCreated Could not start a new session. Response code 500. Message: session not created: Chrome instance exited. Examine ChromeDriver verbose log to determine the cause. 
Host info: host: 'localhost', ip: '127.0.0.1'
Build info: version: '4.20.0', revision: '866c76ca80'
System info: os.name: 'Linux', os.arch: 'amd64', os.version: '6.9.12', java.version: '17.0.19'
Driver info: org.openqa.selenium.chrome.ChromeDriver
Command: [null, newSession {capabilities=[Capabilities {browserName: chrome, goog:chromeOptions: {args: [], extensions: []}}]}]
[ERROR]   TestRunner.runScenario » SessionNotCreated Could not start a new session. Response code 500. Message: session not created: Chrome instance exited. Examine ChromeDriver verbose log to determine the cause. 
Host info: host: 'localhost', ip: '127.0.0.1'
Build info: version: '4.20.0', revision: '866c76ca80'
System info: os.name: 'Linux', os.arch: 'amd64', os.version: '6.9.12', java.version: '17.0.19'
Driver info: org.openqa.selenium.chrome.ChromeDriver
Command: [null, newSession {capabilities=[Capabilities {browserName: chrome, goog:chromeOptions: {args: [], extensions: []}}]}]
[ERROR]   TestRunner.runScenario » SessionNotCreated Could not start a new session. Response code 500. Message: session not created: Chrome instance exited. Examine ChromeDriver verbose log to determine the cause. 
Host info: host: 'localhost', ip: '127.0.0.1'
Build info: version: '4.20.0', revision: '866c76ca80'
System info: os.name: 'Linux', os.arch: 'amd64', os.version: '6.9.12', java.version: '17.0.19'
Driver info: org.openqa.selenium.chrome.ChromeDriver
Command: [null, newSession {capabilities=[Capabilities {browserName: chrome, goog:chromeOptions: {args: [], extensions: []}}]}]
[ERROR]   TestRunner.runScenario » SessionNotCreated Could not start a new session. Response code 500. Message: session not created: Chrome instance exited. Examine ChromeDriver verbose log to determine the cause. 
Host info: host: 'localhost', ip: '127.0.0.1'
Build info: version: '4.20.0', revision: '866c76ca80'
System info: os.name: 'Linux', os.arch: 'amd64', os.version: '6.9.12', java.version: '17.0.19'
Driver info: org.openqa.selenium.chrome.ChromeDriver
Command: [null, newSession {capabilities=[Capabilities {browserName: chrome, goog:chromeOptions: {args: [], extensions: []}}]}]
[ERROR]   TestRunner.runScenario » SessionNotCreated Could not start a new session. Response code 500. Message: session not created: Chrome instance exited. Examine ChromeDriver verbose log to determine the cause. 
Host info: host: 'localhost', ip: '127.0.0.1'
Build info: version: '4.20.0', revision: '866c76ca80'
System info: os.name: 'Linux', os.arch: 'amd64', os.version: '6.9.12', java.version: '17.0.19'
Driver info: org.openqa.selenium.chrome.ChromeDriver
Command: [null, newSession {capabilities=[Capabilities {browserName: chrome, goog:chromeOptions: {args: [], extensions: []}}]}]
[ERROR]   TestRunner.runScenario » SessionNotCreated Could not start a new session. Response code 500. Message: session not created: Chrome instance exited. Examine ChromeDriver verbose log to determine the cause. 
Host info: host: 'localhost', ip: '127.0.0.1'
Build info: version: '4.20.0', revision: '866c76ca80'
System info: os.name: 'Linux', os.arch: 'amd64', os.version: '6.9.12', java.version: '17.0.19'
Driver info: org.openqa.selenium.chrome.ChromeDriver
Command: [null, newSession {capabilities=[Capabilities {browserName: chrome, goog:chromeOptions: {args: [], extensions: []}}]}]
[ERROR]   TestRunner.runScenario » SessionNotCreated Could not start a new session. Response code 500. Message: session not created: Chrome instance exited. Examine ChromeDriver verbose log to determine the cause. 
Host info: host: 'localhost', ip: '127.0.0.1'
Build info: version: '4.20.0', revision: '866c76ca80'
System info: os.name: 'Linux', os.arch: 'amd64', os.version: '6.9.12', java.version: '17.0.19'
Driver info: org.openqa.selenium.chrome.ChromeDriver
Command: [null, newSession {capabilities=[Capabilities {browserName: chrome, goog:chromeOptions: {args: [], extensions: []}}]}]
[INFO] 
[ERROR] Tests run: 7, Failures: 7, Errors: 0, Skipped: 0
[INFO] 
[INFO] ------------------------------------------------------------------------
[INFO] BUILD FAILURE
[INFO] ------------------------------------------------------------------------
[INFO] Total time:  21.931 s
[INFO] Finished at: 2026-07-30T01:12:37Z
[INFO] ------------------------------------------------------------------------
[ERROR] Failed to execute goal org.apache.maven.plugins:maven-surefire-plugin:3.2.5:test (default-test) on project selenium-cucumber: There are test failures.
[ERROR] 
[ERROR] Please refer to /tmp/qbric-codegen/exec-65de10708d374e369acddcc0f93d9f0d-heal/target/surefire-reports for the individual test results.
[ERROR] Please refer to dump files (if any exist) [date].dump, [date]-jvmRun[N].dump and [date].dumpstream.
[ERROR] -> [Help 1]
[ERROR] 
[ERROR] To see the full stack trace of the errors, re-run Maven with the -e switch.
[ERROR] Re-run Maven using the -X switch to enable full debug logging.
[ERROR] 
[ERROR] For more information about the errors and possible solutions, please read the following articles:
[ERROR] [Help 1] http://cwiki.apache.org/confluence/display/MAVEN/MojoFailureException
